[2025-04-11T12:28:08.809Z] [INFO] Server running on port 5000 {
  "port": "5000",
  "env": "development",
  "mongoUri": "Connected",
  "jwtSecret": "Set"
}
[2025-04-11T12:28:09.442Z] [INFO] MongoDB Connected {
  "uri": "cluster0.e3xhfkv.mongodb.net/?retryWrites=true&w=majority&appName=Cluster0"
}
[2025-04-11T12:29:52.933Z] [INFO] Server running on port 5000 {
  "port": "5000",
  "env": "development",
  "mongoUri": "Connected",
  "jwtSecret": "Set"
}
[2025-04-11T12:29:53.530Z] [INFO] MongoDB Connected {
  "uri": "cluster0.e3xhfkv.mongodb.net/?retryWrites=true&w=majority&appName=Cluster0"
}
[2025-04-11T12:32:06.962Z] [INFO] Server running on port 3000 {
  "port": "3000",
  "env": "development",
  "mongoUri": "Connected",
  "jwtSecret": "Set"
}
[2025-04-11T12:32:07.586Z] [INFO] MongoDB Connected {
  "uri": "cluster0.e3xhfkv.mongodb.net/?retryWrites=true&w=majority&appName=Cluster0"
}
[2025-04-11T12:32:16.435Z] [DEBUG] [testing] Incoming request: POST /api/auth/register {
  "headers": {
    "accept": "*/*",
    "accept-encoding": "gzip, deflate, br",
    "content-length": "72",
    "content-type": "application/json",
    "user-agent": "node-fetch",
    "host": "localhost:3000",
    "connection": "keep-alive"
  },
  "body": {
    "name": "Test User",
    "email": "test@example.com",
    "password": "password123"
  },
  "query": {},
  "params": {}
}
[2025-04-11T12:32:16.435Z] [DEBUG] [testing] Request body {
  "url": "/api/auth/register",
  "method": "POST",
  "body": {
    "name": "Test User",
    "email": "test@example.com",
    "password": "password123"
  }
}
[2025-04-11T12:32:16.435Z] [DEBUG] Register request received {
  "body": {
    "name": "Test User",
    "email": "test@example.com",
    "password": "[REDACTED]"
  }
}
[2025-04-11T12:32:16.483Z] [INFO] Creating new user {
  "email": "test@example.com",
  "name": "Test User"
}
[2025-04-11T12:32:16.620Z] [INFO] User registered successfully {
  "userId": "67f90bd00b84493ea94a183f"
}
[2025-04-11T12:32:16.622Z] [INFO] POST /api/auth/register 201 - 192ms {
  "method": "POST",
  "url": "/api/auth/register",
  "status": 201,
  "duration": 192,
  "ip": "::1",
  "userAgent": "node-fetch"
}
[2025-04-11T12:34:03.331Z] [DEBUG] [testing] Request body {
  "url": "/api/auth/register",
  "method": "POST",
  "body": {
    "name": "Narendra Maurya",
    "email": "test@example.com",
    "password": "password123"
  }
}
[2025-04-11T12:34:03.330Z] [DEBUG] [testing] Incoming request: POST /api/auth/register {
  "headers": {
    "content-type": "application/json",
    "user-agent": "PostmanRuntime/7.43.3",
    "accept": "*/*",
    "postman-token": "66a24e64-64a8-4080-9893-95c64eb3fa9b",
    "host": "localhost:3000",
    "accept-encoding": "gzip, deflate, br",
    "connection": "keep-alive",
    "content-length": "91"
  },
  "body": {
    "name": "Narendra Maurya",
    "email": "test@example.com",
    "password": "password123"
  },
  "query": {},
  "params": {}
}
[2025-04-11T12:34:03.331Z] [DEBUG] Register request received {
  "body": {
    "name": "Narendra Maurya",
    "email": "test@example.com",
    "password": "[REDACTED]"
  }
}
[2025-04-11T12:34:32.415Z] [DEBUG] [testing] Incoming request: POST /api/auth/register {
  "headers": {
    "content-type": "application/json",
    "user-agent": "PostmanRuntime/7.43.3",
    "accept": "*/*",
    "postman-token": "28103d8b-fa63-4596-a203-d0696d22d82d",
    "host": "localhost:3000",
    "accept-encoding": "gzip, deflate, br",
    "connection": "keep-alive",
    "content-length": "84"
  },
  "body": {
    "name": "Sidharth Belwal",
    "email": "sid@gmail.com",
    "password": "pass123"
  },
  "query": {},
  "params": {}
}
[2025-04-11T12:34:32.415Z] [DEBUG] [testing] Request body {
  "url": "/api/auth/register",
  "method": "POST",
  "body": {
    "name": "Sidharth Belwal",
    "email": "sid@gmail.com",
    "password": "pass123"
  }
}
[2025-04-11T12:34:32.415Z] [DEBUG] Register request received {
  "body": {
    "name": "Sidharth Belwal",
    "email": "sid@gmail.com",
    "password": "[REDACTED]"
  }
}
[2025-04-11T12:34:32.461Z] [INFO] Creating new user {
  "email": "sid@gmail.com",
  "name": "Sidharth Belwal"
}
[2025-04-11T12:34:32.620Z] [INFO] User registered successfully {
  "userId": "67f90c580b84493ea94a1843"
}
[2025-04-11T12:34:32.621Z] [INFO] POST /api/auth/register 201 - 207ms {
  "method": "POST",
  "url": "/api/auth/register",
  "status": 201,
  "duration": 207,
  "ip": "::1",
  "userAgent": "PostmanRuntime/7.43.3"
}
[2025-04-11T12:35:41.214Z] [DEBUG] [testing] Incoming request: POST /api/jobs {
  "headers": {
    "content-type": "application/json",
    "user-agent": "PostmanRuntime/7.43.3",
    "accept": "*/*",
    "postman-token": "2aa72851-e8c1-4886-a603-8c85c515880c",
    "host": "localhost:3000",
    "accept-encoding": "gzip, deflate, br",
    "connection": "keep-alive",
    "content-length": "138"
  },
  "body": {
    "position": "Frontend Developer",
    "company": "Infosys",
    "jobLocation": "Mysore",
    "status": "Pending",
    "jobType": "full-time"
  },
  "query": {},
  "params": {}
}
[2025-04-11T12:35:41.214Z] [DEBUG] [testing] Request body {
  "url": "/api/jobs",
  "method": "POST",
  "body": {
    "position": "Frontend Developer",
    "company": "Infosys",
    "jobLocation": "Mysore",
    "status": "Pending",
    "jobType": "full-time"
  }
}
[2025-04-11T12:35:41.216Z] [DEBUG] Checking authentication headers {
  "url": "/api/jobs",
  "headers": "No Authorization header"
}
[2025-04-11T12:35:55.248Z] [DEBUG] [testing] Incoming request: POST /api/jobs {
  "headers": {
    "content-type": "application/json",
    "authorization": "Bearer eyJhbGciOiJIUzI1NiIsInR5cCI6IkpXVCJ9.eyJ1c2VySWQiOiI2N2Y5MGM1ODBiODQ0OTNlYTk0YTE4NDMiLCJpYXQiOjE3NDQzNzQ4NzIsImV4cCI6MTc0Njk2Njg3Mn0.4yTt8iwmJ3etbToia61pDlJ_pdWTVAkJT5u8vffOviE",
    "user-agent": "PostmanRuntime/7.43.3",
    "accept": "*/*",
    "postman-token": "52f4b6be-812d-4f25-b433-2dac6dbb7d86",
    "host": "localhost:3000",
    "accept-encoding": "gzip, deflate, br",
    "connection": "keep-alive",
    "content-length": "138"
  },
  "body": {
    "position": "Frontend Developer",
    "company": "Infosys",
    "jobLocation": "Mysore",
    "status": "Pending",
    "jobType": "full-time"
  },
  "query": {},
  "params": {}
}
[2025-04-11T12:35:55.248Z] [DEBUG] [testing] Request body {
  "url": "/api/jobs",
  "method": "POST",
  "body": {
    "position": "Frontend Developer",
    "company": "Infosys",
    "jobLocation": "Mysore",
    "status": "Pending",
    "jobType": "full-time"
  }
}
[2025-04-11T12:35:55.248Z] [DEBUG] Checking authentication headers {
  "url": "/api/jobs",
  "headers": "Authorization header present"
}
[2025-04-11T12:35:55.249Z] [DEBUG] Token extracted from header {
  "url": "/api/jobs"
}
[2025-04-11T12:35:55.254Z] [DEBUG] Token verified successfully {
  "userId": "67f90c580b84493ea94a1843"
}
[2025-04-11T12:35:55.306Z] [DEBUG] User attached to request {
  "userId": "67f90c580b84493ea94a1843",
  "route": "/api/jobs"
}
[2025-04-11T12:36:42.438Z] [DEBUG] [testing] Request body {
  "url": "/api/jobs",
  "method": "POST",
  "body": {
    "position": "Frontend Developer",
    "company": "Infosys",
    "jobLocation": "Mysore",
    "status": "Pending",
    "jobType": "full-time"
  }
}
[2025-04-11T12:36:42.438Z] [DEBUG] [testing] Incoming request: POST /api/jobs {
  "headers": {
    "content-type": "application/json",
    "authorization": "Bearer eyJhbGciOiJIUzI1NiIsInR5cCI6IkpXVCJ9.eyJ1c2VySWQiOiI2N2Y5MGM1ODBiODQ0OTNlYTk0YTE4NDMiLCJpYXQiOjE3NDQzNzQ4NzIsImV4cCI6MTc0Njk2Njg3Mn0.4yTt8iwmJ3etbToia61pDlJ_pdWTVAkJT5u8vffOviE",
    "user-agent": "PostmanRuntime/7.43.3",
    "accept": "*/*",
    "postman-token": "9bb39e44-be87-420b-acea-4d5899676af7",
    "host": "localhost:3000",
    "accept-encoding": "gzip, deflate, br",
    "connection": "keep-alive",
    "content-length": "138"
  },
  "body": {
    "position": "Frontend Developer",
    "company": "Infosys",
    "jobLocation": "Mysore",
    "status": "Pending",
    "jobType": "full-time"
  },
  "query": {},
  "params": {}
}
[2025-04-11T12:36:42.438Z] [DEBUG] Token extracted from header {
  "url": "/api/jobs"
}
[2025-04-11T12:36:42.440Z] [DEBUG] Token verified successfully {
  "userId": "67f90c580b84493ea94a1843"
}
[2025-04-11T12:36:42.438Z] [DEBUG] Checking authentication headers {
  "url": "/api/jobs",
  "headers": "Authorization header present"
}
[2025-04-11T12:36:42.490Z] [DEBUG] User attached to request {
  "userId": "67f90c580b84493ea94a1843",
  "route": "/api/jobs"
}
[2025-04-11T12:36:53.363Z] [DEBUG] [testing] Incoming request: POST /api/jobs {
  "headers": {
    "content-type": "application/json",
    "authorization": "Bearer eyJhbGciOiJIUzI1NiIsInR5cCI6IkpXVCJ9.eyJ1c2VySWQiOiI2N2Y5MGM1ODBiODQ0OTNlYTk0YTE4NDMiLCJpYXQiOjE3NDQzNzQ4NzIsImV4cCI6MTc0Njk2Njg3Mn0.4yTt8iwmJ3etbToia61pDlJ_pdWTVAkJT5u8vffOviE",
    "user-agent": "PostmanRuntime/7.43.3",
    "accept": "*/*",
    "postman-token": "6ffee6bc-6eb3-4a0b-8a71-a0758607e3fc",
    "host": "localhost:3000",
    "accept-encoding": "gzip, deflate, br",
    "connection": "keep-alive",
    "content-length": "138"
  },
  "body": {
    "position": "Frontend Developer",
    "company": "Infosys",
    "jobLocation": "Mysore",
    "status": "pending",
    "jobType": "full-time"
  },
  "query": {},
  "params": {}
}
[2025-04-11T12:36:53.363Z] [DEBUG] [testing] Request body {
  "url": "/api/jobs",
  "method": "POST",
  "body": {
    "position": "Frontend Developer",
    "company": "Infosys",
    "jobLocation": "Mysore",
    "status": "pending",
    "jobType": "full-time"
  }
}
[2025-04-11T12:36:53.364Z] [DEBUG] Token extracted from header {
  "url": "/api/jobs"
}
[2025-04-11T12:36:53.365Z] [DEBUG] Token verified successfully {
  "userId": "67f90c580b84493ea94a1843"
}
[2025-04-11T12:36:53.363Z] [DEBUG] Checking authentication headers {
  "url": "/api/jobs",
  "headers": "Authorization header present"
}
[2025-04-11T12:36:53.413Z] [DEBUG] User attached to request {
  "userId": "67f90c580b84493ea94a1843",
  "route": "/api/jobs"
}
[2025-04-11T12:36:53.474Z] [INFO] POST /api/jobs 201 - 112ms {
  "method": "POST",
  "url": "/api/jobs",
  "status": 201,
  "duration": 112,
  "ip": "::1",
  "userAgent": "PostmanRuntime/7.43.3",
  "userId": "67f90c580b84493ea94a1843"
}
[2025-04-11T12:37:05.762Z] [DEBUG] [testing] Incoming request: GET /api/jobs {
  "headers": {
    "authorization": "Bearer eyJhbGciOiJIUzI1NiIsInR5cCI6IkpXVCJ9.eyJ1c2VySWQiOiI2N2Y5MGM1ODBiODQ0OTNlYTk0YTE4NDMiLCJpYXQiOjE3NDQzNzQ4NzIsImV4cCI6MTc0Njk2Njg3Mn0.4yTt8iwmJ3etbToia61pDlJ_pdWTVAkJT5u8vffOviE",
    "user-agent": "PostmanRuntime/7.43.3",
    "accept": "*/*",
    "postman-token": "0d6e62e6-b17a-42fe-8e06-8f56c3f398e3",
    "host": "localhost:3000",
    "accept-encoding": "gzip, deflate, br",
    "connection": "keep-alive"
  },
  "query": {},
  "params": {}
}
[2025-04-11T12:37:05.763Z] [DEBUG] Token extracted from header {
  "url": "/api/jobs"
}
[2025-04-11T12:37:05.764Z] [DEBUG] Token verified successfully {
  "userId": "67f90c580b84493ea94a1843"
}
[2025-04-11T12:37:05.762Z] [DEBUG] Checking authentication headers {
  "url": "/api/jobs",
  "headers": "Authorization header present"
}
[2025-04-11T12:37:05.813Z] [DEBUG] User attached to request {
  "userId": "67f90c580b84493ea94a1843",
  "route": "/api/jobs"
}
[2025-04-11T12:37:05.863Z] [INFO] GET /api/jobs 200 - 101ms {
  "method": "GET",
  "url": "/api/jobs",
  "status": 200,
  "duration": 101,
  "ip": "::1",
  "userAgent": "PostmanRuntime/7.43.3",
  "userId": "67f90c580b84493ea94a1843"
}
[2025-04-11T12:37:30.997Z] [DEBUG] [testing] Incoming request: PUT /api/jobs/67f90ce50b84493ea94a184a {
  "headers": {
    "content-type": "application/json",
    "authorization": "Bearer eyJhbGciOiJIUzI1NiIsInR5cCI6IkpXVCJ9.eyJ1c2VySWQiOiI2N2Y5MGM1ODBiODQ0OTNlYTk0YTE4NDMiLCJpYXQiOjE3NDQzNzQ4NzIsImV4cCI6MTc0Njk2Njg3Mn0.4yTt8iwmJ3etbToia61pDlJ_pdWTVAkJT5u8vffOviE",
    "user-agent": "PostmanRuntime/7.43.3",
    "accept": "*/*",
    "postman-token": "955fd573-425f-488d-8bed-835c88be8c3a",
    "host": "localhost:3000",
    "accept-encoding": "gzip, deflate, br",
    "connection": "keep-alive",
    "content-length": "70"
  },
  "body": {
    "position": "Senior Frontend Developer",
    "status": "interview"
  },
  "query": {},
  "params": {}
}
[2025-04-11T12:37:30.998Z] [DEBUG] Checking authentication headers {
  "url": "/api/jobs/67f90ce50b84493ea94a184a",
  "headers": "Authorization header present"
}
[2025-04-11T12:37:30.998Z] [DEBUG] Token extracted from header {
  "url": "/api/jobs/67f90ce50b84493ea94a184a"
}
[2025-04-11T12:37:30.997Z] [DEBUG] [testing] Request body {
  "url": "/api/jobs/67f90ce50b84493ea94a184a",
  "method": "PUT",
  "body": {
    "position": "Senior Frontend Developer",
    "status": "interview"
  }
}
[2025-04-11T12:37:31.000Z] [DEBUG] Token verified successfully {
  "userId": "67f90c580b84493ea94a1843"
}
[2025-04-11T12:37:31.055Z] [DEBUG] User attached to request {
  "userId": "67f90c580b84493ea94a1843",
  "route": "/api/jobs/67f90ce50b84493ea94a184a"
}
[2025-04-11T12:37:31.160Z] [INFO] PUT /api/jobs/67f90ce50b84493ea94a184a 200 - 165ms {
  "method": "PUT",
  "url": "/api/jobs/67f90ce50b84493ea94a184a",
  "status": 200,
  "duration": 165,
  "ip": "::1",
  "userAgent": "PostmanRuntime/7.43.3",
  "userId": "67f90c580b84493ea94a1843"
}
[2025-04-11T12:37:43.406Z] [DEBUG] [testing] Request body {
  "url": "/api/jobs/67f90ce50b84493ea94a184a",
  "method": "DELETE"
}
[2025-04-11T12:37:43.407Z] [DEBUG] Token extracted from header {
  "url": "/api/jobs/67f90ce50b84493ea94a184a"
}
[2025-04-11T12:37:43.407Z] [DEBUG] Checking authentication headers {
  "url": "/api/jobs/67f90ce50b84493ea94a184a",
  "headers": "Authorization header present"
}
[2025-04-11T12:37:43.408Z] [DEBUG] Token verified successfully {
  "userId": "67f90c580b84493ea94a1843"
}
[2025-04-11T12:37:43.406Z] [DEBUG] [testing] Incoming request: DELETE /api/jobs/67f90ce50b84493ea94a184a {
  "headers": {
    "authorization": "Bearer eyJhbGciOiJIUzI1NiIsInR5cCI6IkpXVCJ9.eyJ1c2VySWQiOiI2N2Y5MGM1ODBiODQ0OTNlYTk0YTE4NDMiLCJpYXQiOjE3NDQzNzQ4NzIsImV4cCI6MTc0Njk2Njg3Mn0.4yTt8iwmJ3etbToia61pDlJ_pdWTVAkJT5u8vffOviE",
    "user-agent": "PostmanRuntime/7.43.3",
    "accept": "*/*",
    "postman-token": "4ee69ab3-091d-4e73-8971-bc7f7a93b4dd",
    "host": "localhost:3000",
    "accept-encoding": "gzip, deflate, br",
    "connection": "keep-alive"
  },
  "query": {},
  "params": {}
}
[2025-04-11T12:37:43.454Z] [DEBUG] User attached to request {
  "userId": "67f90c580b84493ea94a1843",
  "route": "/api/jobs/67f90ce50b84493ea94a184a"
}
[2025-04-11T12:37:43.554Z] [INFO] DELETE /api/jobs/67f90ce50b84493ea94a184a 200 - 147ms {
  "method": "DELETE",
  "url": "/api/jobs/67f90ce50b84493ea94a184a",
  "status": 200,
  "duration": 147,
  "ip": "::1",
  "userAgent": "PostmanRuntime/7.43.3",
  "userId": "67f90c580b84493ea94a1843"
}
[2025-04-11T12:41:54.652Z] [DEBUG] [testing] Request body {
  "url": "/api/jobs",
  "method": "POST",
  "body": {
    "position": "Frontend Developer",
    "company": "Infosys",
    "jobLocation": "Mysore",
    "status": "pending",
    "jobType": "full-time"
  }
}
[2025-04-11T12:41:54.653Z] [DEBUG] Checking authentication headers {
  "url": "/api/jobs",
  "headers": "Authorization header present"
}
[2025-04-11T12:41:54.652Z] [DEBUG] [testing] Incoming request: POST /api/jobs {
  "headers": {
    "content-type": "application/json",
    "authorization": "Bearer eyJhbGciOiJIUzI1NiIsInR5cCI6IkpXVCJ9.eyJ1c2VySWQiOiI2N2Y5MGM1ODBiODQ0OTNlYTk0YTE4NDMiLCJpYXQiOjE3NDQzNzQ4NzIsImV4cCI6MTc0Njk2Njg3Mn0.4yTt8iwmJ3etbToia61pDlJ_pdWTVAkJT5u8vffOviE",
    "user-agent": "PostmanRuntime/7.43.3",
    "accept": "*/*",
    "postman-token": "fe412370-6691-46f6-9303-2883740a149b",
    "host": "localhost:3000",
    "accept-encoding": "gzip, deflate, br",
    "connection": "keep-alive",
    "content-length": "138"
  },
  "body": {
    "position": "Frontend Developer",
    "company": "Infosys",
    "jobLocation": "Mysore",
    "status": "pending",
    "jobType": "full-time"
  },
  "query": {},
  "params": {}
}
[2025-04-11T12:41:54.653Z] [DEBUG] Token extracted from header {
  "url": "/api/jobs"
}
[2025-04-11T12:41:54.655Z] [DEBUG] Token verified successfully {
  "userId": "67f90c580b84493ea94a1843"
}
[2025-04-11T12:41:54.698Z] [DEBUG] User attached to request {
  "userId": "67f90c580b84493ea94a1843",
  "route": "/api/jobs"
}
[2025-04-11T12:41:54.758Z] [INFO] POST /api/jobs 201 - 109ms {
  "method": "POST",
  "url": "/api/jobs",
  "status": 201,
  "duration": 109,
  "ip": "::1",
  "userAgent": "PostmanRuntime/7.43.3",
  "userId": "67f90c580b84493ea94a1843"
}
[2025-04-11T12:46:07.471Z] [DEBUG] [testing] Incoming request: GET /health {
  "headers": {
    "host": "localhost:3000",
    "connection": "keep-alive",
    "sec-ch-ua": "\"Chromium\";v=\"135\", \"Not-A.Brand\";v=\"8\"",
    "sec-ch-ua-mobile": "?0",
    "sec-ch-ua-platform": "\"macOS\"",
    "dnt": "1",
    "upgrade-insecure-requests": "1",
    "user-agent": "Mozilla/5.0 (Macintosh; Intel Mac OS X 10_15_7) AppleWebKit/537.36 (KHTML, like Gecko) Chrome/135.0.0.0 Safari/537.36",
    "accept": "text/html,application/xhtml+xml,application/xml;q=0.9,image/avif,image/webp,image/apng,*/*;q=0.8,application/signed-exchange;v=b3;q=0.7",
    "sec-fetch-site": "none",
    "sec-fetch-mode": "navigate",
    "sec-fetch-user": "?1",
    "sec-fetch-dest": "document",
    "accept-encoding": "gzip, deflate, br, zstd",
    "accept-language": "en-GB,en-US;q=0.9,en;q=0.8",
    "cookie": ".Aspire.Dashboard.Antiforgery=CfDJ8LmqTVXTb_RJn5FkeQLKw1CyALfzxPokIYDzXxKO7pqvlBStKVLq7H8ZTmuPI23QbG-j4nR1W91HjxyX06kED7zx1An8amTyUqk7pz0ES0Cx8VnQaeG21wTmgqCXjOPdEAVKKPWDEGTUt_cU2rLxjAI; ajs_anonymous_id=%2248c65950-6303-4fb3-890b-ee68d404dd0f%22; auth_token=eyJhbGciOiJIUzI1NiIsInR5cCI6IkpXVCJ9.eyJ1c2VySWQiOiI3ODEwYzc5MTMwOWI1MjNiNTljNjNmY2QxNDRmM2JiNCIsImVtYWlsIjoibm1hdXJ5YS5lbmdpbmVlckBnbWFpbC5jb20iLCJpYXQiOjE3NDQyOTA4MzcsImV4cCI6MTc0NDM3NzIzN30.TwGVFnbCAkIgITmQnB7AENDz0xuLu8w-O4_7lCoWeTc"
  },
  "query": {},
  "params": {}
}
[2025-04-11T12:46:08.117Z] [DEBUG] [testing] Incoming request: GET /favicon.ico {
  "headers": {
    "host": "localhost:3000",
    "connection": "keep-alive",
    "sec-ch-ua-platform": "\"macOS\"",
    "user-agent": "Mozilla/5.0 (Macintosh; Intel Mac OS X 10_15_7) AppleWebKit/537.36 (KHTML, like Gecko) Chrome/135.0.0.0 Safari/537.36",
    "sec-ch-ua": "\"Chromium\";v=\"135\", \"Not-A.Brand\";v=\"8\"",
    "dnt": "1",
    "sec-ch-ua-mobile": "?0",
    "accept": "image/avif,image/webp,image/apng,image/svg+xml,image/*,*/*;q=0.8",
    "sec-fetch-site": "same-origin",
    "sec-fetch-mode": "no-cors",
    "sec-fetch-dest": "image",
    "referer": "http://localhost:3000/health",
    "accept-encoding": "gzip, deflate, br, zstd",
    "accept-language": "en-GB,en-US;q=0.9,en;q=0.8",
    "cookie": ".Aspire.Dashboard.Antiforgery=CfDJ8LmqTVXTb_RJn5FkeQLKw1CyALfzxPokIYDzXxKO7pqvlBStKVLq7H8ZTmuPI23QbG-j4nR1W91HjxyX06kED7zx1An8amTyUqk7pz0ES0Cx8VnQaeG21wTmgqCXjOPdEAVKKPWDEGTUt_cU2rLxjAI; ajs_anonymous_id=%2248c65950-6303-4fb3-890b-ee68d404dd0f%22; auth_token=eyJhbGciOiJIUzI1NiIsInR5cCI6IkpXVCJ9.eyJ1c2VySWQiOiI3ODEwYzc5MTMwOWI1MjNiNTljNjNmY2QxNDRmM2JiNCIsImVtYWlsIjoibm1hdXJ5YS5lbmdpbmVlckBnbWFpbC5jb20iLCJpYXQiOjE3NDQyOTA4MzcsImV4cCI6MTc0NDM3NzIzN30.TwGVFnbCAkIgITmQnB7AENDz0xuLu8w-O4_7lCoWeTc"
  },
  "query": {},
  "params": {}
}
[2025-04-11T12:47:19.073Z] [INFO] Server running on port 3000 {
  "port": "3000",
  "env": "development",
  "mongoUri": "Connected",
  "jwtSecret": "Set"
}
[2025-04-11T12:47:19.638Z] [INFO] MongoDB Connected {
  "uri": "cluster0.e3xhfkv.mongodb.net/?retryWrites=true&w=majority&appName=Cluster0"
}
[2025-04-11T12:47:43.555Z] [DEBUG] [testing] Incoming request: GET / {
  "headers": {
    "host": "localhost:3000",
    "connection": "keep-alive",
    "sec-ch-ua": "\"Chromium\";v=\"135\", \"Not-A.Brand\";v=\"8\"",
    "sec-ch-ua-mobile": "?0",
    "sec-ch-ua-platform": "\"macOS\"",
    "dnt": "1",
    "upgrade-insecure-requests": "1",
    "user-agent": "Mozilla/5.0 (Macintosh; Intel Mac OS X 10_15_7) AppleWebKit/537.36 (KHTML, like Gecko) Chrome/135.0.0.0 Safari/537.36",
    "accept": "text/html,application/xhtml+xml,application/xml;q=0.9,image/avif,image/webp,image/apng,*/*;q=0.8,application/signed-exchange;v=b3;q=0.7",
    "sec-fetch-site": "none",
    "sec-fetch-mode": "navigate",
    "sec-fetch-user": "?1",
    "sec-fetch-dest": "document",
    "accept-encoding": "gzip, deflate, br, zstd",
    "accept-language": "en-GB,en-US;q=0.9,en;q=0.8",
    "cookie": ".Aspire.Dashboard.Antiforgery=CfDJ8LmqTVXTb_RJn5FkeQLKw1CyALfzxPokIYDzXxKO7pqvlBStKVLq7H8ZTmuPI23QbG-j4nR1W91HjxyX06kED7zx1An8amTyUqk7pz0ES0Cx8VnQaeG21wTmgqCXjOPdEAVKKPWDEGTUt_cU2rLxjAI; ajs_anonymous_id=%2248c65950-6303-4fb3-890b-ee68d404dd0f%22; auth_token=eyJhbGciOiJIUzI1NiIsInR5cCI6IkpXVCJ9.eyJ1c2VySWQiOiI3ODEwYzc5MTMwOWI1MjNiNTljNjNmY2QxNDRmM2JiNCIsImVtYWlsIjoibm1hdXJ5YS5lbmdpbmVlckBnbWFpbC5jb20iLCJpYXQiOjE3NDQyOTA4MzcsImV4cCI6MTc0NDM3NzIzN30.TwGVFnbCAkIgITmQnB7AENDz0xuLu8w-O4_7lCoWeTc"
  },
  "query": {},
  "params": {}
}
[2025-04-11T12:47:43.558Z] [INFO] GET / 200 - 3ms {
  "method": "GET",
  "url": "/",
  "status": 200,
  "duration": 3,
  "ip": "::1",
  "userAgent": "Mozilla/5.0 (Macintosh; Intel Mac OS X 10_15_7) AppleWebKit/537.36 (KHTML, like Gecko) Chrome/135.0.0.0 Safari/537.36"
}
[2025-04-11T12:47:58.838Z] [DEBUG] [testing] Incoming request: GET /health {
  "headers": {
    "host": "localhost:3000",
    "connection": "keep-alive",
    "sec-ch-ua": "\"Chromium\";v=\"135\", \"Not-A.Brand\";v=\"8\"",
    "sec-ch-ua-mobile": "?0",
    "sec-ch-ua-platform": "\"macOS\"",
    "dnt": "1",
    "upgrade-insecure-requests": "1",
    "user-agent": "Mozilla/5.0 (Macintosh; Intel Mac OS X 10_15_7) AppleWebKit/537.36 (KHTML, like Gecko) Chrome/135.0.0.0 Safari/537.36",
    "accept": "text/html,application/xhtml+xml,application/xml;q=0.9,image/avif,image/webp,image/apng,*/*;q=0.8,application/signed-exchange;v=b3;q=0.7",
    "sec-fetch-site": "none",
    "sec-fetch-mode": "navigate",
    "sec-fetch-user": "?1",
    "sec-fetch-dest": "document",
    "accept-encoding": "gzip, deflate, br, zstd",
    "accept-language": "en-GB,en-US;q=0.9,en;q=0.8",
    "cookie": ".Aspire.Dashboard.Antiforgery=CfDJ8LmqTVXTb_RJn5FkeQLKw1CyALfzxPokIYDzXxKO7pqvlBStKVLq7H8ZTmuPI23QbG-j4nR1W91HjxyX06kED7zx1An8amTyUqk7pz0ES0Cx8VnQaeG21wTmgqCXjOPdEAVKKPWDEGTUt_cU2rLxjAI; ajs_anonymous_id=%2248c65950-6303-4fb3-890b-ee68d404dd0f%22; auth_token=eyJhbGciOiJIUzI1NiIsInR5cCI6IkpXVCJ9.eyJ1c2VySWQiOiI3ODEwYzc5MTMwOWI1MjNiNTljNjNmY2QxNDRmM2JiNCIsImVtYWlsIjoibm1hdXJ5YS5lbmdpbmVlckBnbWFpbC5jb20iLCJpYXQiOjE3NDQyOTA4MzcsImV4cCI6MTc0NDM3NzIzN30.TwGVFnbCAkIgITmQnB7AENDz0xuLu8w-O4_7lCoWeTc"
  },
  "query": {},
  "params": {}
}
[2025-04-11T12:48:24.404Z] [DEBUG] [testing] Incoming request: POST /api/auth/login {
  "headers": {
    "content-type": "application/json",
    "user-agent": "PostmanRuntime/7.43.3",
    "accept": "*/*",
    "postman-token": "59f4c7c8-0a20-4cf9-ad9e-2332b5704fc7",
    "host": "localhost:3000",
    "accept-encoding": "gzip, deflate, br",
    "connection": "keep-alive",
    "content-length": "55"
  },
  "body": {
    "email": "sid@gmail.com",
    "password": "pass123"
  },
  "query": {},
  "params": {}
}
[2025-04-11T12:48:24.404Z] [DEBUG] [testing] Request body {
  "url": "/api/auth/login",
  "method": "POST",
  "body": {
    "email": "sid@gmail.com",
    "password": "pass123"
  }
}
[2025-04-11T12:48:24.408Z] [DEBUG] Login request received {
  "body": {
    "email": "sid@gmail.com",
    "password": "[REDACTED]"
  }
}
[2025-04-11T12:48:24.541Z] [INFO] User logged in successfully {
  "userId": "67f90c580b84493ea94a1843"
}
[2025-04-11T12:48:24.541Z] [INFO] POST /api/auth/login 200 - 138ms {
  "method": "POST",
  "url": "/api/auth/login",
  "status": 200,
  "duration": 138,
  "ip": "::1",
  "userAgent": "PostmanRuntime/7.43.3"
}
[2025-04-11T12:50:20.529Z] [INFO] Server running on port 3000 {
  "port": "3000",
  "env": "development",
  "mongoUri": "Connected",
  "jwtSecret": "Set"
}
[2025-04-11T12:50:21.123Z] [INFO] MongoDB Connected {
  "uri": "cluster0.e3xhfkv.mongodb.net/?retryWrites=true&w=majority&appName=Cluster0"
}
[2025-04-11T12:50:30.039Z] [DEBUG] [testing] Incoming request: GET /health {
  "headers": {
    "host": "localhost:3000",
    "connection": "keep-alive",
    "cache-control": "max-age=0",
    "sec-ch-ua": "\"Chromium\";v=\"135\", \"Not-A.Brand\";v=\"8\"",
    "sec-ch-ua-mobile": "?0",
    "sec-ch-ua-platform": "\"macOS\"",
    "dnt": "1",
    "upgrade-insecure-requests": "1",
    "user-agent": "Mozilla/5.0 (Macintosh; Intel Mac OS X 10_15_7) AppleWebKit/537.36 (KHTML, like Gecko) Chrome/135.0.0.0 Safari/537.36",
    "accept": "text/html,application/xhtml+xml,application/xml;q=0.9,image/avif,image/webp,image/apng,*/*;q=0.8,application/signed-exchange;v=b3;q=0.7",
    "sec-fetch-site": "none",
    "sec-fetch-mode": "navigate",
    "sec-fetch-user": "?1",
    "sec-fetch-dest": "document",
    "accept-encoding": "gzip, deflate, br, zstd",
    "accept-language": "en-GB,en-US;q=0.9,en;q=0.8",
    "cookie": ".Aspire.Dashboard.Antiforgery=CfDJ8LmqTVXTb_RJn5FkeQLKw1CyALfzxPokIYDzXxKO7pqvlBStKVLq7H8ZTmuPI23QbG-j4nR1W91HjxyX06kED7zx1An8amTyUqk7pz0ES0Cx8VnQaeG21wTmgqCXjOPdEAVKKPWDEGTUt_cU2rLxjAI; ajs_anonymous_id=%2248c65950-6303-4fb3-890b-ee68d404dd0f%22; auth_token=eyJhbGciOiJIUzI1NiIsInR5cCI6IkpXVCJ9.eyJ1c2VySWQiOiI3ODEwYzc5MTMwOWI1MjNiNTljNjNmY2QxNDRmM2JiNCIsImVtYWlsIjoibm1hdXJ5YS5lbmdpbmVlckBnbWFpbC5jb20iLCJpYXQiOjE3NDQyOTA4MzcsImV4cCI6MTc0NDM3NzIzN30.TwGVFnbCAkIgITmQnB7AENDz0xuLu8w-O4_7lCoWeTc"
  },
  "query": {},
  "params": {}
}
[2025-04-11T12:50:30.040Z] [INFO] Health check requested {
  "healthData": {
    "success": true,
    "status": "UP",
    "timestamp": "2025-04-11T12:50:30.040Z",
    "uptime": 9.875840916,
    "environment": "development",
    "database": "connected"
  },
  "path": "/health"
}
[2025-04-11T12:50:30.044Z] [INFO] GET /health 200 - 5ms {
  "method": "GET",
  "url": "/health",
  "status": 200,
  "duration": 5,
  "ip": "::1",
  "userAgent": "Mozilla/5.0 (Macintosh; Intel Mac OS X 10_15_7) AppleWebKit/537.36 (KHTML, like Gecko) Chrome/135.0.0.0 Safari/537.36"
}
[2025-04-11T13:41:41.463Z] [INFO] Server running on port 3000 {
  "port": "3000",
  "env": "development",
  "mongoUri": "Connected",
  "jwtSecret": "Set"
}
[2025-04-11T13:41:42.114Z] [INFO] MongoDB Connected {
  "uri": "cluster0.14zsxfv.mongodb.net/?retryWrites=true&w=majority&appName=Cluster0"
}
[2025-04-11T13:56:17.409Z] [INFO] Server running on port 3000 {
  "port": "3000",
  "env": "development",
  "mongoUri": "Connected",
  "jwtSecret": "Set"
}
[2025-04-11T13:58:20.089Z] [INFO] Server running on port 3000 {
  "port": "3000",
  "env": "development",
  "mongoUri": "Connected",
  "jwtSecret": "Set"
}
[2025-04-11T13:58:20.649Z] [INFO] MongoDB Connected {
  "uri": "cluster0.14zsxfv.mongodb.net/?retryWrites=true&w=majority&appName=Cluster0"
}
[2025-04-11T13:58:28.408Z] [DEBUG] [testing] Incoming request: POST /api/auth/register {
  "headers": {
    "host": "localhost:3000",
    "connection": "keep-alive",
    "content-length": "78",
    "sec-ch-ua-platform": "\"Android\"",
    "user-agent": "Mozilla/5.0 (Linux; Android 6.0; Nexus 5 Build/MRA58N) AppleWebKit/537.36 (KHTML, like Gecko) Chrome/135.0.0.0 Mobile Safari/537.36",
    "sec-ch-ua": "\"Chromium\";v=\"135\", \"Not-A.Brand\";v=\"8\"",
    "dnt": "1",
    "content-type": "application/json",
    "sec-ch-ua-mobile": "?1",
    "accept": "*/*",
    "origin": "http://localhost:5174",
    "sec-fetch-site": "same-site",
    "sec-fetch-mode": "cors",
    "sec-fetch-dest": "empty",
    "referer": "http://localhost:5174/",
    "accept-encoding": "gzip, deflate, br, zstd",
    "accept-language": "en-GB,en-US;q=0.9,en;q=0.8"
  },
  "body": {
    "name": "Narendra",
    "email": "nmaurya.engineer@gmail.com",
    "password": "pass#123"
  },
  "query": {},
  "params": {}
}
[2025-04-11T13:58:28.409Z] [DEBUG] [testing] Request body {
  "url": "/api/auth/register",
  "method": "POST",
  "body": {
    "name": "Narendra",
    "email": "nmaurya.engineer@gmail.com",
    "password": "pass#123"
  }
}
[2025-04-11T13:58:28.409Z] [DEBUG] Register request received {
  "body": {
    "name": "Narendra",
    "email": "nmaurya.engineer@gmail.com",
    "password": "[REDACTED]"
  }
}
[2025-04-11T13:58:28.453Z] [INFO] Creating new user {
  "email": "nmaurya.engineer@gmail.com",
  "name": "Narendra"
}
[2025-04-11T13:58:28.605Z] [INFO] User registered successfully {
  "userId": "67f9200485ce3e8add77c3c7"
}
[2025-04-11T13:58:28.606Z] [INFO] POST /api/auth/register 201 - 212ms {
  "method": "POST",
  "url": "/api/auth/register",
  "status": 201,
  "duration": 212,
  "ip": "::1",
  "userAgent": "Mozilla/5.0 (Linux; Android 6.0; Nexus 5 Build/MRA58N) AppleWebKit/537.36 (KHTML, like Gecko) Chrome/135.0.0.0 Mobile Safari/537.36"
}
[2025-04-11T13:58:28.653Z] [DEBUG] [testing] Incoming request: GET /api/jobs {
  "headers": {
    "host": "localhost:3000",
    "connection": "keep-alive",
    "sec-ch-ua-platform": "\"Android\"",
    "authorization": "Bearer eyJhbGciOiJIUzI1NiIsInR5cCI6IkpXVCJ9.eyJ1c2VySWQiOiI2N2Y5MjAwNDg1Y2UzZThhZGQ3N2MzYzciLCJpYXQiOjE3NDQzNzk5MDgsImV4cCI6MTc0Njk3MTkwOH0.yvjLxm7Eh_Hw4nG_MNxsC74J7KFShxygBwBTXYNr6aM",
    "user-agent": "Mozilla/5.0 (Linux; Android 6.0; Nexus 5 Build/MRA58N) AppleWebKit/537.36 (KHTML, like Gecko) Chrome/135.0.0.0 Mobile Safari/537.36",
    "sec-ch-ua": "\"Chromium\";v=\"135\", \"Not-A.Brand\";v=\"8\"",
    "dnt": "1",
    "content-type": "application/json",
    "sec-ch-ua-mobile": "?1",
    "accept": "*/*",
    "origin": "http://localhost:5174",
    "sec-fetch-site": "same-site",
    "sec-fetch-mode": "cors",
    "sec-fetch-dest": "empty",
    "referer": "http://localhost:5174/",
    "accept-encoding": "gzip, deflate, br, zstd",
    "accept-language": "en-GB,en-US;q=0.9,en;q=0.8"
  },
  "query": {},
  "params": {}
}
[2025-04-11T13:58:28.654Z] [DEBUG] Checking authentication headers {
  "url": "/api/jobs",
  "headers": "Authorization header present"
}
[2025-04-11T13:58:28.654Z] [DEBUG] Token extracted from header {
  "url": "/api/jobs"
}
[2025-04-11T13:58:28.656Z] [DEBUG] Token verified successfully {
  "userId": "67f9200485ce3e8add77c3c7"
}
[2025-04-11T13:58:28.702Z] [DEBUG] User attached to request {
  "userId": "67f9200485ce3e8add77c3c7",
  "route": "/api/jobs"
}
[2025-04-11T13:58:28.741Z] [INFO] GET /api/jobs 200 - 88ms {
  "method": "GET",
  "url": "/api/jobs",
  "status": 200,
  "duration": 88,
  "ip": "::1",
  "userAgent": "Mozilla/5.0 (Linux; Android 6.0; Nexus 5 Build/MRA58N) AppleWebKit/537.36 (KHTML, like Gecko) Chrome/135.0.0.0 Mobile Safari/537.36",
  "userId": "67f9200485ce3e8add77c3c7"
}
[2025-04-11T13:58:28.742Z] [DEBUG] [testing] Incoming request: GET /api/jobs {
  "headers": {
    "host": "localhost:3000",
    "connection": "keep-alive",
    "sec-ch-ua-platform": "\"Android\"",
    "authorization": "Bearer eyJhbGciOiJIUzI1NiIsInR5cCI6IkpXVCJ9.eyJ1c2VySWQiOiI2N2Y5MjAwNDg1Y2UzZThhZGQ3N2MzYzciLCJpYXQiOjE3NDQzNzk5MDgsImV4cCI6MTc0Njk3MTkwOH0.yvjLxm7Eh_Hw4nG_MNxsC74J7KFShxygBwBTXYNr6aM",
    "user-agent": "Mozilla/5.0 (Linux; Android 6.0; Nexus 5 Build/MRA58N) AppleWebKit/537.36 (KHTML, like Gecko) Chrome/135.0.0.0 Mobile Safari/537.36",
    "sec-ch-ua": "\"Chromium\";v=\"135\", \"Not-A.Brand\";v=\"8\"",
    "dnt": "1",
    "content-type": "application/json",
    "sec-ch-ua-mobile": "?1",
    "accept": "*/*",
    "origin": "http://localhost:5174",
    "sec-fetch-site": "same-site",
    "sec-fetch-mode": "cors",
    "sec-fetch-dest": "empty",
    "referer": "http://localhost:5174/",
    "accept-encoding": "gzip, deflate, br, zstd",
    "accept-language": "en-GB,en-US;q=0.9,en;q=0.8",
    "if-none-match": "W/\"2-l9Fw4VUO7kr8CvBlt4zaMCqXZ0w\""
  },
  "query": {},
  "params": {}
}
[2025-04-11T13:58:28.743Z] [DEBUG] Token verified successfully {
  "userId": "67f9200485ce3e8add77c3c7"
}
[2025-04-11T13:58:28.742Z] [DEBUG] Checking authentication headers {
  "url": "/api/jobs",
  "headers": "Authorization header present"
}
[2025-04-11T13:58:28.742Z] [DEBUG] Token extracted from header {
  "url": "/api/jobs"
}
[2025-04-11T13:58:28.782Z] [DEBUG] User attached to request {
  "userId": "67f9200485ce3e8add77c3c7",
  "route": "/api/jobs"
}
[2025-04-11T13:58:28.822Z] [INFO] GET /api/jobs 304 - 79ms {
  "method": "GET",
  "url": "/api/jobs",
  "status": 304,
  "duration": 79,
  "ip": "::1",
  "userAgent": "Mozilla/5.0 (Linux; Android 6.0; Nexus 5 Build/MRA58N) AppleWebKit/537.36 (KHTML, like Gecko) Chrome/135.0.0.0 Mobile Safari/537.36",
  "userId": "67f9200485ce3e8add77c3c7"
}
[2025-04-11T13:58:57.781Z] [DEBUG] Token extracted from header {
  "url": "/api/jobs"
}
[2025-04-11T13:58:57.781Z] [DEBUG] [testing] Request body {
  "url": "/api/jobs",
  "method": "POST",
  "body": {
    "position": "Software Engineering Intern",
    "company": "Reewild",
    "jobLocation": "Remote",
    "status": "pending",
    "jobType": "full-time"
  }
}
[2025-04-11T13:58:57.781Z] [DEBUG] [testing] Incoming request: POST /api/jobs {
  "headers": {
    "host": "localhost:3000",
    "connection": "keep-alive",
    "content-length": "126",
    "sec-ch-ua-platform": "\"macOS\"",
    "authorization": "Bearer eyJhbGciOiJIUzI1NiIsInR5cCI6IkpXVCJ9.eyJ1c2VySWQiOiI2N2Y5MjAwNDg1Y2UzZThhZGQ3N2MzYzciLCJpYXQiOjE3NDQzNzk5MDgsImV4cCI6MTc0Njk3MTkwOH0.yvjLxm7Eh_Hw4nG_MNxsC74J7KFShxygBwBTXYNr6aM",
    "user-agent": "Mozilla/5.0 (Macintosh; Intel Mac OS X 10_15_7) AppleWebKit/537.36 (KHTML, like Gecko) Chrome/135.0.0.0 Safari/537.36",
    "sec-ch-ua": "\"Chromium\";v=\"135\", \"Not-A.Brand\";v=\"8\"",
    "dnt": "1",
    "content-type": "application/json",
    "sec-ch-ua-mobile": "?0",
    "accept": "*/*",
    "origin": "http://localhost:5174",
    "sec-fetch-site": "same-site",
    "sec-fetch-mode": "cors",
    "sec-fetch-dest": "empty",
    "referer": "http://localhost:5174/",
    "accept-encoding": "gzip, deflate, br, zstd",
    "accept-language": "en-GB,en-US;q=0.9,en;q=0.8"
  },
  "body": {
    "position": "Software Engineering Intern",
    "company": "Reewild",
    "jobLocation": "Remote",
    "status": "pending",
    "jobType": "full-time"
  },
  "query": {},
  "params": {}
}
[2025-04-11T13:58:57.782Z] [DEBUG] Token verified successfully {
  "userId": "67f9200485ce3e8add77c3c7"
}
[2025-04-11T13:58:57.781Z] [DEBUG] Checking authentication headers {
  "url": "/api/jobs",
  "headers": "Authorization header present"
}
[2025-04-11T13:58:57.822Z] [DEBUG] User attached to request {
  "userId": "67f9200485ce3e8add77c3c7",
  "route": "/api/jobs"
}
[2025-04-11T13:58:57.873Z] [INFO] POST /api/jobs 201 - 93ms {
  "method": "POST",
  "url": "/api/jobs",
  "status": 201,
  "duration": 93,
  "ip": "::1",
  "userAgent": "Mozilla/5.0 (Macintosh; Intel Mac OS X 10_15_7) AppleWebKit/537.36 (KHTML, like Gecko) Chrome/135.0.0.0 Safari/537.36",
  "userId": "67f9200485ce3e8add77c3c7"
}
[2025-04-11T13:58:57.898Z] [DEBUG] [testing] Incoming request: GET /api/jobs {
  "headers": {
    "host": "localhost:3000",
    "connection": "keep-alive",
    "sec-ch-ua-platform": "\"macOS\"",
    "authorization": "Bearer eyJhbGciOiJIUzI1NiIsInR5cCI6IkpXVCJ9.eyJ1c2VySWQiOiI2N2Y5MjAwNDg1Y2UzZThhZGQ3N2MzYzciLCJpYXQiOjE3NDQzNzk5MDgsImV4cCI6MTc0Njk3MTkwOH0.yvjLxm7Eh_Hw4nG_MNxsC74J7KFShxygBwBTXYNr6aM",
    "user-agent": "Mozilla/5.0 (Macintosh; Intel Mac OS X 10_15_7) AppleWebKit/537.36 (KHTML, like Gecko) Chrome/135.0.0.0 Safari/537.36",
    "sec-ch-ua": "\"Chromium\";v=\"135\", \"Not-A.Brand\";v=\"8\"",
    "dnt": "1",
    "content-type": "application/json",
    "sec-ch-ua-mobile": "?0",
    "accept": "*/*",
    "origin": "http://localhost:5174",
    "sec-fetch-site": "same-site",
    "sec-fetch-mode": "cors",
    "sec-fetch-dest": "empty",
    "referer": "http://localhost:5174/",
    "accept-encoding": "gzip, deflate, br, zstd",
    "accept-language": "en-GB,en-US;q=0.9,en;q=0.8"
  },
  "query": {},
  "params": {}
}
[2025-04-11T13:58:57.898Z] [DEBUG] Checking authentication headers {
  "url": "/api/jobs",
  "headers": "Authorization header present"
}
[2025-04-11T13:58:57.900Z] [DEBUG] Token verified successfully {
  "userId": "67f9200485ce3e8add77c3c7"
}
[2025-04-11T13:58:57.898Z] [DEBUG] Token extracted from header {
  "url": "/api/jobs"
}
[2025-04-11T13:58:57.942Z] [DEBUG] User attached to request {
  "userId": "67f9200485ce3e8add77c3c7",
  "route": "/api/jobs"
}
[2025-04-11T13:58:57.999Z] [INFO] GET /api/jobs 200 - 100ms {
  "method": "GET",
  "url": "/api/jobs",
  "status": 200,
  "duration": 100,
  "ip": "::1",
  "userAgent": "Mozilla/5.0 (Macintosh; Intel Mac OS X 10_15_7) AppleWebKit/537.36 (KHTML, like Gecko) Chrome/135.0.0.0 Safari/537.36",
  "userId": "67f9200485ce3e8add77c3c7"
}
[2025-04-11T13:58:58.000Z] [DEBUG] Checking authentication headers {
  "url": "/api/jobs",
  "headers": "Authorization header present"
}
[2025-04-11T13:58:57.999Z] [DEBUG] [testing] Incoming request: GET /api/jobs {
  "headers": {
    "host": "localhost:3000",
    "connection": "keep-alive",
    "sec-ch-ua-platform": "\"macOS\"",
    "authorization": "Bearer eyJhbGciOiJIUzI1NiIsInR5cCI6IkpXVCJ9.eyJ1c2VySWQiOiI2N2Y5MjAwNDg1Y2UzZThhZGQ3N2MzYzciLCJpYXQiOjE3NDQzNzk5MDgsImV4cCI6MTc0Njk3MTkwOH0.yvjLxm7Eh_Hw4nG_MNxsC74J7KFShxygBwBTXYNr6aM",
    "user-agent": "Mozilla/5.0 (Macintosh; Intel Mac OS X 10_15_7) AppleWebKit/537.36 (KHTML, like Gecko) Chrome/135.0.0.0 Safari/537.36",
    "sec-ch-ua": "\"Chromium\";v=\"135\", \"Not-A.Brand\";v=\"8\"",
    "dnt": "1",
    "content-type": "application/json",
    "sec-ch-ua-mobile": "?0",
    "accept": "*/*",
    "origin": "http://localhost:5174",
    "sec-fetch-site": "same-site",
    "sec-fetch-mode": "cors",
    "sec-fetch-dest": "empty",
    "referer": "http://localhost:5174/",
    "accept-encoding": "gzip, deflate, br, zstd",
    "accept-language": "en-GB,en-US;q=0.9,en;q=0.8",
    "if-none-match": "W/\"11e-wkakmqvyMzUW5PRWHLOcD9HppmQ\""
  },
  "query": {},
  "params": {}
}
[2025-04-11T13:58:58.000Z] [DEBUG] Token extracted from header {
  "url": "/api/jobs"
}
[2025-04-11T13:58:58.001Z] [DEBUG] Token verified successfully {
  "userId": "67f9200485ce3e8add77c3c7"
}
[2025-04-11T13:58:58.042Z] [DEBUG] User attached to request {
  "userId": "67f9200485ce3e8add77c3c7",
  "route": "/api/jobs"
}
[2025-04-11T13:58:58.083Z] [INFO] GET /api/jobs 304 - 84ms {
  "method": "GET",
  "url": "/api/jobs",
  "status": 304,
  "duration": 84,
  "ip": "::1",
  "userAgent": "Mozilla/5.0 (Macintosh; Intel Mac OS X 10_15_7) AppleWebKit/537.36 (KHTML, like Gecko) Chrome/135.0.0.0 Safari/537.36",
  "userId": "67f9200485ce3e8add77c3c7"
}
[2025-04-11T13:59:29.159Z] [DEBUG] [testing] Request body {
  "url": "/api/jobs",
  "method": "POST",
  "body": {
    "position": "SDE",
    "company": "Infosys",
    "jobLocation": "Onsite",
    "status": "pending",
    "jobType": "full-time"
  }
}
[2025-04-11T13:59:29.159Z] [DEBUG] [testing] Incoming request: POST /api/jobs {
  "headers": {
    "host": "localhost:3000",
    "connection": "keep-alive",
    "content-length": "102",
    "sec-ch-ua-platform": "\"macOS\"",
    "authorization": "Bearer eyJhbGciOiJIUzI1NiIsInR5cCI6IkpXVCJ9.eyJ1c2VySWQiOiI2N2Y5MjAwNDg1Y2UzZThhZGQ3N2MzYzciLCJpYXQiOjE3NDQzNzk5MDgsImV4cCI6MTc0Njk3MTkwOH0.yvjLxm7Eh_Hw4nG_MNxsC74J7KFShxygBwBTXYNr6aM",
    "user-agent": "Mozilla/5.0 (Macintosh; Intel Mac OS X 10_15_7) AppleWebKit/537.36 (KHTML, like Gecko) Chrome/135.0.0.0 Safari/537.36",
    "sec-ch-ua": "\"Chromium\";v=\"135\", \"Not-A.Brand\";v=\"8\"",
    "dnt": "1",
    "content-type": "application/json",
    "sec-ch-ua-mobile": "?0",
    "accept": "*/*",
    "origin": "http://localhost:5174",
    "sec-fetch-site": "same-site",
    "sec-fetch-mode": "cors",
    "sec-fetch-dest": "empty",
    "referer": "http://localhost:5174/",
    "accept-encoding": "gzip, deflate, br, zstd",
    "accept-language": "en-GB,en-US;q=0.9,en;q=0.8"
  },
  "body": {
    "position": "SDE",
    "company": "Infosys",
    "jobLocation": "Onsite",
    "status": "pending",
    "jobType": "full-time"
  },
  "query": {},
  "params": {}
}
[2025-04-11T13:59:29.159Z] [DEBUG] Checking authentication headers {
  "url": "/api/jobs",
  "headers": "Authorization header present"
}
[2025-04-11T13:59:29.161Z] [DEBUG] Token verified successfully {
  "userId": "67f9200485ce3e8add77c3c7"
}
[2025-04-11T13:59:29.159Z] [DEBUG] Token extracted from header {
  "url": "/api/jobs"
}
[2025-04-11T13:59:29.201Z] [DEBUG] User attached to request {
  "userId": "67f9200485ce3e8add77c3c7",
  "route": "/api/jobs"
}
[2025-04-11T13:59:29.245Z] [INFO] POST /api/jobs 201 - 87ms {
  "method": "POST",
  "url": "/api/jobs",
  "status": 201,
  "duration": 87,
  "ip": "::1",
  "userAgent": "Mozilla/5.0 (Macintosh; Intel Mac OS X 10_15_7) AppleWebKit/537.36 (KHTML, like Gecko) Chrome/135.0.0.0 Safari/537.36",
  "userId": "67f9200485ce3e8add77c3c7"
}
[2025-04-11T13:59:29.270Z] [DEBUG] [testing] Incoming request: GET /api/jobs {
  "headers": {
    "host": "localhost:3000",
    "connection": "keep-alive",
    "sec-ch-ua-platform": "\"macOS\"",
    "authorization": "Bearer eyJhbGciOiJIUzI1NiIsInR5cCI6IkpXVCJ9.eyJ1c2VySWQiOiI2N2Y5MjAwNDg1Y2UzZThhZGQ3N2MzYzciLCJpYXQiOjE3NDQzNzk5MDgsImV4cCI6MTc0Njk3MTkwOH0.yvjLxm7Eh_Hw4nG_MNxsC74J7KFShxygBwBTXYNr6aM",
    "user-agent": "Mozilla/5.0 (Macintosh; Intel Mac OS X 10_15_7) AppleWebKit/537.36 (KHTML, like Gecko) Chrome/135.0.0.0 Safari/537.36",
    "sec-ch-ua": "\"Chromium\";v=\"135\", \"Not-A.Brand\";v=\"8\"",
    "dnt": "1",
    "content-type": "application/json",
    "sec-ch-ua-mobile": "?0",
    "accept": "*/*",
    "origin": "http://localhost:5174",
    "sec-fetch-site": "same-site",
    "sec-fetch-mode": "cors",
    "sec-fetch-dest": "empty",
    "referer": "http://localhost:5174/",
    "accept-encoding": "gzip, deflate, br, zstd",
    "accept-language": "en-GB,en-US;q=0.9,en;q=0.8"
  },
  "query": {},
  "params": {}
}
[2025-04-11T13:59:29.270Z] [DEBUG] Checking authentication headers {
  "url": "/api/jobs",
  "headers": "Authorization header present"
}
[2025-04-11T13:59:29.271Z] [DEBUG] Token verified successfully {
  "userId": "67f9200485ce3e8add77c3c7"
}
[2025-04-11T13:59:29.270Z] [DEBUG] Token extracted from header {
  "url": "/api/jobs"
}
[2025-04-11T13:59:29.309Z] [DEBUG] User attached to request {
  "userId": "67f9200485ce3e8add77c3c7",
  "route": "/api/jobs"
}
[2025-04-11T13:59:29.348Z] [INFO] GET /api/jobs 200 - 79ms {
  "method": "GET",
  "url": "/api/jobs",
  "status": 200,
  "duration": 79,
  "ip": "::1",
  "userAgent": "Mozilla/5.0 (Macintosh; Intel Mac OS X 10_15_7) AppleWebKit/537.36 (KHTML, like Gecko) Chrome/135.0.0.0 Safari/537.36",
  "userId": "67f9200485ce3e8add77c3c7"
}
[2025-04-11T13:59:29.349Z] [DEBUG] [testing] Incoming request: GET /api/jobs {
  "headers": {
    "host": "localhost:3000",
    "connection": "keep-alive",
    "sec-ch-ua-platform": "\"macOS\"",
    "authorization": "Bearer eyJhbGciOiJIUzI1NiIsInR5cCI6IkpXVCJ9.eyJ1c2VySWQiOiI2N2Y5MjAwNDg1Y2UzZThhZGQ3N2MzYzciLCJpYXQiOjE3NDQzNzk5MDgsImV4cCI6MTc0Njk3MTkwOH0.yvjLxm7Eh_Hw4nG_MNxsC74J7KFShxygBwBTXYNr6aM",
    "user-agent": "Mozilla/5.0 (Macintosh; Intel Mac OS X 10_15_7) AppleWebKit/537.36 (KHTML, like Gecko) Chrome/135.0.0.0 Safari/537.36",
    "sec-ch-ua": "\"Chromium\";v=\"135\", \"Not-A.Brand\";v=\"8\"",
    "dnt": "1",
    "content-type": "application/json",
    "sec-ch-ua-mobile": "?0",
    "accept": "*/*",
    "origin": "http://localhost:5174",
    "sec-fetch-site": "same-site",
    "sec-fetch-mode": "cors",
    "sec-fetch-dest": "empty",
    "referer": "http://localhost:5174/",
    "accept-encoding": "gzip, deflate, br, zstd",
    "accept-language": "en-GB,en-US;q=0.9,en;q=0.8",
    "if-none-match": "W/\"223-LCLchEXlIVLVgeNs6F//st1qkqo\""
  },
  "query": {},
  "params": {}
}
[2025-04-11T13:59:29.349Z] [DEBUG] Checking authentication headers {
  "url": "/api/jobs",
  "headers": "Authorization header present"
}
[2025-04-11T13:59:29.350Z] [DEBUG] Token verified successfully {
  "userId": "67f9200485ce3e8add77c3c7"
}
[2025-04-11T13:59:29.349Z] [DEBUG] Token extracted from header {
  "url": "/api/jobs"
}
[2025-04-11T13:59:29.389Z] [DEBUG] User attached to request {
  "userId": "67f9200485ce3e8add77c3c7",
  "route": "/api/jobs"
}
[2025-04-11T13:59:29.434Z] [INFO] GET /api/jobs 304 - 86ms {
  "method": "GET",
  "url": "/api/jobs",
  "status": 304,
  "duration": 86,
  "ip": "::1",
  "userAgent": "Mozilla/5.0 (Macintosh; Intel Mac OS X 10_15_7) AppleWebKit/537.36 (KHTML, like Gecko) Chrome/135.0.0.0 Safari/537.36",
  "userId": "67f9200485ce3e8add77c3c7"
}
[2025-04-11T13:59:43.869Z] [DEBUG] [testing] Incoming request: GET /api/jobs {
  "headers": {
    "host": "localhost:3000",
    "connection": "keep-alive",
    "sec-ch-ua-platform": "\"macOS\"",
    "authorization": "Bearer eyJhbGciOiJIUzI1NiIsInR5cCI6IkpXVCJ9.eyJ1c2VySWQiOiI2N2Y5MjAwNDg1Y2UzZThhZGQ3N2MzYzciLCJpYXQiOjE3NDQzNzk5MDgsImV4cCI6MTc0Njk3MTkwOH0.yvjLxm7Eh_Hw4nG_MNxsC74J7KFShxygBwBTXYNr6aM",
    "user-agent": "Mozilla/5.0 (Macintosh; Intel Mac OS X 10_15_7) AppleWebKit/537.36 (KHTML, like Gecko) Chrome/135.0.0.0 Safari/537.36",
    "sec-ch-ua": "\"Chromium\";v=\"135\", \"Not-A.Brand\";v=\"8\"",
    "dnt": "1",
    "content-type": "application/json",
    "sec-ch-ua-mobile": "?0",
    "accept": "*/*",
    "origin": "http://localhost:5174",
    "sec-fetch-site": "same-site",
    "sec-fetch-mode": "cors",
    "sec-fetch-dest": "empty",
    "referer": "http://localhost:5174/",
    "accept-encoding": "gzip, deflate, br, zstd",
    "accept-language": "en-GB,en-US;q=0.9,en;q=0.8",
    "if-none-match": "W/\"223-LCLchEXlIVLVgeNs6F//st1qkqo\""
  },
  "query": {},
  "params": {}
}
[2025-04-11T13:59:43.869Z] [DEBUG] Checking authentication headers {
  "url": "/api/jobs",
  "headers": "Authorization header present"
}
[2025-04-11T13:59:43.871Z] [DEBUG] Token verified successfully {
  "userId": "67f9200485ce3e8add77c3c7"
}
[2025-04-11T13:59:43.869Z] [DEBUG] Token extracted from header {
  "url": "/api/jobs"
}
[2025-04-11T13:59:43.930Z] [DEBUG] User attached to request {
  "userId": "67f9200485ce3e8add77c3c7",
  "route": "/api/jobs"
}
[2025-04-11T13:59:43.969Z] [INFO] GET /api/jobs 304 - 100ms {
  "method": "GET",
  "url": "/api/jobs",
  "status": 304,
  "duration": 100,
  "ip": "::1",
  "userAgent": "Mozilla/5.0 (Macintosh; Intel Mac OS X 10_15_7) AppleWebKit/537.36 (KHTML, like Gecko) Chrome/135.0.0.0 Safari/537.36",
  "userId": "67f9200485ce3e8add77c3c7"
}
[2025-04-11T13:59:43.970Z] [DEBUG] [testing] Incoming request: GET /api/jobs {
  "headers": {
    "host": "localhost:3000",
    "connection": "keep-alive",
    "sec-ch-ua-platform": "\"macOS\"",
    "authorization": "Bearer eyJhbGciOiJIUzI1NiIsInR5cCI6IkpXVCJ9.eyJ1c2VySWQiOiI2N2Y5MjAwNDg1Y2UzZThhZGQ3N2MzYzciLCJpYXQiOjE3NDQzNzk5MDgsImV4cCI6MTc0Njk3MTkwOH0.yvjLxm7Eh_Hw4nG_MNxsC74J7KFShxygBwBTXYNr6aM",
    "user-agent": "Mozilla/5.0 (Macintosh; Intel Mac OS X 10_15_7) AppleWebKit/537.36 (KHTML, like Gecko) Chrome/135.0.0.0 Safari/537.36",
    "sec-ch-ua": "\"Chromium\";v=\"135\", \"Not-A.Brand\";v=\"8\"",
    "dnt": "1",
    "content-type": "application/json",
    "sec-ch-ua-mobile": "?0",
    "accept": "*/*",
    "origin": "http://localhost:5174",
    "sec-fetch-site": "same-site",
    "sec-fetch-mode": "cors",
    "sec-fetch-dest": "empty",
    "referer": "http://localhost:5174/",
    "accept-encoding": "gzip, deflate, br, zstd",
    "accept-language": "en-GB,en-US;q=0.9,en;q=0.8",
    "if-none-match": "W/\"223-LCLchEXlIVLVgeNs6F//st1qkqo\""
  },
  "query": {},
  "params": {}
}
[2025-04-11T13:59:43.970Z] [DEBUG] Checking authentication headers {
  "url": "/api/jobs",
  "headers": "Authorization header present"
}
[2025-04-11T13:59:43.971Z] [DEBUG] Token verified successfully {
  "userId": "67f9200485ce3e8add77c3c7"
}
[2025-04-11T13:59:43.970Z] [DEBUG] Token extracted from header {
  "url": "/api/jobs"
}
[2025-04-11T13:59:44.012Z] [DEBUG] User attached to request {
  "userId": "67f9200485ce3e8add77c3c7",
  "route": "/api/jobs"
}
[2025-04-11T13:59:44.052Z] [INFO] GET /api/jobs 304 - 82ms {
  "method": "GET",
  "url": "/api/jobs",
  "status": 304,
  "duration": 82,
  "ip": "::1",
  "userAgent": "Mozilla/5.0 (Macintosh; Intel Mac OS X 10_15_7) AppleWebKit/537.36 (KHTML, like Gecko) Chrome/135.0.0.0 Safari/537.36",
  "userId": "67f9200485ce3e8add77c3c7"
}
[2025-04-11T14:00:40.475Z] [DEBUG] [testing] Incoming request: POST /api/auth/register {
  "headers": {
    "host": "localhost:3000",
    "connection": "keep-alive",
    "content-length": "85",
    "sec-ch-ua-platform": "\"macOS\"",
    "user-agent": "Mozilla/5.0 (Macintosh; Intel Mac OS X 10_15_7) AppleWebKit/537.36 (KHTML, like Gecko) Chrome/135.0.0.0 Safari/537.36",
    "sec-ch-ua": "\"Chromium\";v=\"135\", \"Not-A.Brand\";v=\"8\"",
    "dnt": "1",
    "content-type": "application/json",
    "sec-ch-ua-mobile": "?0",
    "accept": "*/*",
    "origin": "http://localhost:5174",
    "sec-fetch-site": "same-site",
    "sec-fetch-mode": "cors",
    "sec-fetch-dest": "empty",
    "referer": "http://localhost:5174/",
    "accept-encoding": "gzip, deflate, br, zstd",
    "accept-language": "en-GB,en-US;q=0.9,en;q=0.8"
  },
  "body": {
    "name": "Narendra Maurya",
    "email": "nmaurya.engineer@gmail.com",
    "password": "pass#123"
  },
  "query": {},
  "params": {}
}
[2025-04-11T14:00:40.475Z] [DEBUG] [testing] Request body {
  "url": "/api/auth/register",
  "method": "POST",
  "body": {
    "name": "Narendra Maurya",
    "email": "nmaurya.engineer@gmail.com",
    "password": "pass#123"
  }
}
[2025-04-11T14:00:40.475Z] [DEBUG] Register request received {
  "body": {
    "name": "Narendra Maurya",
    "email": "nmaurya.engineer@gmail.com",
    "password": "[REDACTED]"
  }
}
[2025-04-11T14:00:47.623Z] [DEBUG] [testing] Incoming request: POST /api/auth/login {
  "headers": {
    "host": "localhost:3000",
    "connection": "keep-alive",
    "content-length": "60",
    "sec-ch-ua-platform": "\"macOS\"",
    "user-agent": "Mozilla/5.0 (Macintosh; Intel Mac OS X 10_15_7) AppleWebKit/537.36 (KHTML, like Gecko) Chrome/135.0.0.0 Safari/537.36",
    "sec-ch-ua": "\"Chromium\";v=\"135\", \"Not-A.Brand\";v=\"8\"",
    "dnt": "1",
    "content-type": "application/json",
    "sec-ch-ua-mobile": "?0",
    "accept": "*/*",
    "origin": "http://localhost:5174",
    "sec-fetch-site": "same-site",
    "sec-fetch-mode": "cors",
    "sec-fetch-dest": "empty",
    "referer": "http://localhost:5174/",
    "accept-encoding": "gzip, deflate, br, zstd",
    "accept-language": "en-GB,en-US;q=0.9,en;q=0.8"
  },
  "body": {
    "email": "nmaurya.engineer@gmail.com",
    "password": "pass#123"
  },
  "query": {},
  "params": {}
}
[2025-04-11T14:00:47.623Z] [DEBUG] [testing] Request body {
  "url": "/api/auth/login",
  "method": "POST",
  "body": {
    "email": "nmaurya.engineer@gmail.com",
    "password": "pass#123"
  }
}
[2025-04-11T14:00:47.623Z] [DEBUG] Login request received {
  "body": {
    "email": "nmaurya.engineer@gmail.com",
    "password": "[REDACTED]"
  }
}
[2025-04-11T14:00:47.752Z] [INFO] User logged in successfully {
  "userId": "67f9200485ce3e8add77c3c7"
}
[2025-04-11T14:00:47.752Z] [INFO] POST /api/auth/login 200 - 130ms {
  "method": "POST",
  "url": "/api/auth/login",
  "status": 200,
  "duration": 130,
  "ip": "::1",
  "userAgent": "Mozilla/5.0 (Macintosh; Intel Mac OS X 10_15_7) AppleWebKit/537.36 (KHTML, like Gecko) Chrome/135.0.0.0 Safari/537.36"
}
[2025-04-11T14:00:47.777Z] [DEBUG] [testing] Incoming request: GET /api/jobs {
  "headers": {
    "host": "localhost:3000",
    "connection": "keep-alive",
    "sec-ch-ua-platform": "\"macOS\"",
    "authorization": "Bearer eyJhbGciOiJIUzI1NiIsInR5cCI6IkpXVCJ9.eyJ1c2VySWQiOiI2N2Y5MjAwNDg1Y2UzZThhZGQ3N2MzYzciLCJpYXQiOjE3NDQzODAwNDcsImV4cCI6MTc0Njk3MjA0N30.h9wv1yA1bydsj77V1XvrONH5UjQ1BtrVZSenyMUOBFc",
    "user-agent": "Mozilla/5.0 (Macintosh; Intel Mac OS X 10_15_7) AppleWebKit/537.36 (KHTML, like Gecko) Chrome/135.0.0.0 Safari/537.36",
    "sec-ch-ua": "\"Chromium\";v=\"135\", \"Not-A.Brand\";v=\"8\"",
    "dnt": "1",
    "content-type": "application/json",
    "sec-ch-ua-mobile": "?0",
    "accept": "*/*",
    "origin": "http://localhost:5174",
    "sec-fetch-site": "same-site",
    "sec-fetch-mode": "cors",
    "sec-fetch-dest": "empty",
    "referer": "http://localhost:5174/",
    "accept-encoding": "gzip, deflate, br, zstd",
    "accept-language": "en-GB,en-US;q=0.9,en;q=0.8",
    "if-none-match": "W/\"223-LCLchEXlIVLVgeNs6F//st1qkqo\""
  },
  "query": {},
  "params": {}
}
[2025-04-11T14:00:47.777Z] [DEBUG] Token extracted from header {
  "url": "/api/jobs"
}
[2025-04-11T14:00:47.778Z] [DEBUG] Token verified successfully {
  "userId": "67f9200485ce3e8add77c3c7"
}
[2025-04-11T14:00:47.777Z] [DEBUG] Checking authentication headers {
  "url": "/api/jobs",
  "headers": "Authorization header present"
}
[2025-04-11T14:00:47.816Z] [DEBUG] User attached to request {
  "userId": "67f9200485ce3e8add77c3c7",
  "route": "/api/jobs"
}
[2025-04-11T14:00:47.853Z] [INFO] GET /api/jobs 304 - 76ms {
  "method": "GET",
  "url": "/api/jobs",
  "status": 304,
  "duration": 76,
  "ip": "::1",
  "userAgent": "Mozilla/5.0 (Macintosh; Intel Mac OS X 10_15_7) AppleWebKit/537.36 (KHTML, like Gecko) Chrome/135.0.0.0 Safari/537.36",
  "userId": "67f9200485ce3e8add77c3c7"
}
[2025-04-11T14:00:47.854Z] [DEBUG] Checking authentication headers {
  "url": "/api/jobs",
  "headers": "Authorization header present"
}
[2025-04-11T14:00:47.854Z] [DEBUG] Token extracted from header {
  "url": "/api/jobs"
}
[2025-04-11T14:00:47.854Z] [DEBUG] [testing] Incoming request: GET /api/jobs {
  "headers": {
    "host": "localhost:3000",
    "connection": "keep-alive",
    "sec-ch-ua-platform": "\"macOS\"",
    "authorization": "Bearer eyJhbGciOiJIUzI1NiIsInR5cCI6IkpXVCJ9.eyJ1c2VySWQiOiI2N2Y5MjAwNDg1Y2UzZThhZGQ3N2MzYzciLCJpYXQiOjE3NDQzODAwNDcsImV4cCI6MTc0Njk3MjA0N30.h9wv1yA1bydsj77V1XvrONH5UjQ1BtrVZSenyMUOBFc",
    "user-agent": "Mozilla/5.0 (Macintosh; Intel Mac OS X 10_15_7) AppleWebKit/537.36 (KHTML, like Gecko) Chrome/135.0.0.0 Safari/537.36",
    "sec-ch-ua": "\"Chromium\";v=\"135\", \"Not-A.Brand\";v=\"8\"",
    "dnt": "1",
    "content-type": "application/json",
    "sec-ch-ua-mobile": "?0",
    "accept": "*/*",
    "origin": "http://localhost:5174",
    "sec-fetch-site": "same-site",
    "sec-fetch-mode": "cors",
    "sec-fetch-dest": "empty",
    "referer": "http://localhost:5174/",
    "accept-encoding": "gzip, deflate, br, zstd",
    "accept-language": "en-GB,en-US;q=0.9,en;q=0.8",
    "if-none-match": "W/\"223-LCLchEXlIVLVgeNs6F//st1qkqo\""
  },
  "query": {},
  "params": {}
}
[2025-04-11T14:00:47.857Z] [DEBUG] Token verified successfully {
  "userId": "67f9200485ce3e8add77c3c7"
}
[2025-04-11T14:00:47.897Z] [DEBUG] User attached to request {
  "userId": "67f9200485ce3e8add77c3c7",
  "route": "/api/jobs"
}
[2025-04-11T14:00:47.936Z] [INFO] GET /api/jobs 304 - 82ms {
  "method": "GET",
  "url": "/api/jobs",
  "status": 304,
  "duration": 82,
  "ip": "::1",
  "userAgent": "Mozilla/5.0 (Macintosh; Intel Mac OS X 10_15_7) AppleWebKit/537.36 (KHTML, like Gecko) Chrome/135.0.0.0 Safari/537.36",
  "userId": "67f9200485ce3e8add77c3c7"
}
[2025-04-11T14:01:13.008Z] [DEBUG] [testing] Incoming request: POST /api/jobs {
  "headers": {
    "host": "localhost:3000",
    "connection": "keep-alive",
    "content-length": "106",
    "sec-ch-ua-platform": "\"macOS\"",
    "authorization": "Bearer eyJhbGciOiJIUzI1NiIsInR5cCI6IkpXVCJ9.eyJ1c2VySWQiOiI2N2Y5MjAwNDg1Y2UzZThhZGQ3N2MzYzciLCJpYXQiOjE3NDQzODAwNDcsImV4cCI6MTc0Njk3MjA0N30.h9wv1yA1bydsj77V1XvrONH5UjQ1BtrVZSenyMUOBFc",
    "user-agent": "Mozilla/5.0 (Macintosh; Intel Mac OS X 10_15_7) AppleWebKit/537.36 (KHTML, like Gecko) Chrome/135.0.0.0 Safari/537.36",
    "sec-ch-ua": "\"Chromium\";v=\"135\", \"Not-A.Brand\";v=\"8\"",
    "dnt": "1",
    "content-type": "application/json",
    "sec-ch-ua-mobile": "?0",
    "accept": "*/*",
    "origin": "http://localhost:5174",
    "sec-fetch-site": "same-site",
    "sec-fetch-mode": "cors",
    "sec-fetch-dest": "empty",
    "referer": "http://localhost:5174/",
    "accept-encoding": "gzip, deflate, br, zstd",
    "accept-language": "en-GB,en-US;q=0.9,en;q=0.8"
  },
  "body": {
    "position": "SWE",
    "company": "Microsoft",
    "jobLocation": "Remote",
    "status": "interview",
    "jobType": "full-time"
  },
  "query": {},
  "params": {}
}
[2025-04-11T14:01:13.008Z] [DEBUG] [testing] Request body {
  "url": "/api/jobs",
  "method": "POST",
  "body": {
    "position": "SWE",
    "company": "Microsoft",
    "jobLocation": "Remote",
    "status": "interview",
    "jobType": "full-time"
  }
}
[2025-04-11T14:01:13.008Z] [DEBUG] Checking authentication headers {
  "url": "/api/jobs",
  "headers": "Authorization header present"
}
[2025-04-11T14:01:13.008Z] [DEBUG] Token extracted from header {
  "url": "/api/jobs"
}
[2025-04-11T14:01:13.010Z] [DEBUG] Token verified successfully {
  "userId": "67f9200485ce3e8add77c3c7"
}
[2025-04-11T14:01:13.050Z] [DEBUG] User attached to request {
  "userId": "67f9200485ce3e8add77c3c7",
  "route": "/api/jobs"
}
[2025-04-11T14:01:13.098Z] [INFO] POST /api/jobs 201 - 91ms {
  "method": "POST",
  "url": "/api/jobs",
  "status": 201,
  "duration": 91,
  "ip": "::1",
  "userAgent": "Mozilla/5.0 (Macintosh; Intel Mac OS X 10_15_7) AppleWebKit/537.36 (KHTML, like Gecko) Chrome/135.0.0.0 Safari/537.36",
  "userId": "67f9200485ce3e8add77c3c7"
}
[2025-04-11T14:01:13.125Z] [DEBUG] [testing] Incoming request: GET /api/jobs {
  "headers": {
    "host": "localhost:3000",
    "connection": "keep-alive",
    "sec-ch-ua-platform": "\"macOS\"",
    "authorization": "Bearer eyJhbGciOiJIUzI1NiIsInR5cCI6IkpXVCJ9.eyJ1c2VySWQiOiI2N2Y5MjAwNDg1Y2UzZThhZGQ3N2MzYzciLCJpYXQiOjE3NDQzODAwNDcsImV4cCI6MTc0Njk3MjA0N30.h9wv1yA1bydsj77V1XvrONH5UjQ1BtrVZSenyMUOBFc",
    "user-agent": "Mozilla/5.0 (Macintosh; Intel Mac OS X 10_15_7) AppleWebKit/537.36 (KHTML, like Gecko) Chrome/135.0.0.0 Safari/537.36",
    "sec-ch-ua": "\"Chromium\";v=\"135\", \"Not-A.Brand\";v=\"8\"",
    "dnt": "1",
    "content-type": "application/json",
    "sec-ch-ua-mobile": "?0",
    "accept": "*/*",
    "origin": "http://localhost:5174",
    "sec-fetch-site": "same-site",
    "sec-fetch-mode": "cors",
    "sec-fetch-dest": "empty",
    "referer": "http://localhost:5174/",
    "accept-encoding": "gzip, deflate, br, zstd",
    "accept-language": "en-GB,en-US;q=0.9,en;q=0.8"
  },
  "query": {},
  "params": {}
}
[2025-04-11T14:01:13.125Z] [DEBUG] Token extracted from header {
  "url": "/api/jobs"
}
[2025-04-11T14:01:13.125Z] [DEBUG] Checking authentication headers {
  "url": "/api/jobs",
  "headers": "Authorization header present"
}
[2025-04-11T14:01:13.126Z] [DEBUG] Token verified successfully {
  "userId": "67f9200485ce3e8add77c3c7"
}
[2025-04-11T14:01:13.166Z] [DEBUG] User attached to request {
  "userId": "67f9200485ce3e8add77c3c7",
  "route": "/api/jobs"
}
[2025-04-11T14:01:13.206Z] [INFO] GET /api/jobs 200 - 82ms {
  "method": "GET",
  "url": "/api/jobs",
  "status": 200,
  "duration": 82,
  "ip": "::1",
  "userAgent": "Mozilla/5.0 (Macintosh; Intel Mac OS X 10_15_7) AppleWebKit/537.36 (KHTML, like Gecko) Chrome/135.0.0.0 Safari/537.36",
  "userId": "67f9200485ce3e8add77c3c7"
}
[2025-04-11T14:01:13.207Z] [DEBUG] [testing] Incoming request: GET /api/jobs {
  "headers": {
    "host": "localhost:3000",
    "connection": "keep-alive",
    "sec-ch-ua-platform": "\"macOS\"",
    "authorization": "Bearer eyJhbGciOiJIUzI1NiIsInR5cCI6IkpXVCJ9.eyJ1c2VySWQiOiI2N2Y5MjAwNDg1Y2UzZThhZGQ3N2MzYzciLCJpYXQiOjE3NDQzODAwNDcsImV4cCI6MTc0Njk3MjA0N30.h9wv1yA1bydsj77V1XvrONH5UjQ1BtrVZSenyMUOBFc",
    "user-agent": "Mozilla/5.0 (Macintosh; Intel Mac OS X 10_15_7) AppleWebKit/537.36 (KHTML, like Gecko) Chrome/135.0.0.0 Safari/537.36",
    "sec-ch-ua": "\"Chromium\";v=\"135\", \"Not-A.Brand\";v=\"8\"",
    "dnt": "1",
    "content-type": "application/json",
    "sec-ch-ua-mobile": "?0",
    "accept": "*/*",
    "origin": "http://localhost:5174",
    "sec-fetch-site": "same-site",
    "sec-fetch-mode": "cors",
    "sec-fetch-dest": "empty",
    "referer": "http://localhost:5174/",
    "accept-encoding": "gzip, deflate, br, zstd",
    "accept-language": "en-GB,en-US;q=0.9,en;q=0.8",
    "if-none-match": "W/\"32c-oh+7lUYxTr9zcTOiFU1Yp6+Hp60\""
  },
  "query": {},
  "params": {}
}
[2025-04-11T14:01:13.208Z] [DEBUG] Token verified successfully {
  "userId": "67f9200485ce3e8add77c3c7"
}
[2025-04-11T14:01:13.207Z] [DEBUG] Checking authentication headers {
  "url": "/api/jobs",
  "headers": "Authorization header present"
}
[2025-04-11T14:01:13.207Z] [DEBUG] Token extracted from header {
  "url": "/api/jobs"
}
[2025-04-11T14:01:13.247Z] [DEBUG] User attached to request {
  "userId": "67f9200485ce3e8add77c3c7",
  "route": "/api/jobs"
}
[2025-04-11T14:01:13.288Z] [INFO] GET /api/jobs 304 - 82ms {
  "method": "GET",
  "url": "/api/jobs",
  "status": 304,
  "duration": 82,
  "ip": "::1",
  "userAgent": "Mozilla/5.0 (Macintosh; Intel Mac OS X 10_15_7) AppleWebKit/537.36 (KHTML, like Gecko) Chrome/135.0.0.0 Safari/537.36",
  "userId": "67f9200485ce3e8add77c3c7"
}
[2025-04-11T14:01:20.755Z] [DEBUG] [testing] Incoming request: DELETE /api/jobs/67f9204185ce3e8add77c3d5 {
  "headers": {
    "host": "localhost:3000",
    "connection": "keep-alive",
    "sec-ch-ua-platform": "\"macOS\"",
    "authorization": "Bearer eyJhbGciOiJIUzI1NiIsInR5cCI6IkpXVCJ9.eyJ1c2VySWQiOiI2N2Y5MjAwNDg1Y2UzZThhZGQ3N2MzYzciLCJpYXQiOjE3NDQzODAwNDcsImV4cCI6MTc0Njk3MjA0N30.h9wv1yA1bydsj77V1XvrONH5UjQ1BtrVZSenyMUOBFc",
    "user-agent": "Mozilla/5.0 (Macintosh; Intel Mac OS X 10_15_7) AppleWebKit/537.36 (KHTML, like Gecko) Chrome/135.0.0.0 Safari/537.36",
    "sec-ch-ua": "\"Chromium\";v=\"135\", \"Not-A.Brand\";v=\"8\"",
    "dnt": "1",
    "content-type": "application/json",
    "sec-ch-ua-mobile": "?0",
    "accept": "*/*",
    "origin": "http://localhost:5174",
    "sec-fetch-site": "same-site",
    "sec-fetch-mode": "cors",
    "sec-fetch-dest": "empty",
    "referer": "http://localhost:5174/",
    "accept-encoding": "gzip, deflate, br, zstd",
    "accept-language": "en-GB,en-US;q=0.9,en;q=0.8"
  },
  "query": {},
  "params": {}
}
[2025-04-11T14:01:20.755Z] [DEBUG] [testing] Request body {
  "url": "/api/jobs/67f9204185ce3e8add77c3d5",
  "method": "DELETE"
}
[2025-04-11T14:01:20.756Z] [DEBUG] Token extracted from header {
  "url": "/api/jobs/67f9204185ce3e8add77c3d5"
}
[2025-04-11T14:01:20.756Z] [DEBUG] Checking authentication headers {
  "url": "/api/jobs/67f9204185ce3e8add77c3d5",
  "headers": "Authorization header present"
}
[2025-04-11T14:01:20.757Z] [DEBUG] Token verified successfully {
  "userId": "67f9200485ce3e8add77c3c7"
}
[2025-04-11T14:01:20.801Z] [DEBUG] User attached to request {
  "userId": "67f9200485ce3e8add77c3c7",
  "route": "/api/jobs/67f9204185ce3e8add77c3d5"
}
[2025-04-11T14:01:20.885Z] [INFO] DELETE /api/jobs/67f9204185ce3e8add77c3d5 200 - 130ms {
  "method": "DELETE",
  "url": "/api/jobs/67f9204185ce3e8add77c3d5",
  "status": 200,
  "duration": 130,
  "ip": "::1",
  "userAgent": "Mozilla/5.0 (Macintosh; Intel Mac OS X 10_15_7) AppleWebKit/537.36 (KHTML, like Gecko) Chrome/135.0.0.0 Safari/537.36",
  "userId": "67f9200485ce3e8add77c3c7"
}
[2025-04-11T14:01:26.429Z] [DEBUG] [testing] Incoming request: GET /api/jobs {
  "headers": {
    "host": "localhost:3000",
    "connection": "keep-alive",
    "sec-ch-ua-platform": "\"macOS\"",
    "authorization": "Bearer eyJhbGciOiJIUzI1NiIsInR5cCI6IkpXVCJ9.eyJ1c2VySWQiOiI2N2Y5MjAwNDg1Y2UzZThhZGQ3N2MzYzciLCJpYXQiOjE3NDQzODAwNDcsImV4cCI6MTc0Njk3MjA0N30.h9wv1yA1bydsj77V1XvrONH5UjQ1BtrVZSenyMUOBFc",
    "user-agent": "Mozilla/5.0 (Macintosh; Intel Mac OS X 10_15_7) AppleWebKit/537.36 (KHTML, like Gecko) Chrome/135.0.0.0 Safari/537.36",
    "sec-ch-ua": "\"Chromium\";v=\"135\", \"Not-A.Brand\";v=\"8\"",
    "dnt": "1",
    "content-type": "application/json",
    "sec-ch-ua-mobile": "?0",
    "accept": "*/*",
    "origin": "http://localhost:5174",
    "sec-fetch-site": "same-site",
    "sec-fetch-mode": "cors",
    "sec-fetch-dest": "empty",
    "referer": "http://localhost:5174/",
    "accept-encoding": "gzip, deflate, br, zstd",
    "accept-language": "en-GB,en-US;q=0.9,en;q=0.8",
    "if-none-match": "W/\"32c-oh+7lUYxTr9zcTOiFU1Yp6+Hp60\""
  },
  "query": {},
  "params": {}
}
[2025-04-11T14:01:26.430Z] [DEBUG] Checking authentication headers {
  "url": "/api/jobs",
  "headers": "Authorization header present"
}
[2025-04-11T14:01:26.430Z] [DEBUG] Token extracted from header {
  "url": "/api/jobs"
}
[2025-04-11T14:01:26.431Z] [DEBUG] Token verified successfully {
  "userId": "67f9200485ce3e8add77c3c7"
}
[2025-04-11T14:01:26.472Z] [DEBUG] User attached to request {
  "userId": "67f9200485ce3e8add77c3c7",
  "route": "/api/jobs"
}
[2025-04-11T14:01:26.512Z] [INFO] GET /api/jobs 200 - 83ms {
  "method": "GET",
  "url": "/api/jobs",
  "status": 200,
  "duration": 83,
  "ip": "::1",
  "userAgent": "Mozilla/5.0 (Macintosh; Intel Mac OS X 10_15_7) AppleWebKit/537.36 (KHTML, like Gecko) Chrome/135.0.0.0 Safari/537.36",
  "userId": "67f9200485ce3e8add77c3c7"
}
[2025-04-11T14:01:26.514Z] [DEBUG] [testing] Incoming request: GET /api/jobs {
  "headers": {
    "host": "localhost:3000",
    "connection": "keep-alive",
    "sec-ch-ua-platform": "\"macOS\"",
    "authorization": "Bearer eyJhbGciOiJIUzI1NiIsInR5cCI6IkpXVCJ9.eyJ1c2VySWQiOiI2N2Y5MjAwNDg1Y2UzZThhZGQ3N2MzYzciLCJpYXQiOjE3NDQzODAwNDcsImV4cCI6MTc0Njk3MjA0N30.h9wv1yA1bydsj77V1XvrONH5UjQ1BtrVZSenyMUOBFc",
    "user-agent": "Mozilla/5.0 (Macintosh; Intel Mac OS X 10_15_7) AppleWebKit/537.36 (KHTML, like Gecko) Chrome/135.0.0.0 Safari/537.36",
    "sec-ch-ua": "\"Chromium\";v=\"135\", \"Not-A.Brand\";v=\"8\"",
    "dnt": "1",
    "content-type": "application/json",
    "sec-ch-ua-mobile": "?0",
    "accept": "*/*",
    "origin": "http://localhost:5174",
    "sec-fetch-site": "same-site",
    "sec-fetch-mode": "cors",
    "sec-fetch-dest": "empty",
    "referer": "http://localhost:5174/",
    "accept-encoding": "gzip, deflate, br, zstd",
    "accept-language": "en-GB,en-US;q=0.9,en;q=0.8",
    "if-none-match": "W/\"227-1+zPlNxyeKgwUc4NekMniaEeUQM\""
  },
  "query": {},
  "params": {}
}
[2025-04-11T14:01:26.514Z] [DEBUG] Checking authentication headers {
  "url": "/api/jobs",
  "headers": "Authorization header present"
}
[2025-04-11T14:01:26.514Z] [DEBUG] Token extracted from header {
  "url": "/api/jobs"
}
[2025-04-11T14:01:26.515Z] [DEBUG] Token verified successfully {
  "userId": "67f9200485ce3e8add77c3c7"
}
[2025-04-11T14:01:26.556Z] [DEBUG] User attached to request {
  "userId": "67f9200485ce3e8add77c3c7",
  "route": "/api/jobs"
}
[2025-04-11T14:01:26.594Z] [INFO] GET /api/jobs 304 - 80ms {
  "method": "GET",
  "url": "/api/jobs",
  "status": 304,
  "duration": 80,
  "ip": "::1",
  "userAgent": "Mozilla/5.0 (Macintosh; Intel Mac OS X 10_15_7) AppleWebKit/537.36 (KHTML, like Gecko) Chrome/135.0.0.0 Safari/537.36",
  "userId": "67f9200485ce3e8add77c3c7"
}
[2025-04-11T15:34:43.429Z] [INFO] Server running on port 3000 {
  "port": "3000",
  "env": "development",
  "mongoUri": "Connected",
  "jwtSecret": "Set"
}
[2025-04-11T15:34:44.100Z] [INFO] MongoDB Connected {
  "uri": "cluster0.prvcdri.mongodb.net/job-tracker?retryWrites=true&w=majority&appName=Cluster0"
}
[2025-04-11T15:34:55.238Z] [DEBUG] [testing] Incoming request: GET /health {
  "headers": {
    "host": "localhost:3000",
    "connection": "keep-alive",
    "sec-ch-ua": "\"Chromium\";v=\"134\", \"Not:A-Brand\";v=\"24\", \"Google Chrome\";v=\"134\"",
    "sec-ch-ua-mobile": "?0",
    "sec-ch-ua-platform": "\"macOS\"",
    "upgrade-insecure-requests": "1",
    "user-agent": "Mozilla/5.0 (Macintosh; Intel Mac OS X 10_15_7) AppleWebKit/537.36 (KHTML, like Gecko) Chrome/134.0.0.0 Safari/537.36",
    "accept": "text/html,application/xhtml+xml,application/xml;q=0.9,image/avif,image/webp,image/apng,*/*;q=0.8,application/signed-exchange;v=b3;q=0.7",
    "sec-fetch-site": "none",
    "sec-fetch-mode": "navigate",
    "sec-fetch-user": "?1",
    "sec-fetch-dest": "document",
    "accept-encoding": "gzip, deflate, br, zstd",
    "accept-language": "en-GB,en-US;q=0.9,en;q=0.8",
    "if-none-match": "W/\"8e-+pg8OGxbolMPp3D4wEFlDgYqjPg\""
  },
  "query": {},
  "params": {}
}
[2025-04-11T15:34:55.238Z] [INFO] Health check requested {
  "healthData": {
    "success": true,
    "status": "UP",
    "timestamp": "2025-04-11T15:34:55.238Z",
    "uptime": 12.055106,
    "environment": "development",
    "database": "connected"
  },
  "path": "/health"
}
[2025-04-11T15:34:55.241Z] [INFO] GET /health 200 - 4ms {
  "method": "GET",
  "url": "/health",
  "status": 200,
  "duration": 4,
  "ip": "::1",
  "userAgent": "Mozilla/5.0 (Macintosh; Intel Mac OS X 10_15_7) AppleWebKit/537.36 (KHTML, like Gecko) Chrome/134.0.0.0 Safari/537.36"
}
[2025-04-11T15:34:55.300Z] [DEBUG] [testing] Incoming request: GET /favicon.ico {
  "headers": {
    "host": "localhost:3000",
    "connection": "keep-alive",
    "sec-ch-ua-platform": "\"macOS\"",
    "user-agent": "Mozilla/5.0 (Macintosh; Intel Mac OS X 10_15_7) AppleWebKit/537.36 (KHTML, like Gecko) Chrome/134.0.0.0 Safari/537.36",
    "sec-ch-ua": "\"Chromium\";v=\"134\", \"Not:A-Brand\";v=\"24\", \"Google Chrome\";v=\"134\"",
    "sec-ch-ua-mobile": "?0",
    "accept": "image/avif,image/webp,image/apng,image/svg+xml,image/*,*/*;q=0.8",
    "sec-fetch-site": "same-origin",
    "sec-fetch-mode": "no-cors",
    "sec-fetch-dest": "image",
    "referer": "http://localhost:3000/health",
    "accept-encoding": "gzip, deflate, br, zstd",
    "accept-language": "en-GB,en-US;q=0.9,en;q=0.8"
  },
  "query": {},
  "params": {}
}
[2025-04-11T15:36:53.434Z] [DEBUG] [testing] Incoming request: POST /api/auth/login {
  "headers": {
    "host": "localhost:3000",
    "connection": "keep-alive",
    "content-length": "65",
    "sec-ch-ua-platform": "\"macOS\"",
    "user-agent": "Mozilla/5.0 (Macintosh; Intel Mac OS X 10_15_7) AppleWebKit/537.36 (KHTML, like Gecko) Chrome/134.0.0.0 Safari/537.36",
    "sec-ch-ua": "\"Chromium\";v=\"134\", \"Not:A-Brand\";v=\"24\", \"Google Chrome\";v=\"134\"",
    "content-type": "application/json",
    "sec-ch-ua-mobile": "?0",
    "accept": "*/*",
    "origin": "http://localhost:5173",
    "sec-fetch-site": "same-site",
    "sec-fetch-mode": "cors",
    "sec-fetch-dest": "empty",
    "referer": "http://localhost:5173/",
    "accept-encoding": "gzip, deflate, br, zstd",
    "accept-language": "en-GB,en-US;q=0.9,en;q=0.8"
  },
  "body": {
    "email": "bailwalsiddharth@gmail.com",
    "password": "siddharth1382"
  },
  "query": {},
  "params": {}
}
[2025-04-11T15:36:53.434Z] [DEBUG] [testing] Request body {
  "url": "/api/auth/login",
  "method": "POST",
  "body": {
    "email": "bailwalsiddharth@gmail.com",
    "password": "siddharth1382"
  }
}
[2025-04-11T15:36:53.435Z] [DEBUG] Login request received {
  "body": {
    "email": "bailwalsiddharth@gmail.com",
    "password": "[REDACTED]"
  }
}
[2025-04-11T15:36:53.585Z] [INFO] User logged in successfully {
  "userId": "67f922e34e81393cc5253968"
}
[2025-04-11T15:36:53.586Z] [INFO] POST /api/auth/login 200 - 170ms {
  "method": "POST",
  "url": "/api/auth/login",
  "status": 200,
  "duration": 170,
  "ip": "::1",
  "userAgent": "Mozilla/5.0 (Macintosh; Intel Mac OS X 10_15_7) AppleWebKit/537.36 (KHTML, like Gecko) Chrome/134.0.0.0 Safari/537.36"
}
[2025-04-11T15:36:53.605Z] [DEBUG] [testing] Incoming request: GET /api/jobs {
  "headers": {
    "host": "localhost:3000",
    "connection": "keep-alive",
    "sec-ch-ua-platform": "\"macOS\"",
    "authorization": "Bearer eyJhbGciOiJIUzI1NiIsInR5cCI6IkpXVCJ9.eyJ1c2VySWQiOiI2N2Y5MjJlMzRlODEzOTNjYzUyNTM5NjgiLCJpYXQiOjE3NDQzODU4MTMsImV4cCI6MTc0Njk3NzgxM30.E6aPrFVqt-xt25nquv3juQz0lKaToZyfWgb2zGwQY6o",
    "user-agent": "Mozilla/5.0 (Macintosh; Intel Mac OS X 10_15_7) AppleWebKit/537.36 (KHTML, like Gecko) Chrome/134.0.0.0 Safari/537.36",
    "sec-ch-ua": "\"Chromium\";v=\"134\", \"Not:A-Brand\";v=\"24\", \"Google Chrome\";v=\"134\"",
    "content-type": "application/json",
    "sec-ch-ua-mobile": "?0",
    "accept": "*/*",
    "origin": "http://localhost:5173",
    "sec-fetch-site": "same-site",
    "sec-fetch-mode": "cors",
    "sec-fetch-dest": "empty",
    "referer": "http://localhost:5173/",
    "accept-encoding": "gzip, deflate, br, zstd",
    "accept-language": "en-GB,en-US;q=0.9,en;q=0.8",
    "if-none-match": "W/\"297-4cjdeIBXEAJ+muxsdfB6ESw18eQ\""
  },
  "query": {},
  "params": {}
}
[2025-04-11T15:36:53.606Z] [DEBUG] Checking authentication headers {
  "url": "/api/jobs",
  "headers": "Authorization header present"
}
[2025-04-11T15:36:53.606Z] [DEBUG] Token extracted from header {
  "url": "/api/jobs"
}
[2025-04-11T15:36:53.607Z] [DEBUG] Token verified successfully {
  "userId": "67f922e34e81393cc5253968"
}
[2025-04-11T15:36:53.643Z] [DEBUG] User attached to request {
  "userId": "67f922e34e81393cc5253968",
  "route": "/api/jobs"
}
[2025-04-11T15:36:53.681Z] [INFO] GET /api/jobs 304 - 76ms {
  "method": "GET",
  "url": "/api/jobs",
  "status": 304,
  "duration": 76,
  "ip": "::1",
  "userAgent": "Mozilla/5.0 (Macintosh; Intel Mac OS X 10_15_7) AppleWebKit/537.36 (KHTML, like Gecko) Chrome/134.0.0.0 Safari/537.36",
  "userId": "67f922e34e81393cc5253968"
}
[2025-04-11T15:36:53.682Z] [DEBUG] [testing] Incoming request: GET /api/jobs {
  "headers": {
    "host": "localhost:3000",
    "connection": "keep-alive",
    "sec-ch-ua-platform": "\"macOS\"",
    "authorization": "Bearer eyJhbGciOiJIUzI1NiIsInR5cCI6IkpXVCJ9.eyJ1c2VySWQiOiI2N2Y5MjJlMzRlODEzOTNjYzUyNTM5NjgiLCJpYXQiOjE3NDQzODU4MTMsImV4cCI6MTc0Njk3NzgxM30.E6aPrFVqt-xt25nquv3juQz0lKaToZyfWgb2zGwQY6o",
    "user-agent": "Mozilla/5.0 (Macintosh; Intel Mac OS X 10_15_7) AppleWebKit/537.36 (KHTML, like Gecko) Chrome/134.0.0.0 Safari/537.36",
    "sec-ch-ua": "\"Chromium\";v=\"134\", \"Not:A-Brand\";v=\"24\", \"Google Chrome\";v=\"134\"",
    "content-type": "application/json",
    "sec-ch-ua-mobile": "?0",
    "accept": "*/*",
    "origin": "http://localhost:5173",
    "sec-fetch-site": "same-site",
    "sec-fetch-mode": "cors",
    "sec-fetch-dest": "empty",
    "referer": "http://localhost:5173/",
    "accept-encoding": "gzip, deflate, br, zstd",
    "accept-language": "en-GB,en-US;q=0.9,en;q=0.8",
    "if-none-match": "W/\"297-4cjdeIBXEAJ+muxsdfB6ESw18eQ\""
  },
  "query": {},
  "params": {}
}
[2025-04-11T15:36:53.683Z] [DEBUG] Token verified successfully {
  "userId": "67f922e34e81393cc5253968"
}
[2025-04-11T15:36:53.682Z] [DEBUG] Token extracted from header {
  "url": "/api/jobs"
}
[2025-04-11T15:36:53.682Z] [DEBUG] Checking authentication headers {
  "url": "/api/jobs",
  "headers": "Authorization header present"
}
[2025-04-11T15:36:53.717Z] [DEBUG] User attached to request {
  "userId": "67f922e34e81393cc5253968",
  "route": "/api/jobs"
}
[2025-04-11T15:36:53.753Z] [INFO] GET /api/jobs 304 - 71ms {
  "method": "GET",
  "url": "/api/jobs",
  "status": 304,
  "duration": 71,
  "ip": "::1",
  "userAgent": "Mozilla/5.0 (Macintosh; Intel Mac OS X 10_15_7) AppleWebKit/537.36 (KHTML, like Gecko) Chrome/134.0.0.0 Safari/537.36",
  "userId": "67f922e34e81393cc5253968"
}
[2025-04-11T15:36:58.975Z] [DEBUG] [testing] Incoming request: DELETE /api/jobs/67f93520f6b13b1b2d3e3ac6 {
  "headers": {
    "host": "localhost:3000",
    "connection": "keep-alive",
    "sec-ch-ua-platform": "\"macOS\"",
    "authorization": "Bearer eyJhbGciOiJIUzI1NiIsInR5cCI6IkpXVCJ9.eyJ1c2VySWQiOiI2N2Y5MjJlMzRlODEzOTNjYzUyNTM5NjgiLCJpYXQiOjE3NDQzODU4MTMsImV4cCI6MTc0Njk3NzgxM30.E6aPrFVqt-xt25nquv3juQz0lKaToZyfWgb2zGwQY6o",
    "user-agent": "Mozilla/5.0 (Macintosh; Intel Mac OS X 10_15_7) AppleWebKit/537.36 (KHTML, like Gecko) Chrome/134.0.0.0 Safari/537.36",
    "sec-ch-ua": "\"Chromium\";v=\"134\", \"Not:A-Brand\";v=\"24\", \"Google Chrome\";v=\"134\"",
    "content-type": "application/json",
    "sec-ch-ua-mobile": "?0",
    "accept": "*/*",
    "origin": "http://localhost:5173",
    "sec-fetch-site": "same-site",
    "sec-fetch-mode": "cors",
    "sec-fetch-dest": "empty",
    "referer": "http://localhost:5173/",
    "accept-encoding": "gzip, deflate, br, zstd",
    "accept-language": "en-GB,en-US;q=0.9,en;q=0.8"
  },
  "query": {},
  "params": {}
}
[2025-04-11T15:36:58.977Z] [DEBUG] Token verified successfully {
  "userId": "67f922e34e81393cc5253968"
}
[2025-04-11T15:36:58.975Z] [DEBUG] [testing] Request body {
  "url": "/api/jobs/67f93520f6b13b1b2d3e3ac6",
  "method": "DELETE"
}
[2025-04-11T15:36:58.976Z] [DEBUG] Checking authentication headers {
  "url": "/api/jobs/67f93520f6b13b1b2d3e3ac6",
  "headers": "Authorization header present"
}
[2025-04-11T15:36:58.976Z] [DEBUG] Token extracted from header {
  "url": "/api/jobs/67f93520f6b13b1b2d3e3ac6"
}
[2025-04-11T15:36:59.015Z] [DEBUG] User attached to request {
  "userId": "67f922e34e81393cc5253968",
  "route": "/api/jobs/67f93520f6b13b1b2d3e3ac6"
}
[2025-04-11T15:36:59.099Z] [INFO] DELETE /api/jobs/67f93520f6b13b1b2d3e3ac6 200 - 125ms {
  "method": "DELETE",
  "url": "/api/jobs/67f93520f6b13b1b2d3e3ac6",
  "status": 200,
  "duration": 125,
  "ip": "::1",
  "userAgent": "Mozilla/5.0 (Macintosh; Intel Mac OS X 10_15_7) AppleWebKit/537.36 (KHTML, like Gecko) Chrome/134.0.0.0 Safari/537.36",
  "userId": "67f922e34e81393cc5253968"
}
[2025-04-11T15:37:01.129Z] [DEBUG] [testing] Incoming request: DELETE /api/jobs/67f93509f6b13b1b2d3e3abf {
  "headers": {
    "host": "localhost:3000",
    "connection": "keep-alive",
    "sec-ch-ua-platform": "\"macOS\"",
    "authorization": "Bearer eyJhbGciOiJIUzI1NiIsInR5cCI6IkpXVCJ9.eyJ1c2VySWQiOiI2N2Y5MjJlMzRlODEzOTNjYzUyNTM5NjgiLCJpYXQiOjE3NDQzODU4MTMsImV4cCI6MTc0Njk3NzgxM30.E6aPrFVqt-xt25nquv3juQz0lKaToZyfWgb2zGwQY6o",
    "user-agent": "Mozilla/5.0 (Macintosh; Intel Mac OS X 10_15_7) AppleWebKit/537.36 (KHTML, like Gecko) Chrome/134.0.0.0 Safari/537.36",
    "sec-ch-ua": "\"Chromium\";v=\"134\", \"Not:A-Brand\";v=\"24\", \"Google Chrome\";v=\"134\"",
    "content-type": "application/json",
    "sec-ch-ua-mobile": "?0",
    "accept": "*/*",
    "origin": "http://localhost:5173",
    "sec-fetch-site": "same-site",
    "sec-fetch-mode": "cors",
    "sec-fetch-dest": "empty",
    "referer": "http://localhost:5173/",
    "accept-encoding": "gzip, deflate, br, zstd",
    "accept-language": "en-GB,en-US;q=0.9,en;q=0.8"
  },
  "query": {},
  "params": {}
}
[2025-04-11T15:37:01.133Z] [DEBUG] Token verified successfully {
  "userId": "67f922e34e81393cc5253968"
}
[2025-04-11T15:37:01.131Z] [DEBUG] Checking authentication headers {
  "url": "/api/jobs/67f93509f6b13b1b2d3e3abf",
  "headers": "Authorization header present"
}
[2025-04-11T15:37:01.132Z] [DEBUG] Token extracted from header {
  "url": "/api/jobs/67f93509f6b13b1b2d3e3abf"
}
[2025-04-11T15:37:01.130Z] [DEBUG] [testing] Request body {
  "url": "/api/jobs/67f93509f6b13b1b2d3e3abf",
  "method": "DELETE"
}
[2025-04-11T15:37:01.173Z] [DEBUG] User attached to request {
  "userId": "67f922e34e81393cc5253968",
  "route": "/api/jobs/67f93509f6b13b1b2d3e3abf"
}
[2025-04-11T15:37:01.251Z] [INFO] DELETE /api/jobs/67f93509f6b13b1b2d3e3abf 200 - 122ms {
  "method": "DELETE",
  "url": "/api/jobs/67f93509f6b13b1b2d3e3abf",
  "status": 200,
  "duration": 122,
  "ip": "::1",
  "userAgent": "Mozilla/5.0 (Macintosh; Intel Mac OS X 10_15_7) AppleWebKit/537.36 (KHTML, like Gecko) Chrome/134.0.0.0 Safari/537.36",
  "userId": "67f922e34e81393cc5253968"
}
[2025-04-11T15:37:26.412Z] [DEBUG] [testing] Incoming request: POST /api/jobs {
  "headers": {
    "host": "localhost:3000",
    "connection": "keep-alive",
    "content-length": "125",
    "sec-ch-ua-platform": "\"macOS\"",
    "authorization": "Bearer eyJhbGciOiJIUzI1NiIsInR5cCI6IkpXVCJ9.eyJ1c2VySWQiOiI2N2Y5MjJlMzRlODEzOTNjYzUyNTM5NjgiLCJpYXQiOjE3NDQzODU4MTMsImV4cCI6MTc0Njk3NzgxM30.E6aPrFVqt-xt25nquv3juQz0lKaToZyfWgb2zGwQY6o",
    "user-agent": "Mozilla/5.0 (Macintosh; Intel Mac OS X 10_15_7) AppleWebKit/537.36 (KHTML, like Gecko) Chrome/134.0.0.0 Safari/537.36",
    "sec-ch-ua": "\"Chromium\";v=\"134\", \"Not:A-Brand\";v=\"24\", \"Google Chrome\";v=\"134\"",
    "content-type": "application/json",
    "sec-ch-ua-mobile": "?0",
    "accept": "*/*",
    "origin": "http://localhost:5173",
    "sec-fetch-site": "same-site",
    "sec-fetch-mode": "cors",
    "sec-fetch-dest": "empty",
    "referer": "http://localhost:5173/",
    "accept-encoding": "gzip, deflate, br, zstd",
    "accept-language": "en-GB,en-US;q=0.9,en;q=0.8"
  },
  "body": {
    "position": "frontend developer",
    "company": "microsoft",
    "jobLocation": "bangalore",
    "status": "interview",
    "jobType": "internship"
  },
  "query": {},
  "params": {}
}
[2025-04-11T15:37:26.414Z] [DEBUG] Token verified successfully {
  "userId": "67f922e34e81393cc5253968"
}
[2025-04-11T15:37:26.412Z] [DEBUG] Checking authentication headers {
  "url": "/api/jobs",
  "headers": "Authorization header present"
}
[2025-04-11T15:37:26.413Z] [DEBUG] Token extracted from header {
  "url": "/api/jobs"
}
[2025-04-11T15:37:26.412Z] [DEBUG] [testing] Request body {
  "url": "/api/jobs",
  "method": "POST",
  "body": {
    "position": "frontend developer",
    "company": "microsoft",
    "jobLocation": "bangalore",
    "status": "interview",
    "jobType": "internship"
  }
}
[2025-04-11T15:37:26.452Z] [DEBUG] User attached to request {
  "userId": "67f922e34e81393cc5253968",
  "route": "/api/jobs"
}
[2025-04-11T15:37:26.510Z] [INFO] POST /api/jobs 201 - 100ms {
  "method": "POST",
  "url": "/api/jobs",
  "status": 201,
  "duration": 100,
  "ip": "::1",
  "userAgent": "Mozilla/5.0 (Macintosh; Intel Mac OS X 10_15_7) AppleWebKit/537.36 (KHTML, like Gecko) Chrome/134.0.0.0 Safari/537.36",
  "userId": "67f922e34e81393cc5253968"
}
[2025-04-11T15:37:26.526Z] [DEBUG] [testing] Incoming request: GET /api/jobs {
  "headers": {
    "host": "localhost:3000",
    "connection": "keep-alive",
    "sec-ch-ua-platform": "\"macOS\"",
    "authorization": "Bearer eyJhbGciOiJIUzI1NiIsInR5cCI6IkpXVCJ9.eyJ1c2VySWQiOiI2N2Y5MjJlMzRlODEzOTNjYzUyNTM5NjgiLCJpYXQiOjE3NDQzODU4MTMsImV4cCI6MTc0Njk3NzgxM30.E6aPrFVqt-xt25nquv3juQz0lKaToZyfWgb2zGwQY6o",
    "user-agent": "Mozilla/5.0 (Macintosh; Intel Mac OS X 10_15_7) AppleWebKit/537.36 (KHTML, like Gecko) Chrome/134.0.0.0 Safari/537.36",
    "sec-ch-ua": "\"Chromium\";v=\"134\", \"Not:A-Brand\";v=\"24\", \"Google Chrome\";v=\"134\"",
    "content-type": "application/json",
    "sec-ch-ua-mobile": "?0",
    "accept": "*/*",
    "origin": "http://localhost:5173",
    "sec-fetch-site": "same-site",
    "sec-fetch-mode": "cors",
    "sec-fetch-dest": "empty",
    "referer": "http://localhost:5173/",
    "accept-encoding": "gzip, deflate, br, zstd",
    "accept-language": "en-GB,en-US;q=0.9,en;q=0.8"
  },
  "query": {},
  "params": {}
}
[2025-04-11T15:37:26.526Z] [DEBUG] Checking authentication headers {
  "url": "/api/jobs",
  "headers": "Authorization header present"
}
[2025-04-11T15:37:26.527Z] [DEBUG] Token extracted from header {
  "url": "/api/jobs"
}
[2025-04-11T15:37:26.529Z] [DEBUG] Token verified successfully {
  "userId": "67f922e34e81393cc5253968"
}
[2025-04-11T15:37:26.567Z] [DEBUG] User attached to request {
  "userId": "67f922e34e81393cc5253968",
  "route": "/api/jobs"
}
[2025-04-11T15:37:26.606Z] [INFO] GET /api/jobs 200 - 80ms {
  "method": "GET",
  "url": "/api/jobs",
  "status": 200,
  "duration": 80,
  "ip": "::1",
  "userAgent": "Mozilla/5.0 (Macintosh; Intel Mac OS X 10_15_7) AppleWebKit/537.36 (KHTML, like Gecko) Chrome/134.0.0.0 Safari/537.36",
  "userId": "67f922e34e81393cc5253968"
}
[2025-04-11T15:37:26.609Z] [DEBUG] [testing] Incoming request: GET /api/jobs {
  "headers": {
    "host": "localhost:3000",
    "connection": "keep-alive",
    "sec-ch-ua-platform": "\"macOS\"",
    "authorization": "Bearer eyJhbGciOiJIUzI1NiIsInR5cCI6IkpXVCJ9.eyJ1c2VySWQiOiI2N2Y5MjJlMzRlODEzOTNjYzUyNTM5NjgiLCJpYXQiOjE3NDQzODU4MTMsImV4cCI6MTc0Njk3NzgxM30.E6aPrFVqt-xt25nquv3juQz0lKaToZyfWgb2zGwQY6o",
    "user-agent": "Mozilla/5.0 (Macintosh; Intel Mac OS X 10_15_7) AppleWebKit/537.36 (KHTML, like Gecko) Chrome/134.0.0.0 Safari/537.36",
    "sec-ch-ua": "\"Chromium\";v=\"134\", \"Not:A-Brand\";v=\"24\", \"Google Chrome\";v=\"134\"",
    "content-type": "application/json",
    "sec-ch-ua-mobile": "?0",
    "accept": "*/*",
    "origin": "http://localhost:5173",
    "sec-fetch-site": "same-site",
    "sec-fetch-mode": "cors",
    "sec-fetch-dest": "empty",
    "referer": "http://localhost:5173/",
    "accept-encoding": "gzip, deflate, br, zstd",
    "accept-language": "en-GB,en-US;q=0.9,en;q=0.8",
    "if-none-match": "W/\"11d-desxTrPwM6/HTCELNNvB/NePdzs\""
  },
  "query": {},
  "params": {}
}
[2025-04-11T15:37:26.610Z] [DEBUG] Token verified successfully {
  "userId": "67f922e34e81393cc5253968"
}
[2025-04-11T15:37:26.609Z] [DEBUG] Token extracted from header {
  "url": "/api/jobs"
}
[2025-04-11T15:37:26.609Z] [DEBUG] Checking authentication headers {
  "url": "/api/jobs",
  "headers": "Authorization header present"
}
[2025-04-11T15:37:26.647Z] [DEBUG] User attached to request {
  "userId": "67f922e34e81393cc5253968",
  "route": "/api/jobs"
}
[2025-04-11T15:37:26.685Z] [INFO] GET /api/jobs 304 - 77ms {
  "method": "GET",
  "url": "/api/jobs",
  "status": 304,
  "duration": 77,
  "ip": "::1",
  "userAgent": "Mozilla/5.0 (Macintosh; Intel Mac OS X 10_15_7) AppleWebKit/537.36 (KHTML, like Gecko) Chrome/134.0.0.0 Safari/537.36",
  "userId": "67f922e34e81393cc5253968"
}
[2025-04-11T15:37:36.376Z] [DEBUG] [testing] Incoming request: GET /api/jobs {
  "headers": {
    "host": "localhost:3000",
    "connection": "keep-alive",
    "sec-ch-ua-platform": "\"macOS\"",
    "authorization": "Bearer eyJhbGciOiJIUzI1NiIsInR5cCI6IkpXVCJ9.eyJ1c2VySWQiOiI2N2Y5MjJlMzRlODEzOTNjYzUyNTM5NjgiLCJpYXQiOjE3NDQzODU4MTMsImV4cCI6MTc0Njk3NzgxM30.E6aPrFVqt-xt25nquv3juQz0lKaToZyfWgb2zGwQY6o",
    "user-agent": "Mozilla/5.0 (Macintosh; Intel Mac OS X 10_15_7) AppleWebKit/537.36 (KHTML, like Gecko) Chrome/134.0.0.0 Safari/537.36",
    "sec-ch-ua": "\"Chromium\";v=\"134\", \"Not:A-Brand\";v=\"24\", \"Google Chrome\";v=\"134\"",
    "content-type": "application/json",
    "sec-ch-ua-mobile": "?0",
    "accept": "*/*",
    "origin": "http://localhost:5173",
    "sec-fetch-site": "same-site",
    "sec-fetch-mode": "cors",
    "sec-fetch-dest": "empty",
    "referer": "http://localhost:5173/",
    "accept-encoding": "gzip, deflate, br, zstd",
    "accept-language": "en-GB,en-US;q=0.9,en;q=0.8",
    "if-none-match": "W/\"11d-desxTrPwM6/HTCELNNvB/NePdzs\""
  },
  "query": {},
  "params": {}
}
[2025-04-11T15:37:36.377Z] [DEBUG] Checking authentication headers {
  "url": "/api/jobs",
  "headers": "Authorization header present"
}
[2025-04-11T15:37:36.377Z] [DEBUG] Token extracted from header {
  "url": "/api/jobs"
}
[2025-04-11T15:37:36.378Z] [DEBUG] Token verified successfully {
  "userId": "67f922e34e81393cc5253968"
}
[2025-04-11T15:37:36.416Z] [DEBUG] User attached to request {
  "userId": "67f922e34e81393cc5253968",
  "route": "/api/jobs"
}
[2025-04-11T15:37:36.457Z] [INFO] GET /api/jobs 304 - 80ms {
  "method": "GET",
  "url": "/api/jobs",
  "status": 304,
  "duration": 80,
  "ip": "::1",
  "userAgent": "Mozilla/5.0 (Macintosh; Intel Mac OS X 10_15_7) AppleWebKit/537.36 (KHTML, like Gecko) Chrome/134.0.0.0 Safari/537.36",
  "userId": "67f922e34e81393cc5253968"
}
[2025-04-11T15:37:36.459Z] [DEBUG] Token extracted from header {
  "url": "/api/jobs"
}
[2025-04-11T15:37:36.461Z] [DEBUG] Token verified successfully {
  "userId": "67f922e34e81393cc5253968"
}
[2025-04-11T15:37:36.459Z] [DEBUG] [testing] Incoming request: GET /api/jobs {
  "headers": {
    "host": "localhost:3000",
    "connection": "keep-alive",
    "sec-ch-ua-platform": "\"macOS\"",
    "authorization": "Bearer eyJhbGciOiJIUzI1NiIsInR5cCI6IkpXVCJ9.eyJ1c2VySWQiOiI2N2Y5MjJlMzRlODEzOTNjYzUyNTM5NjgiLCJpYXQiOjE3NDQzODU4MTMsImV4cCI6MTc0Njk3NzgxM30.E6aPrFVqt-xt25nquv3juQz0lKaToZyfWgb2zGwQY6o",
    "user-agent": "Mozilla/5.0 (Macintosh; Intel Mac OS X 10_15_7) AppleWebKit/537.36 (KHTML, like Gecko) Chrome/134.0.0.0 Safari/537.36",
    "sec-ch-ua": "\"Chromium\";v=\"134\", \"Not:A-Brand\";v=\"24\", \"Google Chrome\";v=\"134\"",
    "content-type": "application/json",
    "sec-ch-ua-mobile": "?0",
    "accept": "*/*",
    "origin": "http://localhost:5173",
    "sec-fetch-site": "same-site",
    "sec-fetch-mode": "cors",
    "sec-fetch-dest": "empty",
    "referer": "http://localhost:5173/",
    "accept-encoding": "gzip, deflate, br, zstd",
    "accept-language": "en-GB,en-US;q=0.9,en;q=0.8",
    "if-none-match": "W/\"11d-desxTrPwM6/HTCELNNvB/NePdzs\""
  },
  "query": {},
  "params": {}
}
[2025-04-11T15:37:36.459Z] [DEBUG] Checking authentication headers {
  "url": "/api/jobs",
  "headers": "Authorization header present"
}
[2025-04-11T15:37:36.499Z] [DEBUG] User attached to request {
  "userId": "67f922e34e81393cc5253968",
  "route": "/api/jobs"
}
[2025-04-11T15:37:36.537Z] [INFO] GET /api/jobs 304 - 78ms {
  "method": "GET",
  "url": "/api/jobs",
  "status": 304,
  "duration": 78,
  "ip": "::1",
  "userAgent": "Mozilla/5.0 (Macintosh; Intel Mac OS X 10_15_7) AppleWebKit/537.36 (KHTML, like Gecko) Chrome/134.0.0.0 Safari/537.36",
  "userId": "67f922e34e81393cc5253968"
}
[2025-04-11T15:37:38.860Z] [DEBUG] [testing] Incoming request: GET /api/jobs {
  "headers": {
    "host": "localhost:3000",
    "connection": "keep-alive",
    "sec-ch-ua-platform": "\"macOS\"",
    "authorization": "Bearer eyJhbGciOiJIUzI1NiIsInR5cCI6IkpXVCJ9.eyJ1c2VySWQiOiI2N2Y5MjJlMzRlODEzOTNjYzUyNTM5NjgiLCJpYXQiOjE3NDQzODU4MTMsImV4cCI6MTc0Njk3NzgxM30.E6aPrFVqt-xt25nquv3juQz0lKaToZyfWgb2zGwQY6o",
    "user-agent": "Mozilla/5.0 (Macintosh; Intel Mac OS X 10_15_7) AppleWebKit/537.36 (KHTML, like Gecko) Chrome/134.0.0.0 Safari/537.36",
    "sec-ch-ua": "\"Chromium\";v=\"134\", \"Not:A-Brand\";v=\"24\", \"Google Chrome\";v=\"134\"",
    "content-type": "application/json",
    "sec-ch-ua-mobile": "?0",
    "accept": "*/*",
    "origin": "http://localhost:5173",
    "sec-fetch-site": "same-site",
    "sec-fetch-mode": "cors",
    "sec-fetch-dest": "empty",
    "referer": "http://localhost:5173/",
    "accept-encoding": "gzip, deflate, br, zstd",
    "accept-language": "en-GB,en-US;q=0.9,en;q=0.8",
    "if-none-match": "W/\"11d-desxTrPwM6/HTCELNNvB/NePdzs\""
  },
  "query": {},
  "params": {}
}
[2025-04-11T15:37:38.860Z] [DEBUG] Checking authentication headers {
  "url": "/api/jobs",
  "headers": "Authorization header present"
}
[2025-04-11T15:37:38.860Z] [DEBUG] Token extracted from header {
  "url": "/api/jobs"
}
[2025-04-11T15:37:38.863Z] [DEBUG] Token verified successfully {
  "userId": "67f922e34e81393cc5253968"
}
[2025-04-11T15:37:38.909Z] [DEBUG] User attached to request {
  "userId": "67f922e34e81393cc5253968",
  "route": "/api/jobs"
}
[2025-04-11T15:37:38.947Z] [INFO] GET /api/jobs 304 - 87ms {
  "method": "GET",
  "url": "/api/jobs",
  "status": 304,
  "duration": 87,
  "ip": "::1",
  "userAgent": "Mozilla/5.0 (Macintosh; Intel Mac OS X 10_15_7) AppleWebKit/537.36 (KHTML, like Gecko) Chrome/134.0.0.0 Safari/537.36",
  "userId": "67f922e34e81393cc5253968"
}
[2025-04-11T15:37:38.951Z] [DEBUG] [testing] Incoming request: GET /api/jobs {
  "headers": {
    "host": "localhost:3000",
    "connection": "keep-alive",
    "sec-ch-ua-platform": "\"macOS\"",
    "authorization": "Bearer eyJhbGciOiJIUzI1NiIsInR5cCI6IkpXVCJ9.eyJ1c2VySWQiOiI2N2Y5MjJlMzRlODEzOTNjYzUyNTM5NjgiLCJpYXQiOjE3NDQzODU4MTMsImV4cCI6MTc0Njk3NzgxM30.E6aPrFVqt-xt25nquv3juQz0lKaToZyfWgb2zGwQY6o",
    "user-agent": "Mozilla/5.0 (Macintosh; Intel Mac OS X 10_15_7) AppleWebKit/537.36 (KHTML, like Gecko) Chrome/134.0.0.0 Safari/537.36",
    "sec-ch-ua": "\"Chromium\";v=\"134\", \"Not:A-Brand\";v=\"24\", \"Google Chrome\";v=\"134\"",
    "content-type": "application/json",
    "sec-ch-ua-mobile": "?0",
    "accept": "*/*",
    "origin": "http://localhost:5173",
    "sec-fetch-site": "same-site",
    "sec-fetch-mode": "cors",
    "sec-fetch-dest": "empty",
    "referer": "http://localhost:5173/",
    "accept-encoding": "gzip, deflate, br, zstd",
    "accept-language": "en-GB,en-US;q=0.9,en;q=0.8",
    "if-none-match": "W/\"11d-desxTrPwM6/HTCELNNvB/NePdzs\""
  },
  "query": {},
  "params": {}
}
[2025-04-11T15:37:38.954Z] [DEBUG] Token verified successfully {
  "userId": "67f922e34e81393cc5253968"
}
[2025-04-11T15:37:38.952Z] [DEBUG] Token extracted from header {
  "url": "/api/jobs"
}
[2025-04-11T15:37:38.952Z] [DEBUG] Checking authentication headers {
  "url": "/api/jobs",
  "headers": "Authorization header present"
}
[2025-04-11T15:37:39.002Z] [DEBUG] User attached to request {
  "userId": "67f922e34e81393cc5253968",
  "route": "/api/jobs"
}
[2025-04-11T15:37:39.040Z] [INFO] GET /api/jobs 304 - 92ms {
  "method": "GET",
  "url": "/api/jobs",
  "status": 304,
  "duration": 92,
  "ip": "::1",
  "userAgent": "Mozilla/5.0 (Macintosh; Intel Mac OS X 10_15_7) AppleWebKit/537.36 (KHTML, like Gecko) Chrome/134.0.0.0 Safari/537.36",
  "userId": "67f922e34e81393cc5253968"
}
[2025-04-11T15:37:42.994Z] [DEBUG] [testing] Incoming request: GET /api/jobs {
  "headers": {
    "host": "localhost:3000",
    "connection": "keep-alive",
    "sec-ch-ua-platform": "\"macOS\"",
    "authorization": "Bearer eyJhbGciOiJIUzI1NiIsInR5cCI6IkpXVCJ9.eyJ1c2VySWQiOiI2N2Y5MjJlMzRlODEzOTNjYzUyNTM5NjgiLCJpYXQiOjE3NDQzODU4MTMsImV4cCI6MTc0Njk3NzgxM30.E6aPrFVqt-xt25nquv3juQz0lKaToZyfWgb2zGwQY6o",
    "user-agent": "Mozilla/5.0 (Macintosh; Intel Mac OS X 10_15_7) AppleWebKit/537.36 (KHTML, like Gecko) Chrome/134.0.0.0 Safari/537.36",
    "sec-ch-ua": "\"Chromium\";v=\"134\", \"Not:A-Brand\";v=\"24\", \"Google Chrome\";v=\"134\"",
    "content-type": "application/json",
    "sec-ch-ua-mobile": "?0",
    "accept": "*/*",
    "origin": "http://localhost:5173",
    "sec-fetch-site": "same-site",
    "sec-fetch-mode": "cors",
    "sec-fetch-dest": "empty",
    "referer": "http://localhost:5173/",
    "accept-encoding": "gzip, deflate, br, zstd",
    "accept-language": "en-GB,en-US;q=0.9,en;q=0.8",
    "if-none-match": "W/\"11d-desxTrPwM6/HTCELNNvB/NePdzs\""
  },
  "query": {},
  "params": {}
}
[2025-04-11T15:37:42.994Z] [DEBUG] Checking authentication headers {
  "url": "/api/jobs",
  "headers": "Authorization header present"
}
[2025-04-11T15:37:42.994Z] [DEBUG] Token extracted from header {
  "url": "/api/jobs"
}
[2025-04-11T15:37:42.996Z] [DEBUG] Token verified successfully {
  "userId": "67f922e34e81393cc5253968"
}
[2025-04-11T15:37:43.032Z] [DEBUG] User attached to request {
  "userId": "67f922e34e81393cc5253968",
  "route": "/api/jobs"
}
[2025-04-11T15:37:43.071Z] [INFO] GET /api/jobs 304 - 77ms {
  "method": "GET",
  "url": "/api/jobs",
  "status": 304,
  "duration": 77,
  "ip": "::1",
  "userAgent": "Mozilla/5.0 (Macintosh; Intel Mac OS X 10_15_7) AppleWebKit/537.36 (KHTML, like Gecko) Chrome/134.0.0.0 Safari/537.36",
  "userId": "67f922e34e81393cc5253968"
}
[2025-04-11T15:37:43.076Z] [DEBUG] Token extracted from header {
  "url": "/api/jobs"
}
[2025-04-11T15:37:43.076Z] [DEBUG] Checking authentication headers {
  "url": "/api/jobs",
  "headers": "Authorization header present"
}
[2025-04-11T15:37:43.076Z] [DEBUG] [testing] Incoming request: GET /api/jobs {
  "headers": {
    "host": "localhost:3000",
    "connection": "keep-alive",
    "sec-ch-ua-platform": "\"macOS\"",
    "authorization": "Bearer eyJhbGciOiJIUzI1NiIsInR5cCI6IkpXVCJ9.eyJ1c2VySWQiOiI2N2Y5MjJlMzRlODEzOTNjYzUyNTM5NjgiLCJpYXQiOjE3NDQzODU4MTMsImV4cCI6MTc0Njk3NzgxM30.E6aPrFVqt-xt25nquv3juQz0lKaToZyfWgb2zGwQY6o",
    "user-agent": "Mozilla/5.0 (Macintosh; Intel Mac OS X 10_15_7) AppleWebKit/537.36 (KHTML, like Gecko) Chrome/134.0.0.0 Safari/537.36",
    "sec-ch-ua": "\"Chromium\";v=\"134\", \"Not:A-Brand\";v=\"24\", \"Google Chrome\";v=\"134\"",
    "content-type": "application/json",
    "sec-ch-ua-mobile": "?0",
    "accept": "*/*",
    "origin": "http://localhost:5173",
    "sec-fetch-site": "same-site",
    "sec-fetch-mode": "cors",
    "sec-fetch-dest": "empty",
    "referer": "http://localhost:5173/",
    "accept-encoding": "gzip, deflate, br, zstd",
    "accept-language": "en-GB,en-US;q=0.9,en;q=0.8",
    "if-none-match": "W/\"11d-desxTrPwM6/HTCELNNvB/NePdzs\""
  },
  "query": {},
  "params": {}
}
[2025-04-11T15:37:43.078Z] [DEBUG] Token verified successfully {
  "userId": "67f922e34e81393cc5253968"
}
[2025-04-11T15:37:43.114Z] [DEBUG] User attached to request {
  "userId": "67f922e34e81393cc5253968",
  "route": "/api/jobs"
}
[2025-04-11T15:37:43.152Z] [INFO] GET /api/jobs 304 - 77ms {
  "method": "GET",
  "url": "/api/jobs",
  "status": 304,
  "duration": 77,
  "ip": "::1",
  "userAgent": "Mozilla/5.0 (Macintosh; Intel Mac OS X 10_15_7) AppleWebKit/537.36 (KHTML, like Gecko) Chrome/134.0.0.0 Safari/537.36",
  "userId": "67f922e34e81393cc5253968"
}
[2025-04-11T15:39:45.802Z] [DEBUG] [testing] Incoming request: GET /api/jobs {
  "headers": {
    "host": "localhost:3000",
    "connection": "keep-alive",
    "sec-ch-ua-platform": "\"macOS\"",
    "authorization": "Bearer eyJhbGciOiJIUzI1NiIsInR5cCI6IkpXVCJ9.eyJ1c2VySWQiOiI2N2Y5MjJlMzRlODEzOTNjYzUyNTM5NjgiLCJpYXQiOjE3NDQzODU4MTMsImV4cCI6MTc0Njk3NzgxM30.E6aPrFVqt-xt25nquv3juQz0lKaToZyfWgb2zGwQY6o",
    "user-agent": "Mozilla/5.0 (Macintosh; Intel Mac OS X 10_15_7) AppleWebKit/537.36 (KHTML, like Gecko) Chrome/134.0.0.0 Safari/537.36",
    "sec-ch-ua": "\"Chromium\";v=\"134\", \"Not:A-Brand\";v=\"24\", \"Google Chrome\";v=\"134\"",
    "content-type": "application/json",
    "sec-ch-ua-mobile": "?0",
    "accept": "*/*",
    "origin": "http://localhost:5173",
    "sec-fetch-site": "same-site",
    "sec-fetch-mode": "cors",
    "sec-fetch-dest": "empty",
    "referer": "http://localhost:5173/",
    "accept-encoding": "gzip, deflate, br, zstd",
    "accept-language": "en-GB,en-US;q=0.9,en;q=0.8",
    "if-none-match": "W/\"11d-desxTrPwM6/HTCELNNvB/NePdzs\""
  },
  "query": {},
  "params": {}
}
[2025-04-11T15:39:45.802Z] [DEBUG] Checking authentication headers {
  "url": "/api/jobs",
  "headers": "Authorization header present"
}
[2025-04-11T15:39:45.802Z] [DEBUG] Token extracted from header {
  "url": "/api/jobs"
}
[2025-04-11T15:39:45.804Z] [DEBUG] Token verified successfully {
  "userId": "67f922e34e81393cc5253968"
}
[2025-04-11T15:39:45.852Z] [DEBUG] User attached to request {
  "userId": "67f922e34e81393cc5253968",
  "route": "/api/jobs"
}
[2025-04-11T15:39:45.891Z] [INFO] GET /api/jobs 304 - 90ms {
  "method": "GET",
  "url": "/api/jobs",
  "status": 304,
  "duration": 90,
  "ip": "::1",
  "userAgent": "Mozilla/5.0 (Macintosh; Intel Mac OS X 10_15_7) AppleWebKit/537.36 (KHTML, like Gecko) Chrome/134.0.0.0 Safari/537.36",
  "userId": "67f922e34e81393cc5253968"
}
[2025-04-11T15:39:45.893Z] [DEBUG] [testing] Incoming request: GET /api/jobs {
  "headers": {
    "host": "localhost:3000",
    "connection": "keep-alive",
    "sec-ch-ua-platform": "\"macOS\"",
    "authorization": "Bearer eyJhbGciOiJIUzI1NiIsInR5cCI6IkpXVCJ9.eyJ1c2VySWQiOiI2N2Y5MjJlMzRlODEzOTNjYzUyNTM5NjgiLCJpYXQiOjE3NDQzODU4MTMsImV4cCI6MTc0Njk3NzgxM30.E6aPrFVqt-xt25nquv3juQz0lKaToZyfWgb2zGwQY6o",
    "user-agent": "Mozilla/5.0 (Macintosh; Intel Mac OS X 10_15_7) AppleWebKit/537.36 (KHTML, like Gecko) Chrome/134.0.0.0 Safari/537.36",
    "sec-ch-ua": "\"Chromium\";v=\"134\", \"Not:A-Brand\";v=\"24\", \"Google Chrome\";v=\"134\"",
    "content-type": "application/json",
    "sec-ch-ua-mobile": "?0",
    "accept": "*/*",
    "origin": "http://localhost:5173",
    "sec-fetch-site": "same-site",
    "sec-fetch-mode": "cors",
    "sec-fetch-dest": "empty",
    "referer": "http://localhost:5173/",
    "accept-encoding": "gzip, deflate, br, zstd",
    "accept-language": "en-GB,en-US;q=0.9,en;q=0.8",
    "if-none-match": "W/\"11d-desxTrPwM6/HTCELNNvB/NePdzs\""
  },
  "query": {},
  "params": {}
}
[2025-04-11T15:39:45.893Z] [DEBUG] Checking authentication headers {
  "url": "/api/jobs",
  "headers": "Authorization header present"
}
[2025-04-11T15:39:45.893Z] [DEBUG] Token extracted from header {
  "url": "/api/jobs"
}
[2025-04-11T15:39:45.895Z] [DEBUG] Token verified successfully {
  "userId": "67f922e34e81393cc5253968"
}
[2025-04-11T15:39:45.932Z] [DEBUG] User attached to request {
  "userId": "67f922e34e81393cc5253968",
  "route": "/api/jobs"
}
[2025-04-11T15:39:45.968Z] [INFO] GET /api/jobs 304 - 75ms {
  "method": "GET",
  "url": "/api/jobs",
  "status": 304,
  "duration": 75,
  "ip": "::1",
  "userAgent": "Mozilla/5.0 (Macintosh; Intel Mac OS X 10_15_7) AppleWebKit/537.36 (KHTML, like Gecko) Chrome/134.0.0.0 Safari/537.36",
  "userId": "67f922e34e81393cc5253968"
}
[2025-04-11T15:42:32.852Z] [DEBUG] Checking authentication headers {
  "url": "/api/jobs",
  "headers": "Authorization header present"
}
[2025-04-11T15:42:32.852Z] [DEBUG] Token extracted from header {
  "url": "/api/jobs"
}
[2025-04-11T15:42:32.851Z] [DEBUG] [testing] Incoming request: GET /api/jobs {
  "headers": {
    "host": "localhost:3000",
    "connection": "keep-alive",
    "sec-ch-ua-platform": "\"macOS\"",
    "authorization": "Bearer eyJhbGciOiJIUzI1NiIsInR5cCI6IkpXVCJ9.eyJ1c2VySWQiOiI2N2Y5MjJlMzRlODEzOTNjYzUyNTM5NjgiLCJpYXQiOjE3NDQzODU4MTMsImV4cCI6MTc0Njk3NzgxM30.E6aPrFVqt-xt25nquv3juQz0lKaToZyfWgb2zGwQY6o",
    "user-agent": "Mozilla/5.0 (Macintosh; Intel Mac OS X 10_15_7) AppleWebKit/537.36 (KHTML, like Gecko) Chrome/134.0.0.0 Safari/537.36",
    "sec-ch-ua": "\"Chromium\";v=\"134\", \"Not:A-Brand\";v=\"24\", \"Google Chrome\";v=\"134\"",
    "content-type": "application/json",
    "sec-ch-ua-mobile": "?0",
    "accept": "*/*",
    "origin": "http://localhost:5173",
    "sec-fetch-site": "same-site",
    "sec-fetch-mode": "cors",
    "sec-fetch-dest": "empty",
    "referer": "http://localhost:5173/",
    "accept-encoding": "gzip, deflate, br, zstd",
    "accept-language": "en-GB,en-US;q=0.9,en;q=0.8",
    "if-none-match": "W/\"11d-desxTrPwM6/HTCELNNvB/NePdzs\""
  },
  "query": {},
  "params": {}
}
[2025-04-11T15:42:32.854Z] [DEBUG] Token verified successfully {
  "userId": "67f922e34e81393cc5253968"
}
[2025-04-11T15:42:32.899Z] [DEBUG] User attached to request {
  "userId": "67f922e34e81393cc5253968",
  "route": "/api/jobs"
}
[2025-04-11T15:42:32.939Z] [INFO] GET /api/jobs 304 - 88ms {
  "method": "GET",
  "url": "/api/jobs",
  "status": 304,
  "duration": 88,
  "ip": "::1",
  "userAgent": "Mozilla/5.0 (Macintosh; Intel Mac OS X 10_15_7) AppleWebKit/537.36 (KHTML, like Gecko) Chrome/134.0.0.0 Safari/537.36",
  "userId": "67f922e34e81393cc5253968"
}
[2025-04-11T15:42:32.940Z] [DEBUG] [testing] Incoming request: GET /api/jobs {
  "headers": {
    "host": "localhost:3000",
    "connection": "keep-alive",
    "sec-ch-ua-platform": "\"macOS\"",
    "authorization": "Bearer eyJhbGciOiJIUzI1NiIsInR5cCI6IkpXVCJ9.eyJ1c2VySWQiOiI2N2Y5MjJlMzRlODEzOTNjYzUyNTM5NjgiLCJpYXQiOjE3NDQzODU4MTMsImV4cCI6MTc0Njk3NzgxM30.E6aPrFVqt-xt25nquv3juQz0lKaToZyfWgb2zGwQY6o",
    "user-agent": "Mozilla/5.0 (Macintosh; Intel Mac OS X 10_15_7) AppleWebKit/537.36 (KHTML, like Gecko) Chrome/134.0.0.0 Safari/537.36",
    "sec-ch-ua": "\"Chromium\";v=\"134\", \"Not:A-Brand\";v=\"24\", \"Google Chrome\";v=\"134\"",
    "content-type": "application/json",
    "sec-ch-ua-mobile": "?0",
    "accept": "*/*",
    "origin": "http://localhost:5173",
    "sec-fetch-site": "same-site",
    "sec-fetch-mode": "cors",
    "sec-fetch-dest": "empty",
    "referer": "http://localhost:5173/",
    "accept-encoding": "gzip, deflate, br, zstd",
    "accept-language": "en-GB,en-US;q=0.9,en;q=0.8",
    "if-none-match": "W/\"11d-desxTrPwM6/HTCELNNvB/NePdzs\""
  },
  "query": {},
  "params": {}
}
[2025-04-11T15:42:32.941Z] [DEBUG] Token extracted from header {
  "url": "/api/jobs"
}
[2025-04-11T15:42:32.941Z] [DEBUG] Checking authentication headers {
  "url": "/api/jobs",
  "headers": "Authorization header present"
}
[2025-04-11T15:42:32.943Z] [DEBUG] Token verified successfully {
  "userId": "67f922e34e81393cc5253968"
}
[2025-04-11T15:42:32.982Z] [DEBUG] User attached to request {
  "userId": "67f922e34e81393cc5253968",
  "route": "/api/jobs"
}
[2025-04-11T15:42:33.020Z] [INFO] GET /api/jobs 304 - 80ms {
  "method": "GET",
  "url": "/api/jobs",
  "status": 304,
  "duration": 80,
  "ip": "::1",
  "userAgent": "Mozilla/5.0 (Macintosh; Intel Mac OS X 10_15_7) AppleWebKit/537.36 (KHTML, like Gecko) Chrome/134.0.0.0 Safari/537.36",
  "userId": "67f922e34e81393cc5253968"
}
[2025-04-11T15:42:41.467Z] [DEBUG] Checking authentication headers {
  "url": "/api/jobs",
  "headers": "Authorization header present"
}
[2025-04-11T15:42:41.466Z] [DEBUG] [testing] Incoming request: GET /api/jobs {
  "headers": {
    "host": "localhost:3000",
    "connection": "keep-alive",
    "sec-ch-ua-platform": "\"macOS\"",
    "authorization": "Bearer eyJhbGciOiJIUzI1NiIsInR5cCI6IkpXVCJ9.eyJ1c2VySWQiOiI2N2Y5MjJlMzRlODEzOTNjYzUyNTM5NjgiLCJpYXQiOjE3NDQzODU4MTMsImV4cCI6MTc0Njk3NzgxM30.E6aPrFVqt-xt25nquv3juQz0lKaToZyfWgb2zGwQY6o",
    "user-agent": "Mozilla/5.0 (Macintosh; Intel Mac OS X 10_15_7) AppleWebKit/537.36 (KHTML, like Gecko) Chrome/134.0.0.0 Safari/537.36",
    "sec-ch-ua": "\"Chromium\";v=\"134\", \"Not:A-Brand\";v=\"24\", \"Google Chrome\";v=\"134\"",
    "content-type": "application/json",
    "sec-ch-ua-mobile": "?0",
    "accept": "*/*",
    "origin": "http://localhost:5173",
    "sec-fetch-site": "same-site",
    "sec-fetch-mode": "cors",
    "sec-fetch-dest": "empty",
    "referer": "http://localhost:5173/",
    "accept-encoding": "gzip, deflate, br, zstd",
    "accept-language": "en-GB,en-US;q=0.9,en;q=0.8",
    "if-none-match": "W/\"11d-desxTrPwM6/HTCELNNvB/NePdzs\""
  },
  "query": {},
  "params": {}
}
[2025-04-11T15:42:41.467Z] [DEBUG] Token extracted from header {
  "url": "/api/jobs"
}
[2025-04-11T15:42:41.468Z] [DEBUG] Token verified successfully {
  "userId": "67f922e34e81393cc5253968"
}
[2025-04-11T15:42:41.505Z] [DEBUG] User attached to request {
  "userId": "67f922e34e81393cc5253968",
  "route": "/api/jobs"
}
[2025-04-11T15:42:41.545Z] [INFO] GET /api/jobs 304 - 79ms {
  "method": "GET",
  "url": "/api/jobs",
  "status": 304,
  "duration": 79,
  "ip": "::1",
  "userAgent": "Mozilla/5.0 (Macintosh; Intel Mac OS X 10_15_7) AppleWebKit/537.36 (KHTML, like Gecko) Chrome/134.0.0.0 Safari/537.36",
  "userId": "67f922e34e81393cc5253968"
}
[2025-04-11T15:42:41.547Z] [DEBUG] [testing] Incoming request: GET /api/jobs {
  "headers": {
    "host": "localhost:3000",
    "connection": "keep-alive",
    "sec-ch-ua-platform": "\"macOS\"",
    "authorization": "Bearer eyJhbGciOiJIUzI1NiIsInR5cCI6IkpXVCJ9.eyJ1c2VySWQiOiI2N2Y5MjJlMzRlODEzOTNjYzUyNTM5NjgiLCJpYXQiOjE3NDQzODU4MTMsImV4cCI6MTc0Njk3NzgxM30.E6aPrFVqt-xt25nquv3juQz0lKaToZyfWgb2zGwQY6o",
    "user-agent": "Mozilla/5.0 (Macintosh; Intel Mac OS X 10_15_7) AppleWebKit/537.36 (KHTML, like Gecko) Chrome/134.0.0.0 Safari/537.36",
    "sec-ch-ua": "\"Chromium\";v=\"134\", \"Not:A-Brand\";v=\"24\", \"Google Chrome\";v=\"134\"",
    "content-type": "application/json",
    "sec-ch-ua-mobile": "?0",
    "accept": "*/*",
    "origin": "http://localhost:5173",
    "sec-fetch-site": "same-site",
    "sec-fetch-mode": "cors",
    "sec-fetch-dest": "empty",
    "referer": "http://localhost:5173/",
    "accept-encoding": "gzip, deflate, br, zstd",
    "accept-language": "en-GB,en-US;q=0.9,en;q=0.8",
    "if-none-match": "W/\"11d-desxTrPwM6/HTCELNNvB/NePdzs\""
  },
  "query": {},
  "params": {}
}
[2025-04-11T15:42:41.547Z] [DEBUG] Checking authentication headers {
  "url": "/api/jobs",
  "headers": "Authorization header present"
}
[2025-04-11T15:42:41.547Z] [DEBUG] Token extracted from header {
  "url": "/api/jobs"
}
[2025-04-11T15:42:41.549Z] [DEBUG] Token verified successfully {
  "userId": "67f922e34e81393cc5253968"
}
[2025-04-11T15:42:41.586Z] [DEBUG] User attached to request {
  "userId": "67f922e34e81393cc5253968",
  "route": "/api/jobs"
}
[2025-04-11T15:42:41.626Z] [INFO] GET /api/jobs 304 - 78ms {
  "method": "GET",
  "url": "/api/jobs",
  "status": 304,
  "duration": 78,
  "ip": "::1",
  "userAgent": "Mozilla/5.0 (Macintosh; Intel Mac OS X 10_15_7) AppleWebKit/537.36 (KHTML, like Gecko) Chrome/134.0.0.0 Safari/537.36",
  "userId": "67f922e34e81393cc5253968"
}
[2025-04-11T15:50:44.131Z] [DEBUG] [testing] Incoming request: GET /api/jobs {
  "headers": {
    "host": "localhost:3000",
    "connection": "keep-alive",
    "sec-ch-ua-platform": "\"macOS\"",
    "authorization": "Bearer eyJhbGciOiJIUzI1NiIsInR5cCI6IkpXVCJ9.eyJ1c2VySWQiOiI2N2Y5MjJlMzRlODEzOTNjYzUyNTM5NjgiLCJpYXQiOjE3NDQzODU4MTMsImV4cCI6MTc0Njk3NzgxM30.E6aPrFVqt-xt25nquv3juQz0lKaToZyfWgb2zGwQY6o",
    "user-agent": "Mozilla/5.0 (Macintosh; Intel Mac OS X 10_15_7) AppleWebKit/537.36 (KHTML, like Gecko) Chrome/134.0.0.0 Safari/537.36",
    "sec-ch-ua": "\"Chromium\";v=\"134\", \"Not:A-Brand\";v=\"24\", \"Google Chrome\";v=\"134\"",
    "content-type": "application/json",
    "sec-ch-ua-mobile": "?0",
    "accept": "*/*",
    "origin": "http://localhost:5173",
    "sec-fetch-site": "same-site",
    "sec-fetch-mode": "cors",
    "sec-fetch-dest": "empty",
    "referer": "http://localhost:5173/",
    "accept-encoding": "gzip, deflate, br, zstd",
    "accept-language": "en-GB,en-US;q=0.9,en;q=0.8",
    "if-none-match": "W/\"11d-desxTrPwM6/HTCELNNvB/NePdzs\""
  },
  "query": {},
  "params": {}
}
[2025-04-11T15:50:44.133Z] [DEBUG] Checking authentication headers {
  "url": "/api/jobs",
  "headers": "Authorization header present"
}
[2025-04-11T15:50:44.133Z] [DEBUG] Token extracted from header {
  "url": "/api/jobs"
}
[2025-04-11T15:50:44.136Z] [DEBUG] Token verified successfully {
  "userId": "67f922e34e81393cc5253968"
}
[2025-04-11T15:50:44.177Z] [DEBUG] User attached to request {
  "userId": "67f922e34e81393cc5253968",
  "route": "/api/jobs"
}
[2025-04-11T15:50:44.219Z] [INFO] GET /api/jobs 304 - 87ms {
  "method": "GET",
  "url": "/api/jobs",
  "status": 304,
  "duration": 87,
  "ip": "::1",
  "userAgent": "Mozilla/5.0 (Macintosh; Intel Mac OS X 10_15_7) AppleWebKit/537.36 (KHTML, like Gecko) Chrome/134.0.0.0 Safari/537.36",
  "userId": "67f922e34e81393cc5253968"
}
[2025-04-11T15:50:44.221Z] [DEBUG] [testing] Incoming request: GET /api/jobs {
  "headers": {
    "host": "localhost:3000",
    "connection": "keep-alive",
    "sec-ch-ua-platform": "\"macOS\"",
    "authorization": "Bearer eyJhbGciOiJIUzI1NiIsInR5cCI6IkpXVCJ9.eyJ1c2VySWQiOiI2N2Y5MjJlMzRlODEzOTNjYzUyNTM5NjgiLCJpYXQiOjE3NDQzODU4MTMsImV4cCI6MTc0Njk3NzgxM30.E6aPrFVqt-xt25nquv3juQz0lKaToZyfWgb2zGwQY6o",
    "user-agent": "Mozilla/5.0 (Macintosh; Intel Mac OS X 10_15_7) AppleWebKit/537.36 (KHTML, like Gecko) Chrome/134.0.0.0 Safari/537.36",
    "sec-ch-ua": "\"Chromium\";v=\"134\", \"Not:A-Brand\";v=\"24\", \"Google Chrome\";v=\"134\"",
    "content-type": "application/json",
    "sec-ch-ua-mobile": "?0",
    "accept": "*/*",
    "origin": "http://localhost:5173",
    "sec-fetch-site": "same-site",
    "sec-fetch-mode": "cors",
    "sec-fetch-dest": "empty",
    "referer": "http://localhost:5173/",
    "accept-encoding": "gzip, deflate, br, zstd",
    "accept-language": "en-GB,en-US;q=0.9,en;q=0.8",
    "if-none-match": "W/\"11d-desxTrPwM6/HTCELNNvB/NePdzs\""
  },
  "query": {},
  "params": {}
}
[2025-04-11T15:50:44.221Z] [DEBUG] Checking authentication headers {
  "url": "/api/jobs",
  "headers": "Authorization header present"
}
[2025-04-11T15:50:44.221Z] [DEBUG] Token extracted from header {
  "url": "/api/jobs"
}
[2025-04-11T15:50:44.222Z] [DEBUG] Token verified successfully {
  "userId": "67f922e34e81393cc5253968"
}
[2025-04-11T15:50:44.259Z] [DEBUG] User attached to request {
  "userId": "67f922e34e81393cc5253968",
  "route": "/api/jobs"
}
[2025-04-11T15:50:44.297Z] [INFO] GET /api/jobs 304 - 77ms {
  "method": "GET",
  "url": "/api/jobs",
  "status": 304,
  "duration": 77,
  "ip": "::1",
  "userAgent": "Mozilla/5.0 (Macintosh; Intel Mac OS X 10_15_7) AppleWebKit/537.36 (KHTML, like Gecko) Chrome/134.0.0.0 Safari/537.36",
  "userId": "67f922e34e81393cc5253968"
}
[2025-04-11T15:54:54.231Z] [DEBUG] [testing] Incoming request: GET /api/jobs {
  "headers": {
    "host": "localhost:3000",
    "connection": "keep-alive",
    "sec-ch-ua-platform": "\"macOS\"",
    "authorization": "Bearer eyJhbGciOiJIUzI1NiIsInR5cCI6IkpXVCJ9.eyJ1c2VySWQiOiI2N2Y5MjJlMzRlODEzOTNjYzUyNTM5NjgiLCJpYXQiOjE3NDQzODU4MTMsImV4cCI6MTc0Njk3NzgxM30.E6aPrFVqt-xt25nquv3juQz0lKaToZyfWgb2zGwQY6o",
    "user-agent": "Mozilla/5.0 (Macintosh; Intel Mac OS X 10_15_7) AppleWebKit/537.36 (KHTML, like Gecko) Chrome/134.0.0.0 Safari/537.36",
    "sec-ch-ua": "\"Chromium\";v=\"134\", \"Not:A-Brand\";v=\"24\", \"Google Chrome\";v=\"134\"",
    "content-type": "application/json",
    "sec-ch-ua-mobile": "?0",
    "accept": "*/*",
    "origin": "http://localhost:5173",
    "sec-fetch-site": "same-site",
    "sec-fetch-mode": "cors",
    "sec-fetch-dest": "empty",
    "referer": "http://localhost:5173/",
    "accept-encoding": "gzip, deflate, br, zstd",
    "accept-language": "en-GB,en-US;q=0.9,en;q=0.8",
    "if-none-match": "W/\"11d-desxTrPwM6/HTCELNNvB/NePdzs\""
  },
  "query": {},
  "params": {}
}
[2025-04-11T15:54:54.231Z] [DEBUG] Checking authentication headers {
  "url": "/api/jobs",
  "headers": "Authorization header present"
}
[2025-04-11T15:54:54.231Z] [DEBUG] Token extracted from header {
  "url": "/api/jobs"
}
[2025-04-11T15:54:54.232Z] [DEBUG] Token verified successfully {
  "userId": "67f922e34e81393cc5253968"
}
[2025-04-11T15:54:54.275Z] [DEBUG] User attached to request {
  "userId": "67f922e34e81393cc5253968",
  "route": "/api/jobs"
}
[2025-04-11T15:54:54.311Z] [INFO] GET /api/jobs 304 - 80ms {
  "method": "GET",
  "url": "/api/jobs",
  "status": 304,
  "duration": 80,
  "ip": "::1",
  "userAgent": "Mozilla/5.0 (Macintosh; Intel Mac OS X 10_15_7) AppleWebKit/537.36 (KHTML, like Gecko) Chrome/134.0.0.0 Safari/537.36",
  "userId": "67f922e34e81393cc5253968"
}
[2025-04-11T15:54:54.312Z] [DEBUG] [testing] Incoming request: GET /api/jobs {
  "headers": {
    "host": "localhost:3000",
    "connection": "keep-alive",
    "sec-ch-ua-platform": "\"macOS\"",
    "authorization": "Bearer eyJhbGciOiJIUzI1NiIsInR5cCI6IkpXVCJ9.eyJ1c2VySWQiOiI2N2Y5MjJlMzRlODEzOTNjYzUyNTM5NjgiLCJpYXQiOjE3NDQzODU4MTMsImV4cCI6MTc0Njk3NzgxM30.E6aPrFVqt-xt25nquv3juQz0lKaToZyfWgb2zGwQY6o",
    "user-agent": "Mozilla/5.0 (Macintosh; Intel Mac OS X 10_15_7) AppleWebKit/537.36 (KHTML, like Gecko) Chrome/134.0.0.0 Safari/537.36",
    "sec-ch-ua": "\"Chromium\";v=\"134\", \"Not:A-Brand\";v=\"24\", \"Google Chrome\";v=\"134\"",
    "content-type": "application/json",
    "sec-ch-ua-mobile": "?0",
    "accept": "*/*",
    "origin": "http://localhost:5173",
    "sec-fetch-site": "same-site",
    "sec-fetch-mode": "cors",
    "sec-fetch-dest": "empty",
    "referer": "http://localhost:5173/",
    "accept-encoding": "gzip, deflate, br, zstd",
    "accept-language": "en-GB,en-US;q=0.9,en;q=0.8",
    "if-none-match": "W/\"11d-desxTrPwM6/HTCELNNvB/NePdzs\""
  },
  "query": {},
  "params": {}
}
[2025-04-11T15:54:54.312Z] [DEBUG] Checking authentication headers {
  "url": "/api/jobs",
  "headers": "Authorization header present"
}
[2025-04-11T15:54:54.312Z] [DEBUG] Token extracted from header {
  "url": "/api/jobs"
}
[2025-04-11T15:54:54.314Z] [DEBUG] Token verified successfully {
  "userId": "67f922e34e81393cc5253968"
}
[2025-04-11T15:54:54.349Z] [DEBUG] User attached to request {
  "userId": "67f922e34e81393cc5253968",
  "route": "/api/jobs"
}
[2025-04-11T15:54:54.385Z] [INFO] GET /api/jobs 304 - 73ms {
  "method": "GET",
  "url": "/api/jobs",
  "status": 304,
  "duration": 73,
  "ip": "::1",
  "userAgent": "Mozilla/5.0 (Macintosh; Intel Mac OS X 10_15_7) AppleWebKit/537.36 (KHTML, like Gecko) Chrome/134.0.0.0 Safari/537.36",
  "userId": "67f922e34e81393cc5253968"
}
[2025-04-11T15:55:15.124Z] [DEBUG] Checking authentication headers {
  "url": "/api/jobs",
  "headers": "Authorization header present"
}
[2025-04-11T15:55:15.126Z] [DEBUG] Token verified successfully {
  "userId": "67f922e34e81393cc5253968"
}
[2025-04-11T15:55:15.124Z] [DEBUG] [testing] Request body {
  "url": "/api/jobs",
  "method": "POST",
  "body": {
    "position": "frontend developer",
    "company": "swiggy",
    "jobLocation": "Remote",
    "status": "interview",
    "jobType": "part-time"
  }
}
[2025-04-11T15:55:15.124Z] [DEBUG] Token extracted from header {
  "url": "/api/jobs"
}
[2025-04-11T15:55:15.124Z] [DEBUG] [testing] Incoming request: POST /api/jobs {
  "headers": {
    "host": "localhost:3000",
    "connection": "keep-alive",
    "content-length": "118",
    "sec-ch-ua-platform": "\"macOS\"",
    "authorization": "Bearer eyJhbGciOiJIUzI1NiIsInR5cCI6IkpXVCJ9.eyJ1c2VySWQiOiI2N2Y5MjJlMzRlODEzOTNjYzUyNTM5NjgiLCJpYXQiOjE3NDQzODU4MTMsImV4cCI6MTc0Njk3NzgxM30.E6aPrFVqt-xt25nquv3juQz0lKaToZyfWgb2zGwQY6o",
    "user-agent": "Mozilla/5.0 (Macintosh; Intel Mac OS X 10_15_7) AppleWebKit/537.36 (KHTML, like Gecko) Chrome/134.0.0.0 Safari/537.36",
    "sec-ch-ua": "\"Chromium\";v=\"134\", \"Not:A-Brand\";v=\"24\", \"Google Chrome\";v=\"134\"",
    "content-type": "application/json",
    "sec-ch-ua-mobile": "?0",
    "accept": "*/*",
    "origin": "http://localhost:5173",
    "sec-fetch-site": "same-site",
    "sec-fetch-mode": "cors",
    "sec-fetch-dest": "empty",
    "referer": "http://localhost:5173/",
    "accept-encoding": "gzip, deflate, br, zstd",
    "accept-language": "en-GB,en-US;q=0.9,en;q=0.8"
  },
  "body": {
    "position": "frontend developer",
    "company": "swiggy",
    "jobLocation": "Remote",
    "status": "interview",
    "jobType": "part-time"
  },
  "query": {},
  "params": {}
}
[2025-04-11T15:55:15.168Z] [DEBUG] User attached to request {
  "userId": "67f922e34e81393cc5253968",
  "route": "/api/jobs"
}
[2025-04-11T15:55:15.220Z] [INFO] POST /api/jobs 201 - 96ms {
  "method": "POST",
  "url": "/api/jobs",
  "status": 201,
  "duration": 96,
  "ip": "::1",
  "userAgent": "Mozilla/5.0 (Macintosh; Intel Mac OS X 10_15_7) AppleWebKit/537.36 (KHTML, like Gecko) Chrome/134.0.0.0 Safari/537.36",
  "userId": "67f922e34e81393cc5253968"
}
[2025-04-11T15:55:15.232Z] [DEBUG] [testing] Incoming request: GET /api/jobs {
  "headers": {
    "host": "localhost:3000",
    "connection": "keep-alive",
    "sec-ch-ua-platform": "\"macOS\"",
    "authorization": "Bearer eyJhbGciOiJIUzI1NiIsInR5cCI6IkpXVCJ9.eyJ1c2VySWQiOiI2N2Y5MjJlMzRlODEzOTNjYzUyNTM5NjgiLCJpYXQiOjE3NDQzODU4MTMsImV4cCI6MTc0Njk3NzgxM30.E6aPrFVqt-xt25nquv3juQz0lKaToZyfWgb2zGwQY6o",
    "user-agent": "Mozilla/5.0 (Macintosh; Intel Mac OS X 10_15_7) AppleWebKit/537.36 (KHTML, like Gecko) Chrome/134.0.0.0 Safari/537.36",
    "sec-ch-ua": "\"Chromium\";v=\"134\", \"Not:A-Brand\";v=\"24\", \"Google Chrome\";v=\"134\"",
    "content-type": "application/json",
    "sec-ch-ua-mobile": "?0",
    "accept": "*/*",
    "origin": "http://localhost:5173",
    "sec-fetch-site": "same-site",
    "sec-fetch-mode": "cors",
    "sec-fetch-dest": "empty",
    "referer": "http://localhost:5173/",
    "accept-encoding": "gzip, deflate, br, zstd",
    "accept-language": "en-GB,en-US;q=0.9,en;q=0.8"
  },
  "query": {},
  "params": {}
}
[2025-04-11T15:55:15.235Z] [DEBUG] Token verified successfully {
  "userId": "67f922e34e81393cc5253968"
}
[2025-04-11T15:55:15.233Z] [DEBUG] Token extracted from header {
  "url": "/api/jobs"
}
[2025-04-11T15:55:15.233Z] [DEBUG] Checking authentication headers {
  "url": "/api/jobs",
  "headers": "Authorization header present"
}
[2025-04-11T15:55:15.278Z] [DEBUG] User attached to request {
  "userId": "67f922e34e81393cc5253968",
  "route": "/api/jobs"
}
[2025-04-11T15:55:15.320Z] [INFO] GET /api/jobs 200 - 88ms {
  "method": "GET",
  "url": "/api/jobs",
  "status": 200,
  "duration": 88,
  "ip": "::1",
  "userAgent": "Mozilla/5.0 (Macintosh; Intel Mac OS X 10_15_7) AppleWebKit/537.36 (KHTML, like Gecko) Chrome/134.0.0.0 Safari/537.36",
  "userId": "67f922e34e81393cc5253968"
}
[2025-04-11T15:55:15.322Z] [DEBUG] [testing] Incoming request: GET /api/jobs {
  "headers": {
    "host": "localhost:3000",
    "connection": "keep-alive",
    "sec-ch-ua-platform": "\"macOS\"",
    "authorization": "Bearer eyJhbGciOiJIUzI1NiIsInR5cCI6IkpXVCJ9.eyJ1c2VySWQiOiI2N2Y5MjJlMzRlODEzOTNjYzUyNTM5NjgiLCJpYXQiOjE3NDQzODU4MTMsImV4cCI6MTc0Njk3NzgxM30.E6aPrFVqt-xt25nquv3juQz0lKaToZyfWgb2zGwQY6o",
    "user-agent": "Mozilla/5.0 (Macintosh; Intel Mac OS X 10_15_7) AppleWebKit/537.36 (KHTML, like Gecko) Chrome/134.0.0.0 Safari/537.36",
    "sec-ch-ua": "\"Chromium\";v=\"134\", \"Not:A-Brand\";v=\"24\", \"Google Chrome\";v=\"134\"",
    "content-type": "application/json",
    "sec-ch-ua-mobile": "?0",
    "accept": "*/*",
    "origin": "http://localhost:5173",
    "sec-fetch-site": "same-site",
    "sec-fetch-mode": "cors",
    "sec-fetch-dest": "empty",
    "referer": "http://localhost:5173/",
    "accept-encoding": "gzip, deflate, br, zstd",
    "accept-language": "en-GB,en-US;q=0.9,en;q=0.8",
    "if-none-match": "W/\"232-MHTHyB7dRqC1721xNNgRLlmOdUs\""
  },
  "query": {},
  "params": {}
}
[2025-04-11T15:55:15.322Z] [DEBUG] Checking authentication headers {
  "url": "/api/jobs",
  "headers": "Authorization header present"
}
[2025-04-11T15:55:15.322Z] [DEBUG] Token extracted from header {
  "url": "/api/jobs"
}
[2025-04-11T15:55:15.324Z] [DEBUG] Token verified successfully {
  "userId": "67f922e34e81393cc5253968"
}
[2025-04-11T15:55:15.359Z] [DEBUG] User attached to request {
  "userId": "67f922e34e81393cc5253968",
  "route": "/api/jobs"
}
[2025-04-11T15:55:15.396Z] [INFO] GET /api/jobs 304 - 75ms {
  "method": "GET",
  "url": "/api/jobs",
  "status": 304,
  "duration": 75,
  "ip": "::1",
  "userAgent": "Mozilla/5.0 (Macintosh; Intel Mac OS X 10_15_7) AppleWebKit/537.36 (KHTML, like Gecko) Chrome/134.0.0.0 Safari/537.36",
  "userId": "67f922e34e81393cc5253968"
}
[2025-04-11T15:56:57.114Z] [DEBUG] Checking authentication headers {
  "url": "/api/jobs",
  "headers": "Authorization header present"
}
[2025-04-11T15:56:57.114Z] [DEBUG] Token extracted from header {
  "url": "/api/jobs"
}
[2025-04-11T15:56:57.113Z] [DEBUG] [testing] Incoming request: GET /api/jobs {
  "headers": {
    "host": "localhost:3000",
    "connection": "keep-alive",
    "sec-ch-ua-platform": "\"macOS\"",
    "authorization": "Bearer eyJhbGciOiJIUzI1NiIsInR5cCI6IkpXVCJ9.eyJ1c2VySWQiOiI2N2Y5MjJlMzRlODEzOTNjYzUyNTM5NjgiLCJpYXQiOjE3NDQzODU4MTMsImV4cCI6MTc0Njk3NzgxM30.E6aPrFVqt-xt25nquv3juQz0lKaToZyfWgb2zGwQY6o",
    "user-agent": "Mozilla/5.0 (Macintosh; Intel Mac OS X 10_15_7) AppleWebKit/537.36 (KHTML, like Gecko) Chrome/134.0.0.0 Safari/537.36",
    "sec-ch-ua": "\"Chromium\";v=\"134\", \"Not:A-Brand\";v=\"24\", \"Google Chrome\";v=\"134\"",
    "content-type": "application/json",
    "sec-ch-ua-mobile": "?0",
    "accept": "*/*",
    "origin": "http://localhost:5173",
    "sec-fetch-site": "same-site",
    "sec-fetch-mode": "cors",
    "sec-fetch-dest": "empty",
    "referer": "http://localhost:5173/",
    "accept-encoding": "gzip, deflate, br, zstd",
    "accept-language": "en-GB,en-US;q=0.9,en;q=0.8",
    "if-none-match": "W/\"232-MHTHyB7dRqC1721xNNgRLlmOdUs\""
  },
  "query": {},
  "params": {}
}
[2025-04-11T15:56:57.115Z] [DEBUG] Token verified successfully {
  "userId": "67f922e34e81393cc5253968"
}
[2025-04-11T15:56:57.160Z] [DEBUG] User attached to request {
  "userId": "67f922e34e81393cc5253968",
  "route": "/api/jobs"
}
[2025-04-11T15:56:57.197Z] [INFO] GET /api/jobs 304 - 84ms {
  "method": "GET",
  "url": "/api/jobs",
  "status": 304,
  "duration": 84,
  "ip": "::1",
  "userAgent": "Mozilla/5.0 (Macintosh; Intel Mac OS X 10_15_7) AppleWebKit/537.36 (KHTML, like Gecko) Chrome/134.0.0.0 Safari/537.36",
  "userId": "67f922e34e81393cc5253968"
}
[2025-04-11T15:56:57.199Z] [DEBUG] [testing] Incoming request: GET /api/jobs {
  "headers": {
    "host": "localhost:3000",
    "connection": "keep-alive",
    "sec-ch-ua-platform": "\"macOS\"",
    "authorization": "Bearer eyJhbGciOiJIUzI1NiIsInR5cCI6IkpXVCJ9.eyJ1c2VySWQiOiI2N2Y5MjJlMzRlODEzOTNjYzUyNTM5NjgiLCJpYXQiOjE3NDQzODU4MTMsImV4cCI6MTc0Njk3NzgxM30.E6aPrFVqt-xt25nquv3juQz0lKaToZyfWgb2zGwQY6o",
    "user-agent": "Mozilla/5.0 (Macintosh; Intel Mac OS X 10_15_7) AppleWebKit/537.36 (KHTML, like Gecko) Chrome/134.0.0.0 Safari/537.36",
    "sec-ch-ua": "\"Chromium\";v=\"134\", \"Not:A-Brand\";v=\"24\", \"Google Chrome\";v=\"134\"",
    "content-type": "application/json",
    "sec-ch-ua-mobile": "?0",
    "accept": "*/*",
    "origin": "http://localhost:5173",
    "sec-fetch-site": "same-site",
    "sec-fetch-mode": "cors",
    "sec-fetch-dest": "empty",
    "referer": "http://localhost:5173/",
    "accept-encoding": "gzip, deflate, br, zstd",
    "accept-language": "en-GB,en-US;q=0.9,en;q=0.8",
    "if-none-match": "W/\"232-MHTHyB7dRqC1721xNNgRLlmOdUs\""
  },
  "query": {},
  "params": {}
}
[2025-04-11T15:56:57.199Z] [DEBUG] Checking authentication headers {
  "url": "/api/jobs",
  "headers": "Authorization header present"
}
[2025-04-11T15:56:57.199Z] [DEBUG] Token extracted from header {
  "url": "/api/jobs"
}
[2025-04-11T15:56:57.201Z] [DEBUG] Token verified successfully {
  "userId": "67f922e34e81393cc5253968"
}
[2025-04-11T15:56:57.238Z] [DEBUG] User attached to request {
  "userId": "67f922e34e81393cc5253968",
  "route": "/api/jobs"
}
[2025-04-11T15:56:57.276Z] [INFO] GET /api/jobs 304 - 77ms {
  "method": "GET",
  "url": "/api/jobs",
  "status": 304,
  "duration": 77,
  "ip": "::1",
  "userAgent": "Mozilla/5.0 (Macintosh; Intel Mac OS X 10_15_7) AppleWebKit/537.36 (KHTML, like Gecko) Chrome/134.0.0.0 Safari/537.36",
  "userId": "67f922e34e81393cc5253968"
}
[2025-04-11T15:59:57.700Z] [DEBUG] [testing] Incoming request: GET /api/jobs {
  "headers": {
    "host": "localhost:3000",
    "connection": "keep-alive",
    "sec-ch-ua-platform": "\"macOS\"",
    "authorization": "Bearer eyJhbGciOiJIUzI1NiIsInR5cCI6IkpXVCJ9.eyJ1c2VySWQiOiI2N2Y5MjJlMzRlODEzOTNjYzUyNTM5NjgiLCJpYXQiOjE3NDQzODU4MTMsImV4cCI6MTc0Njk3NzgxM30.E6aPrFVqt-xt25nquv3juQz0lKaToZyfWgb2zGwQY6o",
    "user-agent": "Mozilla/5.0 (Macintosh; Intel Mac OS X 10_15_7) AppleWebKit/537.36 (KHTML, like Gecko) Chrome/134.0.0.0 Safari/537.36",
    "sec-ch-ua": "\"Chromium\";v=\"134\", \"Not:A-Brand\";v=\"24\", \"Google Chrome\";v=\"134\"",
    "content-type": "application/json",
    "sec-ch-ua-mobile": "?0",
    "accept": "*/*",
    "origin": "http://localhost:5173",
    "sec-fetch-site": "same-site",
    "sec-fetch-mode": "cors",
    "sec-fetch-dest": "empty",
    "referer": "http://localhost:5173/",
    "accept-encoding": "gzip, deflate, br, zstd",
    "accept-language": "en-GB,en-US;q=0.9,en;q=0.8",
    "if-none-match": "W/\"232-MHTHyB7dRqC1721xNNgRLlmOdUs\""
  },
  "query": {},
  "params": {}
}
[2025-04-11T15:59:57.700Z] [DEBUG] Checking authentication headers {
  "url": "/api/jobs",
  "headers": "Authorization header present"
}
[2025-04-11T15:59:57.700Z] [DEBUG] Token extracted from header {
  "url": "/api/jobs"
}
[2025-04-11T15:59:57.702Z] [DEBUG] Token verified successfully {
  "userId": "67f922e34e81393cc5253968"
}
[2025-04-11T15:59:57.747Z] [DEBUG] User attached to request {
  "userId": "67f922e34e81393cc5253968",
  "route": "/api/jobs"
}
[2025-04-11T15:59:57.787Z] [INFO] GET /api/jobs 304 - 87ms {
  "method": "GET",
  "url": "/api/jobs",
  "status": 304,
  "duration": 87,
  "ip": "::1",
  "userAgent": "Mozilla/5.0 (Macintosh; Intel Mac OS X 10_15_7) AppleWebKit/537.36 (KHTML, like Gecko) Chrome/134.0.0.0 Safari/537.36",
  "userId": "67f922e34e81393cc5253968"
}
[2025-04-11T15:59:57.789Z] [DEBUG] [testing] Incoming request: GET /api/jobs {
  "headers": {
    "host": "localhost:3000",
    "connection": "keep-alive",
    "sec-ch-ua-platform": "\"macOS\"",
    "authorization": "Bearer eyJhbGciOiJIUzI1NiIsInR5cCI6IkpXVCJ9.eyJ1c2VySWQiOiI2N2Y5MjJlMzRlODEzOTNjYzUyNTM5NjgiLCJpYXQiOjE3NDQzODU4MTMsImV4cCI6MTc0Njk3NzgxM30.E6aPrFVqt-xt25nquv3juQz0lKaToZyfWgb2zGwQY6o",
    "user-agent": "Mozilla/5.0 (Macintosh; Intel Mac OS X 10_15_7) AppleWebKit/537.36 (KHTML, like Gecko) Chrome/134.0.0.0 Safari/537.36",
    "sec-ch-ua": "\"Chromium\";v=\"134\", \"Not:A-Brand\";v=\"24\", \"Google Chrome\";v=\"134\"",
    "content-type": "application/json",
    "sec-ch-ua-mobile": "?0",
    "accept": "*/*",
    "origin": "http://localhost:5173",
    "sec-fetch-site": "same-site",
    "sec-fetch-mode": "cors",
    "sec-fetch-dest": "empty",
    "referer": "http://localhost:5173/",
    "accept-encoding": "gzip, deflate, br, zstd",
    "accept-language": "en-GB,en-US;q=0.9,en;q=0.8",
    "if-none-match": "W/\"232-MHTHyB7dRqC1721xNNgRLlmOdUs\""
  },
  "query": {},
  "params": {}
}
[2025-04-11T15:59:57.790Z] [DEBUG] Checking authentication headers {
  "url": "/api/jobs",
  "headers": "Authorization header present"
}
[2025-04-11T15:59:57.790Z] [DEBUG] Token extracted from header {
  "url": "/api/jobs"
}
[2025-04-11T15:59:57.793Z] [DEBUG] Token verified successfully {
  "userId": "67f922e34e81393cc5253968"
}
[2025-04-11T15:59:57.829Z] [DEBUG] User attached to request {
  "userId": "67f922e34e81393cc5253968",
  "route": "/api/jobs"
}
[2025-04-11T15:59:57.868Z] [INFO] GET /api/jobs 304 - 79ms {
  "method": "GET",
  "url": "/api/jobs",
  "status": 304,
  "duration": 79,
  "ip": "::1",
  "userAgent": "Mozilla/5.0 (Macintosh; Intel Mac OS X 10_15_7) AppleWebKit/537.36 (KHTML, like Gecko) Chrome/134.0.0.0 Safari/537.36",
  "userId": "67f922e34e81393cc5253968"
}
[2025-04-11T16:00:10.688Z] [DEBUG] [testing] Request body {
  "url": "/api/jobs/67f93b63abeade937b11bba2",
  "method": "PUT",
  "body": {
    "status": "declined"
  }
}
[2025-04-11T16:00:10.691Z] [DEBUG] Token verified successfully {
  "userId": "67f922e34e81393cc5253968"
}
[2025-04-11T16:00:10.688Z] [DEBUG] [testing] Incoming request: PUT /api/jobs/67f93b63abeade937b11bba2 {
  "headers": {
    "host": "localhost:3000",
    "connection": "keep-alive",
    "content-length": "21",
    "sec-ch-ua-platform": "\"macOS\"",
    "authorization": "Bearer eyJhbGciOiJIUzI1NiIsInR5cCI6IkpXVCJ9.eyJ1c2VySWQiOiI2N2Y5MjJlMzRlODEzOTNjYzUyNTM5NjgiLCJpYXQiOjE3NDQzODU4MTMsImV4cCI6MTc0Njk3NzgxM30.E6aPrFVqt-xt25nquv3juQz0lKaToZyfWgb2zGwQY6o",
    "user-agent": "Mozilla/5.0 (Macintosh; Intel Mac OS X 10_15_7) AppleWebKit/537.36 (KHTML, like Gecko) Chrome/134.0.0.0 Safari/537.36",
    "sec-ch-ua": "\"Chromium\";v=\"134\", \"Not:A-Brand\";v=\"24\", \"Google Chrome\";v=\"134\"",
    "content-type": "application/json",
    "sec-ch-ua-mobile": "?0",
    "accept": "*/*",
    "origin": "http://localhost:5173",
    "sec-fetch-site": "same-site",
    "sec-fetch-mode": "cors",
    "sec-fetch-dest": "empty",
    "referer": "http://localhost:5173/",
    "accept-encoding": "gzip, deflate, br, zstd",
    "accept-language": "en-GB,en-US;q=0.9,en;q=0.8"
  },
  "body": {
    "status": "declined"
  },
  "query": {},
  "params": {}
}
[2025-04-11T16:00:10.688Z] [DEBUG] Checking authentication headers {
  "url": "/api/jobs/67f93b63abeade937b11bba2",
  "headers": "Authorization header present"
}
[2025-04-11T16:00:10.688Z] [DEBUG] Token extracted from header {
  "url": "/api/jobs/67f93b63abeade937b11bba2"
}
[2025-04-11T16:00:10.728Z] [DEBUG] User attached to request {
  "userId": "67f922e34e81393cc5253968",
  "route": "/api/jobs/67f93b63abeade937b11bba2"
}
[2025-04-11T16:00:10.823Z] [INFO] PUT /api/jobs/67f93b63abeade937b11bba2 200 - 136ms {
  "method": "PUT",
  "url": "/api/jobs/67f93b63abeade937b11bba2",
  "status": 200,
  "duration": 136,
  "ip": "::1",
  "userAgent": "Mozilla/5.0 (Macintosh; Intel Mac OS X 10_15_7) AppleWebKit/537.36 (KHTML, like Gecko) Chrome/134.0.0.0 Safari/537.36",
  "userId": "67f922e34e81393cc5253968"
}
[2025-04-11T16:00:11.555Z] [DEBUG] [testing] Incoming request: PUT /api/jobs/67f93b63abeade937b11bba2 {
  "headers": {
    "host": "localhost:3000",
    "connection": "keep-alive",
    "content-length": "20",
    "sec-ch-ua-platform": "\"macOS\"",
    "authorization": "Bearer eyJhbGciOiJIUzI1NiIsInR5cCI6IkpXVCJ9.eyJ1c2VySWQiOiI2N2Y5MjJlMzRlODEzOTNjYzUyNTM5NjgiLCJpYXQiOjE3NDQzODU4MTMsImV4cCI6MTc0Njk3NzgxM30.E6aPrFVqt-xt25nquv3juQz0lKaToZyfWgb2zGwQY6o",
    "user-agent": "Mozilla/5.0 (Macintosh; Intel Mac OS X 10_15_7) AppleWebKit/537.36 (KHTML, like Gecko) Chrome/134.0.0.0 Safari/537.36",
    "sec-ch-ua": "\"Chromium\";v=\"134\", \"Not:A-Brand\";v=\"24\", \"Google Chrome\";v=\"134\"",
    "content-type": "application/json",
    "sec-ch-ua-mobile": "?0",
    "accept": "*/*",
    "origin": "http://localhost:5173",
    "sec-fetch-site": "same-site",
    "sec-fetch-mode": "cors",
    "sec-fetch-dest": "empty",
    "referer": "http://localhost:5173/",
    "accept-encoding": "gzip, deflate, br, zstd",
    "accept-language": "en-GB,en-US;q=0.9,en;q=0.8"
  },
  "body": {
    "status": "pending"
  },
  "query": {},
  "params": {}
}
[2025-04-11T16:00:11.557Z] [DEBUG] Token verified successfully {
  "userId": "67f922e34e81393cc5253968"
}
[2025-04-11T16:00:11.555Z] [DEBUG] Checking authentication headers {
  "url": "/api/jobs/67f93b63abeade937b11bba2",
  "headers": "Authorization header present"
}
[2025-04-11T16:00:11.555Z] [DEBUG] Token extracted from header {
  "url": "/api/jobs/67f93b63abeade937b11bba2"
}
[2025-04-11T16:00:11.555Z] [DEBUG] [testing] Request body {
  "url": "/api/jobs/67f93b63abeade937b11bba2",
  "method": "PUT",
  "body": {
    "status": "pending"
  }
}
[2025-04-11T16:00:11.595Z] [DEBUG] User attached to request {
  "userId": "67f922e34e81393cc5253968",
  "route": "/api/jobs/67f93b63abeade937b11bba2"
}
[2025-04-11T16:00:11.676Z] [INFO] PUT /api/jobs/67f93b63abeade937b11bba2 200 - 121ms {
  "method": "PUT",
  "url": "/api/jobs/67f93b63abeade937b11bba2",
  "status": 200,
  "duration": 121,
  "ip": "::1",
  "userAgent": "Mozilla/5.0 (Macintosh; Intel Mac OS X 10_15_7) AppleWebKit/537.36 (KHTML, like Gecko) Chrome/134.0.0.0 Safari/537.36",
  "userId": "67f922e34e81393cc5253968"
}
[2025-04-11T16:00:12.187Z] [DEBUG] [testing] Request body {
  "url": "/api/jobs/67f93b63abeade937b11bba2",
  "method": "PUT",
  "body": {
    "status": "interview"
  }
}
[2025-04-11T16:00:12.188Z] [DEBUG] Token verified successfully {
  "userId": "67f922e34e81393cc5253968"
}
[2025-04-11T16:00:12.187Z] [DEBUG] Checking authentication headers {
  "url": "/api/jobs/67f93b63abeade937b11bba2",
  "headers": "Authorization header present"
}
[2025-04-11T16:00:12.187Z] [DEBUG] Token extracted from header {
  "url": "/api/jobs/67f93b63abeade937b11bba2"
}
[2025-04-11T16:00:12.186Z] [DEBUG] [testing] Incoming request: PUT /api/jobs/67f93b63abeade937b11bba2 {
  "headers": {
    "host": "localhost:3000",
    "connection": "keep-alive",
    "content-length": "22",
    "sec-ch-ua-platform": "\"macOS\"",
    "authorization": "Bearer eyJhbGciOiJIUzI1NiIsInR5cCI6IkpXVCJ9.eyJ1c2VySWQiOiI2N2Y5MjJlMzRlODEzOTNjYzUyNTM5NjgiLCJpYXQiOjE3NDQzODU4MTMsImV4cCI6MTc0Njk3NzgxM30.E6aPrFVqt-xt25nquv3juQz0lKaToZyfWgb2zGwQY6o",
    "user-agent": "Mozilla/5.0 (Macintosh; Intel Mac OS X 10_15_7) AppleWebKit/537.36 (KHTML, like Gecko) Chrome/134.0.0.0 Safari/537.36",
    "sec-ch-ua": "\"Chromium\";v=\"134\", \"Not:A-Brand\";v=\"24\", \"Google Chrome\";v=\"134\"",
    "content-type": "application/json",
    "sec-ch-ua-mobile": "?0",
    "accept": "*/*",
    "origin": "http://localhost:5173",
    "sec-fetch-site": "same-site",
    "sec-fetch-mode": "cors",
    "sec-fetch-dest": "empty",
    "referer": "http://localhost:5173/",
    "accept-encoding": "gzip, deflate, br, zstd",
    "accept-language": "en-GB,en-US;q=0.9,en;q=0.8"
  },
  "body": {
    "status": "interview"
  },
  "query": {},
  "params": {}
}
[2025-04-11T16:00:12.232Z] [DEBUG] User attached to request {
  "userId": "67f922e34e81393cc5253968",
  "route": "/api/jobs/67f93b63abeade937b11bba2"
}
[2025-04-11T16:00:12.312Z] [INFO] PUT /api/jobs/67f93b63abeade937b11bba2 200 - 126ms {
  "method": "PUT",
  "url": "/api/jobs/67f93b63abeade937b11bba2",
  "status": 200,
  "duration": 126,
  "ip": "::1",
  "userAgent": "Mozilla/5.0 (Macintosh; Intel Mac OS X 10_15_7) AppleWebKit/537.36 (KHTML, like Gecko) Chrome/134.0.0.0 Safari/537.36",
  "userId": "67f922e34e81393cc5253968"
}
[2025-04-11T16:00:13.071Z] [DEBUG] [testing] Incoming request: PUT /api/jobs/67f93b63abeade937b11bba2 {
  "headers": {
    "host": "localhost:3000",
    "connection": "keep-alive",
    "content-length": "21",
    "sec-ch-ua-platform": "\"macOS\"",
    "authorization": "Bearer eyJhbGciOiJIUzI1NiIsInR5cCI6IkpXVCJ9.eyJ1c2VySWQiOiI2N2Y5MjJlMzRlODEzOTNjYzUyNTM5NjgiLCJpYXQiOjE3NDQzODU4MTMsImV4cCI6MTc0Njk3NzgxM30.E6aPrFVqt-xt25nquv3juQz0lKaToZyfWgb2zGwQY6o",
    "user-agent": "Mozilla/5.0 (Macintosh; Intel Mac OS X 10_15_7) AppleWebKit/537.36 (KHTML, like Gecko) Chrome/134.0.0.0 Safari/537.36",
    "sec-ch-ua": "\"Chromium\";v=\"134\", \"Not:A-Brand\";v=\"24\", \"Google Chrome\";v=\"134\"",
    "content-type": "application/json",
    "sec-ch-ua-mobile": "?0",
    "accept": "*/*",
    "origin": "http://localhost:5173",
    "sec-fetch-site": "same-site",
    "sec-fetch-mode": "cors",
    "sec-fetch-dest": "empty",
    "referer": "http://localhost:5173/",
    "accept-encoding": "gzip, deflate, br, zstd",
    "accept-language": "en-GB,en-US;q=0.9,en;q=0.8"
  },
  "body": {
    "status": "declined"
  },
  "query": {},
  "params": {}
}
[2025-04-11T16:00:13.074Z] [DEBUG] Token verified successfully {
  "userId": "67f922e34e81393cc5253968"
}
[2025-04-11T16:00:13.072Z] [DEBUG] Checking authentication headers {
  "url": "/api/jobs/67f93b63abeade937b11bba2",
  "headers": "Authorization header present"
}
[2025-04-11T16:00:13.072Z] [DEBUG] Token extracted from header {
  "url": "/api/jobs/67f93b63abeade937b11bba2"
}
[2025-04-11T16:00:13.071Z] [DEBUG] [testing] Request body {
  "url": "/api/jobs/67f93b63abeade937b11bba2",
  "method": "PUT",
  "body": {
    "status": "declined"
  }
}
[2025-04-11T16:00:13.118Z] [DEBUG] User attached to request {
  "userId": "67f922e34e81393cc5253968",
  "route": "/api/jobs/67f93b63abeade937b11bba2"
}
[2025-04-11T16:00:13.200Z] [INFO] PUT /api/jobs/67f93b63abeade937b11bba2 200 - 129ms {
  "method": "PUT",
  "url": "/api/jobs/67f93b63abeade937b11bba2",
  "status": 200,
  "duration": 129,
  "ip": "::1",
  "userAgent": "Mozilla/5.0 (Macintosh; Intel Mac OS X 10_15_7) AppleWebKit/537.36 (KHTML, like Gecko) Chrome/134.0.0.0 Safari/537.36",
  "userId": "67f922e34e81393cc5253968"
}
[2025-04-11T16:00:13.771Z] [DEBUG] [testing] Incoming request: PUT /api/jobs/67f93b63abeade937b11bba2 {
  "headers": {
    "host": "localhost:3000",
    "connection": "keep-alive",
    "content-length": "20",
    "sec-ch-ua-platform": "\"macOS\"",
    "authorization": "Bearer eyJhbGciOiJIUzI1NiIsInR5cCI6IkpXVCJ9.eyJ1c2VySWQiOiI2N2Y5MjJlMzRlODEzOTNjYzUyNTM5NjgiLCJpYXQiOjE3NDQzODU4MTMsImV4cCI6MTc0Njk3NzgxM30.E6aPrFVqt-xt25nquv3juQz0lKaToZyfWgb2zGwQY6o",
    "user-agent": "Mozilla/5.0 (Macintosh; Intel Mac OS X 10_15_7) AppleWebKit/537.36 (KHTML, like Gecko) Chrome/134.0.0.0 Safari/537.36",
    "sec-ch-ua": "\"Chromium\";v=\"134\", \"Not:A-Brand\";v=\"24\", \"Google Chrome\";v=\"134\"",
    "content-type": "application/json",
    "sec-ch-ua-mobile": "?0",
    "accept": "*/*",
    "origin": "http://localhost:5173",
    "sec-fetch-site": "same-site",
    "sec-fetch-mode": "cors",
    "sec-fetch-dest": "empty",
    "referer": "http://localhost:5173/",
    "accept-encoding": "gzip, deflate, br, zstd",
    "accept-language": "en-GB,en-US;q=0.9,en;q=0.8"
  },
  "body": {
    "status": "pending"
  },
  "query": {},
  "params": {}
}
[2025-04-11T16:00:13.774Z] [DEBUG] Token verified successfully {
  "userId": "67f922e34e81393cc5253968"
}
[2025-04-11T16:00:13.772Z] [DEBUG] Checking authentication headers {
  "url": "/api/jobs/67f93b63abeade937b11bba2",
  "headers": "Authorization header present"
}
[2025-04-11T16:00:13.772Z] [DEBUG] Token extracted from header {
  "url": "/api/jobs/67f93b63abeade937b11bba2"
}
[2025-04-11T16:00:13.772Z] [DEBUG] [testing] Request body {
  "url": "/api/jobs/67f93b63abeade937b11bba2",
  "method": "PUT",
  "body": {
    "status": "pending"
  }
}
[2025-04-11T16:00:13.821Z] [DEBUG] User attached to request {
  "userId": "67f922e34e81393cc5253968",
  "route": "/api/jobs/67f93b63abeade937b11bba2"
}
[2025-04-11T16:00:13.902Z] [INFO] PUT /api/jobs/67f93b63abeade937b11bba2 200 - 132ms {
  "method": "PUT",
  "url": "/api/jobs/67f93b63abeade937b11bba2",
  "status": 200,
  "duration": 132,
  "ip": "::1",
  "userAgent": "Mozilla/5.0 (Macintosh; Intel Mac OS X 10_15_7) AppleWebKit/537.36 (KHTML, like Gecko) Chrome/134.0.0.0 Safari/537.36",
  "userId": "67f922e34e81393cc5253968"
}
[2025-04-11T16:00:16.657Z] [DEBUG] [testing] Incoming request: PUT /api/jobs/67f93b63abeade937b11bba2 {
  "headers": {
    "host": "localhost:3000",
    "connection": "keep-alive",
    "content-length": "22",
    "sec-ch-ua-platform": "\"macOS\"",
    "authorization": "Bearer eyJhbGciOiJIUzI1NiIsInR5cCI6IkpXVCJ9.eyJ1c2VySWQiOiI2N2Y5MjJlMzRlODEzOTNjYzUyNTM5NjgiLCJpYXQiOjE3NDQzODU4MTMsImV4cCI6MTc0Njk3NzgxM30.E6aPrFVqt-xt25nquv3juQz0lKaToZyfWgb2zGwQY6o",
    "user-agent": "Mozilla/5.0 (Macintosh; Intel Mac OS X 10_15_7) AppleWebKit/537.36 (KHTML, like Gecko) Chrome/134.0.0.0 Safari/537.36",
    "sec-ch-ua": "\"Chromium\";v=\"134\", \"Not:A-Brand\";v=\"24\", \"Google Chrome\";v=\"134\"",
    "content-type": "application/json",
    "sec-ch-ua-mobile": "?0",
    "accept": "*/*",
    "origin": "http://localhost:5173",
    "sec-fetch-site": "same-site",
    "sec-fetch-mode": "cors",
    "sec-fetch-dest": "empty",
    "referer": "http://localhost:5173/",
    "accept-encoding": "gzip, deflate, br, zstd",
    "accept-language": "en-GB,en-US;q=0.9,en;q=0.8"
  },
  "body": {
    "status": "interview"
  },
  "query": {},
  "params": {}
}
[2025-04-11T16:00:16.657Z] [DEBUG] [testing] Request body {
  "url": "/api/jobs/67f93b63abeade937b11bba2",
  "method": "PUT",
  "body": {
    "status": "interview"
  }
}
[2025-04-11T16:00:16.658Z] [DEBUG] Checking authentication headers {
  "url": "/api/jobs/67f93b63abeade937b11bba2",
  "headers": "Authorization header present"
}
[2025-04-11T16:00:16.658Z] [DEBUG] Token extracted from header {
  "url": "/api/jobs/67f93b63abeade937b11bba2"
}
[2025-04-11T16:00:16.661Z] [DEBUG] Token verified successfully {
  "userId": "67f922e34e81393cc5253968"
}
[2025-04-11T16:00:16.699Z] [DEBUG] User attached to request {
  "userId": "67f922e34e81393cc5253968",
  "route": "/api/jobs/67f93b63abeade937b11bba2"
}
[2025-04-11T16:00:16.774Z] [INFO] PUT /api/jobs/67f93b63abeade937b11bba2 200 - 118ms {
  "method": "PUT",
  "url": "/api/jobs/67f93b63abeade937b11bba2",
  "status": 200,
  "duration": 118,
  "ip": "::1",
  "userAgent": "Mozilla/5.0 (Macintosh; Intel Mac OS X 10_15_7) AppleWebKit/537.36 (KHTML, like Gecko) Chrome/134.0.0.0 Safari/537.36",
  "userId": "67f922e34e81393cc5253968"
}
[2025-04-11T16:00:17.221Z] [DEBUG] [testing] Incoming request: PUT /api/jobs/67f93b63abeade937b11bba2 {
  "headers": {
    "host": "localhost:3000",
    "connection": "keep-alive",
    "content-length": "21",
    "sec-ch-ua-platform": "\"macOS\"",
    "authorization": "Bearer eyJhbGciOiJIUzI1NiIsInR5cCI6IkpXVCJ9.eyJ1c2VySWQiOiI2N2Y5MjJlMzRlODEzOTNjYzUyNTM5NjgiLCJpYXQiOjE3NDQzODU4MTMsImV4cCI6MTc0Njk3NzgxM30.E6aPrFVqt-xt25nquv3juQz0lKaToZyfWgb2zGwQY6o",
    "user-agent": "Mozilla/5.0 (Macintosh; Intel Mac OS X 10_15_7) AppleWebKit/537.36 (KHTML, like Gecko) Chrome/134.0.0.0 Safari/537.36",
    "sec-ch-ua": "\"Chromium\";v=\"134\", \"Not:A-Brand\";v=\"24\", \"Google Chrome\";v=\"134\"",
    "content-type": "application/json",
    "sec-ch-ua-mobile": "?0",
    "accept": "*/*",
    "origin": "http://localhost:5173",
    "sec-fetch-site": "same-site",
    "sec-fetch-mode": "cors",
    "sec-fetch-dest": "empty",
    "referer": "http://localhost:5173/",
    "accept-encoding": "gzip, deflate, br, zstd",
    "accept-language": "en-GB,en-US;q=0.9,en;q=0.8"
  },
  "body": {
    "status": "declined"
  },
  "query": {},
  "params": {}
}
[2025-04-11T16:00:17.221Z] [DEBUG] [testing] Request body {
  "url": "/api/jobs/67f93b63abeade937b11bba2",
  "method": "PUT",
  "body": {
    "status": "declined"
  }
}
[2025-04-11T16:00:17.221Z] [DEBUG] Checking authentication headers {
  "url": "/api/jobs/67f93b63abeade937b11bba2",
  "headers": "Authorization header present"
}
[2025-04-11T16:00:17.221Z] [DEBUG] Token extracted from header {
  "url": "/api/jobs/67f93b63abeade937b11bba2"
}
[2025-04-11T16:00:17.223Z] [DEBUG] Token verified successfully {
  "userId": "67f922e34e81393cc5253968"
}
[2025-04-11T16:00:17.267Z] [DEBUG] User attached to request {
  "userId": "67f922e34e81393cc5253968",
  "route": "/api/jobs/67f93b63abeade937b11bba2"
}
[2025-04-11T16:00:17.349Z] [INFO] PUT /api/jobs/67f93b63abeade937b11bba2 200 - 130ms {
  "method": "PUT",
  "url": "/api/jobs/67f93b63abeade937b11bba2",
  "status": 200,
  "duration": 130,
  "ip": "::1",
  "userAgent": "Mozilla/5.0 (Macintosh; Intel Mac OS X 10_15_7) AppleWebKit/537.36 (KHTML, like Gecko) Chrome/134.0.0.0 Safari/537.36",
  "userId": "67f922e34e81393cc5253968"
}
[2025-04-11T16:00:17.885Z] [DEBUG] [testing] Request body {
  "url": "/api/jobs/67f93b63abeade937b11bba2",
  "method": "PUT",
  "body": {
    "status": "pending"
  }
}
[2025-04-11T16:00:17.887Z] [DEBUG] Token verified successfully {
  "userId": "67f922e34e81393cc5253968"
}
[2025-04-11T16:00:17.886Z] [DEBUG] Checking authentication headers {
  "url": "/api/jobs/67f93b63abeade937b11bba2",
  "headers": "Authorization header present"
}
[2025-04-11T16:00:17.886Z] [DEBUG] Token extracted from header {
  "url": "/api/jobs/67f93b63abeade937b11bba2"
}
[2025-04-11T16:00:17.885Z] [DEBUG] [testing] Incoming request: PUT /api/jobs/67f93b63abeade937b11bba2 {
  "headers": {
    "host": "localhost:3000",
    "connection": "keep-alive",
    "content-length": "20",
    "sec-ch-ua-platform": "\"macOS\"",
    "authorization": "Bearer eyJhbGciOiJIUzI1NiIsInR5cCI6IkpXVCJ9.eyJ1c2VySWQiOiI2N2Y5MjJlMzRlODEzOTNjYzUyNTM5NjgiLCJpYXQiOjE3NDQzODU4MTMsImV4cCI6MTc0Njk3NzgxM30.E6aPrFVqt-xt25nquv3juQz0lKaToZyfWgb2zGwQY6o",
    "user-agent": "Mozilla/5.0 (Macintosh; Intel Mac OS X 10_15_7) AppleWebKit/537.36 (KHTML, like Gecko) Chrome/134.0.0.0 Safari/537.36",
    "sec-ch-ua": "\"Chromium\";v=\"134\", \"Not:A-Brand\";v=\"24\", \"Google Chrome\";v=\"134\"",
    "content-type": "application/json",
    "sec-ch-ua-mobile": "?0",
    "accept": "*/*",
    "origin": "http://localhost:5173",
    "sec-fetch-site": "same-site",
    "sec-fetch-mode": "cors",
    "sec-fetch-dest": "empty",
    "referer": "http://localhost:5173/",
    "accept-encoding": "gzip, deflate, br, zstd",
    "accept-language": "en-GB,en-US;q=0.9,en;q=0.8"
  },
  "body": {
    "status": "pending"
  },
  "query": {},
  "params": {}
}
[2025-04-11T16:00:17.925Z] [DEBUG] User attached to request {
  "userId": "67f922e34e81393cc5253968",
  "route": "/api/jobs/67f93b63abeade937b11bba2"
}
[2025-04-11T16:00:18.008Z] [INFO] PUT /api/jobs/67f93b63abeade937b11bba2 200 - 123ms {
  "method": "PUT",
  "url": "/api/jobs/67f93b63abeade937b11bba2",
  "status": 200,
  "duration": 123,
  "ip": "::1",
  "userAgent": "Mozilla/5.0 (Macintosh; Intel Mac OS X 10_15_7) AppleWebKit/537.36 (KHTML, like Gecko) Chrome/134.0.0.0 Safari/537.36",
  "userId": "67f922e34e81393cc5253968"
}
[2025-04-11T16:00:18.503Z] [DEBUG] [testing] Request body {
  "url": "/api/jobs/67f93b63abeade937b11bba2",
  "method": "PUT",
  "body": {
    "status": "interview"
  }
}
[2025-04-11T16:00:18.505Z] [DEBUG] Token verified successfully {
  "userId": "67f922e34e81393cc5253968"
}
[2025-04-11T16:00:18.503Z] [DEBUG] Checking authentication headers {
  "url": "/api/jobs/67f93b63abeade937b11bba2",
  "headers": "Authorization header present"
}
[2025-04-11T16:00:18.504Z] [DEBUG] Token extracted from header {
  "url": "/api/jobs/67f93b63abeade937b11bba2"
}
[2025-04-11T16:00:18.503Z] [DEBUG] [testing] Incoming request: PUT /api/jobs/67f93b63abeade937b11bba2 {
  "headers": {
    "host": "localhost:3000",
    "connection": "keep-alive",
    "content-length": "22",
    "sec-ch-ua-platform": "\"macOS\"",
    "authorization": "Bearer eyJhbGciOiJIUzI1NiIsInR5cCI6IkpXVCJ9.eyJ1c2VySWQiOiI2N2Y5MjJlMzRlODEzOTNjYzUyNTM5NjgiLCJpYXQiOjE3NDQzODU4MTMsImV4cCI6MTc0Njk3NzgxM30.E6aPrFVqt-xt25nquv3juQz0lKaToZyfWgb2zGwQY6o",
    "user-agent": "Mozilla/5.0 (Macintosh; Intel Mac OS X 10_15_7) AppleWebKit/537.36 (KHTML, like Gecko) Chrome/134.0.0.0 Safari/537.36",
    "sec-ch-ua": "\"Chromium\";v=\"134\", \"Not:A-Brand\";v=\"24\", \"Google Chrome\";v=\"134\"",
    "content-type": "application/json",
    "sec-ch-ua-mobile": "?0",
    "accept": "*/*",
    "origin": "http://localhost:5173",
    "sec-fetch-site": "same-site",
    "sec-fetch-mode": "cors",
    "sec-fetch-dest": "empty",
    "referer": "http://localhost:5173/",
    "accept-encoding": "gzip, deflate, br, zstd",
    "accept-language": "en-GB,en-US;q=0.9,en;q=0.8"
  },
  "body": {
    "status": "interview"
  },
  "query": {},
  "params": {}
}
[2025-04-11T16:00:18.549Z] [DEBUG] User attached to request {
  "userId": "67f922e34e81393cc5253968",
  "route": "/api/jobs/67f93b63abeade937b11bba2"
}
[2025-04-11T16:00:18.629Z] [INFO] PUT /api/jobs/67f93b63abeade937b11bba2 200 - 127ms {
  "method": "PUT",
  "url": "/api/jobs/67f93b63abeade937b11bba2",
  "status": 200,
  "duration": 127,
  "ip": "::1",
  "userAgent": "Mozilla/5.0 (Macintosh; Intel Mac OS X 10_15_7) AppleWebKit/537.36 (KHTML, like Gecko) Chrome/134.0.0.0 Safari/537.36",
  "userId": "67f922e34e81393cc5253968"
}
[2025-04-11T16:00:24.972Z] [DEBUG] [testing] Incoming request: PUT /api/jobs/67f93b63abeade937b11bba2 {
  "headers": {
    "host": "localhost:3000",
    "connection": "keep-alive",
    "content-length": "21",
    "sec-ch-ua-platform": "\"macOS\"",
    "authorization": "Bearer eyJhbGciOiJIUzI1NiIsInR5cCI6IkpXVCJ9.eyJ1c2VySWQiOiI2N2Y5MjJlMzRlODEzOTNjYzUyNTM5NjgiLCJpYXQiOjE3NDQzODU4MTMsImV4cCI6MTc0Njk3NzgxM30.E6aPrFVqt-xt25nquv3juQz0lKaToZyfWgb2zGwQY6o",
    "user-agent": "Mozilla/5.0 (Macintosh; Intel Mac OS X 10_15_7) AppleWebKit/537.36 (KHTML, like Gecko) Chrome/134.0.0.0 Safari/537.36",
    "sec-ch-ua": "\"Chromium\";v=\"134\", \"Not:A-Brand\";v=\"24\", \"Google Chrome\";v=\"134\"",
    "content-type": "application/json",
    "sec-ch-ua-mobile": "?0",
    "accept": "*/*",
    "origin": "http://localhost:5173",
    "sec-fetch-site": "same-site",
    "sec-fetch-mode": "cors",
    "sec-fetch-dest": "empty",
    "referer": "http://localhost:5173/",
    "accept-encoding": "gzip, deflate, br, zstd",
    "accept-language": "en-GB,en-US;q=0.9,en;q=0.8"
  },
  "body": {
    "status": "declined"
  },
  "query": {},
  "params": {}
}
[2025-04-11T16:00:24.975Z] [DEBUG] Token verified successfully {
  "userId": "67f922e34e81393cc5253968"
}
[2025-04-11T16:00:24.973Z] [DEBUG] Checking authentication headers {
  "url": "/api/jobs/67f93b63abeade937b11bba2",
  "headers": "Authorization header present"
}
[2025-04-11T16:00:24.973Z] [DEBUG] Token extracted from header {
  "url": "/api/jobs/67f93b63abeade937b11bba2"
}
[2025-04-11T16:00:24.973Z] [DEBUG] [testing] Request body {
  "url": "/api/jobs/67f93b63abeade937b11bba2",
  "method": "PUT",
  "body": {
    "status": "declined"
  }
}
[2025-04-11T16:00:25.019Z] [DEBUG] User attached to request {
  "userId": "67f922e34e81393cc5253968",
  "route": "/api/jobs/67f93b63abeade937b11bba2"
}
[2025-04-11T16:00:25.349Z] [INFO] PUT /api/jobs/67f93b63abeade937b11bba2 200 - 378ms {
  "method": "PUT",
  "url": "/api/jobs/67f93b63abeade937b11bba2",
  "status": 200,
  "duration": 378,
  "ip": "::1",
  "userAgent": "Mozilla/5.0 (Macintosh; Intel Mac OS X 10_15_7) AppleWebKit/537.36 (KHTML, like Gecko) Chrome/134.0.0.0 Safari/537.36",
  "userId": "67f922e34e81393cc5253968"
}
[2025-04-11T16:00:25.871Z] [DEBUG] [testing] Request body {
  "url": "/api/jobs/67f93b63abeade937b11bba2",
  "method": "PUT",
  "body": {
    "status": "pending"
  }
}
[2025-04-11T16:00:25.873Z] [DEBUG] Token verified successfully {
  "userId": "67f922e34e81393cc5253968"
}
[2025-04-11T16:00:25.871Z] [DEBUG] [testing] Incoming request: PUT /api/jobs/67f93b63abeade937b11bba2 {
  "headers": {
    "host": "localhost:3000",
    "connection": "keep-alive",
    "content-length": "20",
    "sec-ch-ua-platform": "\"macOS\"",
    "authorization": "Bearer eyJhbGciOiJIUzI1NiIsInR5cCI6IkpXVCJ9.eyJ1c2VySWQiOiI2N2Y5MjJlMzRlODEzOTNjYzUyNTM5NjgiLCJpYXQiOjE3NDQzODU4MTMsImV4cCI6MTc0Njk3NzgxM30.E6aPrFVqt-xt25nquv3juQz0lKaToZyfWgb2zGwQY6o",
    "user-agent": "Mozilla/5.0 (Macintosh; Intel Mac OS X 10_15_7) AppleWebKit/537.36 (KHTML, like Gecko) Chrome/134.0.0.0 Safari/537.36",
    "sec-ch-ua": "\"Chromium\";v=\"134\", \"Not:A-Brand\";v=\"24\", \"Google Chrome\";v=\"134\"",
    "content-type": "application/json",
    "sec-ch-ua-mobile": "?0",
    "accept": "*/*",
    "origin": "http://localhost:5173",
    "sec-fetch-site": "same-site",
    "sec-fetch-mode": "cors",
    "sec-fetch-dest": "empty",
    "referer": "http://localhost:5173/",
    "accept-encoding": "gzip, deflate, br, zstd",
    "accept-language": "en-GB,en-US;q=0.9,en;q=0.8"
  },
  "body": {
    "status": "pending"
  },
  "query": {},
  "params": {}
}
[2025-04-11T16:00:25.872Z] [DEBUG] Token extracted from header {
  "url": "/api/jobs/67f93b63abeade937b11bba2"
}
[2025-04-11T16:00:25.872Z] [DEBUG] Checking authentication headers {
  "url": "/api/jobs/67f93b63abeade937b11bba2",
  "headers": "Authorization header present"
}
[2025-04-11T16:00:25.910Z] [DEBUG] User attached to request {
  "userId": "67f922e34e81393cc5253968",
  "route": "/api/jobs/67f93b63abeade937b11bba2"
}
[2025-04-11T16:00:25.990Z] [INFO] PUT /api/jobs/67f93b63abeade937b11bba2 200 - 120ms {
  "method": "PUT",
  "url": "/api/jobs/67f93b63abeade937b11bba2",
  "status": 200,
  "duration": 120,
  "ip": "::1",
  "userAgent": "Mozilla/5.0 (Macintosh; Intel Mac OS X 10_15_7) AppleWebKit/537.36 (KHTML, like Gecko) Chrome/134.0.0.0 Safari/537.36",
  "userId": "67f922e34e81393cc5253968"
}
[2025-04-11T16:00:26.254Z] [DEBUG] [testing] Request body {
  "url": "/api/jobs/67f93b63abeade937b11bba2",
  "method": "PUT",
  "body": {
    "status": "interview"
  }
}
[2025-04-11T16:00:26.256Z] [DEBUG] Token verified successfully {
  "userId": "67f922e34e81393cc5253968"
}
[2025-04-11T16:00:26.254Z] [DEBUG] [testing] Incoming request: PUT /api/jobs/67f93b63abeade937b11bba2 {
  "headers": {
    "host": "localhost:3000",
    "connection": "keep-alive",
    "content-length": "22",
    "sec-ch-ua-platform": "\"macOS\"",
    "authorization": "Bearer eyJhbGciOiJIUzI1NiIsInR5cCI6IkpXVCJ9.eyJ1c2VySWQiOiI2N2Y5MjJlMzRlODEzOTNjYzUyNTM5NjgiLCJpYXQiOjE3NDQzODU4MTMsImV4cCI6MTc0Njk3NzgxM30.E6aPrFVqt-xt25nquv3juQz0lKaToZyfWgb2zGwQY6o",
    "user-agent": "Mozilla/5.0 (Macintosh; Intel Mac OS X 10_15_7) AppleWebKit/537.36 (KHTML, like Gecko) Chrome/134.0.0.0 Safari/537.36",
    "sec-ch-ua": "\"Chromium\";v=\"134\", \"Not:A-Brand\";v=\"24\", \"Google Chrome\";v=\"134\"",
    "content-type": "application/json",
    "sec-ch-ua-mobile": "?0",
    "accept": "*/*",
    "origin": "http://localhost:5173",
    "sec-fetch-site": "same-site",
    "sec-fetch-mode": "cors",
    "sec-fetch-dest": "empty",
    "referer": "http://localhost:5173/",
    "accept-encoding": "gzip, deflate, br, zstd",
    "accept-language": "en-GB,en-US;q=0.9,en;q=0.8"
  },
  "body": {
    "status": "interview"
  },
  "query": {},
  "params": {}
}
[2025-04-11T16:00:26.254Z] [DEBUG] Token extracted from header {
  "url": "/api/jobs/67f93b63abeade937b11bba2"
}
[2025-04-11T16:00:26.254Z] [DEBUG] Checking authentication headers {
  "url": "/api/jobs/67f93b63abeade937b11bba2",
  "headers": "Authorization header present"
}
[2025-04-11T16:00:26.333Z] [DEBUG] User attached to request {
  "userId": "67f922e34e81393cc5253968",
  "route": "/api/jobs/67f93b63abeade937b11bba2"
}
[2025-04-11T16:00:26.415Z] [INFO] PUT /api/jobs/67f93b63abeade937b11bba2 200 - 162ms {
  "method": "PUT",
  "url": "/api/jobs/67f93b63abeade937b11bba2",
  "status": 200,
  "duration": 162,
  "ip": "::1",
  "userAgent": "Mozilla/5.0 (Macintosh; Intel Mac OS X 10_15_7) AppleWebKit/537.36 (KHTML, like Gecko) Chrome/134.0.0.0 Safari/537.36",
  "userId": "67f922e34e81393cc5253968"
}
[2025-04-11T16:03:10.736Z] [DEBUG] [testing] Incoming request: GET /api/jobs {
  "headers": {
    "host": "localhost:3000",
    "connection": "keep-alive",
    "sec-ch-ua-platform": "\"macOS\"",
    "authorization": "Bearer eyJhbGciOiJIUzI1NiIsInR5cCI6IkpXVCJ9.eyJ1c2VySWQiOiI2N2Y5MjJlMzRlODEzOTNjYzUyNTM5NjgiLCJpYXQiOjE3NDQzODU4MTMsImV4cCI6MTc0Njk3NzgxM30.E6aPrFVqt-xt25nquv3juQz0lKaToZyfWgb2zGwQY6o",
    "user-agent": "Mozilla/5.0 (Macintosh; Intel Mac OS X 10_15_7) AppleWebKit/537.36 (KHTML, like Gecko) Chrome/134.0.0.0 Safari/537.36",
    "sec-ch-ua": "\"Chromium\";v=\"134\", \"Not:A-Brand\";v=\"24\", \"Google Chrome\";v=\"134\"",
    "content-type": "application/json",
    "sec-ch-ua-mobile": "?0",
    "accept": "*/*",
    "origin": "http://localhost:5173",
    "sec-fetch-site": "same-site",
    "sec-fetch-mode": "cors",
    "sec-fetch-dest": "empty",
    "referer": "http://localhost:5173/",
    "accept-encoding": "gzip, deflate, br, zstd",
    "accept-language": "en-GB,en-US;q=0.9,en;q=0.8",
    "if-none-match": "W/\"232-MHTHyB7dRqC1721xNNgRLlmOdUs\""
  },
  "query": {},
  "params": {}
}
[2025-04-11T16:03:10.736Z] [DEBUG] Checking authentication headers {
  "url": "/api/jobs",
  "headers": "Authorization header present"
}
[2025-04-11T16:03:10.736Z] [DEBUG] Token extracted from header {
  "url": "/api/jobs"
}
[2025-04-11T16:03:10.737Z] [DEBUG] Token verified successfully {
  "userId": "67f922e34e81393cc5253968"
}
[2025-04-11T16:03:10.780Z] [DEBUG] User attached to request {
  "userId": "67f922e34e81393cc5253968",
  "route": "/api/jobs"
}
[2025-04-11T16:03:10.818Z] [INFO] GET /api/jobs 200 - 82ms {
  "method": "GET",
  "url": "/api/jobs",
  "status": 200,
  "duration": 82,
  "ip": "::1",
  "userAgent": "Mozilla/5.0 (Macintosh; Intel Mac OS X 10_15_7) AppleWebKit/537.36 (KHTML, like Gecko) Chrome/134.0.0.0 Safari/537.36",
  "userId": "67f922e34e81393cc5253968"
}
[2025-04-11T16:03:10.818Z] [DEBUG] [testing] Incoming request: GET /api/jobs {
  "headers": {
    "host": "localhost:3000",
    "connection": "keep-alive",
    "sec-ch-ua-platform": "\"macOS\"",
    "authorization": "Bearer eyJhbGciOiJIUzI1NiIsInR5cCI6IkpXVCJ9.eyJ1c2VySWQiOiI2N2Y5MjJlMzRlODEzOTNjYzUyNTM5NjgiLCJpYXQiOjE3NDQzODU4MTMsImV4cCI6MTc0Njk3NzgxM30.E6aPrFVqt-xt25nquv3juQz0lKaToZyfWgb2zGwQY6o",
    "user-agent": "Mozilla/5.0 (Macintosh; Intel Mac OS X 10_15_7) AppleWebKit/537.36 (KHTML, like Gecko) Chrome/134.0.0.0 Safari/537.36",
    "sec-ch-ua": "\"Chromium\";v=\"134\", \"Not:A-Brand\";v=\"24\", \"Google Chrome\";v=\"134\"",
    "content-type": "application/json",
    "sec-ch-ua-mobile": "?0",
    "accept": "*/*",
    "origin": "http://localhost:5173",
    "sec-fetch-site": "same-site",
    "sec-fetch-mode": "cors",
    "sec-fetch-dest": "empty",
    "referer": "http://localhost:5173/",
    "accept-encoding": "gzip, deflate, br, zstd",
    "accept-language": "en-GB,en-US;q=0.9,en;q=0.8",
    "if-none-match": "W/\"232-thO+Qy7YLZ7XvOLuoJ/mvygYeUU\""
  },
  "query": {},
  "params": {}
}
[2025-04-11T16:03:10.819Z] [DEBUG] Checking authentication headers {
  "url": "/api/jobs",
  "headers": "Authorization header present"
}
[2025-04-11T16:03:10.819Z] [DEBUG] Token extracted from header {
  "url": "/api/jobs"
}
[2025-04-11T16:03:10.820Z] [DEBUG] Token verified successfully {
  "userId": "67f922e34e81393cc5253968"
}
[2025-04-11T16:03:10.855Z] [DEBUG] User attached to request {
  "userId": "67f922e34e81393cc5253968",
  "route": "/api/jobs"
}
[2025-04-11T16:03:10.892Z] [INFO] GET /api/jobs 304 - 74ms {
  "method": "GET",
  "url": "/api/jobs",
  "status": 304,
  "duration": 74,
  "ip": "::1",
  "userAgent": "Mozilla/5.0 (Macintosh; Intel Mac OS X 10_15_7) AppleWebKit/537.36 (KHTML, like Gecko) Chrome/134.0.0.0 Safari/537.36",
  "userId": "67f922e34e81393cc5253968"
}
[2025-04-11T16:03:14.061Z] [DEBUG] [testing] Incoming request: GET /api/jobs {
  "headers": {
    "host": "localhost:3000",
    "connection": "keep-alive",
    "sec-ch-ua-platform": "\"macOS\"",
    "authorization": "Bearer eyJhbGciOiJIUzI1NiIsInR5cCI6IkpXVCJ9.eyJ1c2VySWQiOiI2N2Y5MjJlMzRlODEzOTNjYzUyNTM5NjgiLCJpYXQiOjE3NDQzODU4MTMsImV4cCI6MTc0Njk3NzgxM30.E6aPrFVqt-xt25nquv3juQz0lKaToZyfWgb2zGwQY6o",
    "user-agent": "Mozilla/5.0 (Macintosh; Intel Mac OS X 10_15_7) AppleWebKit/537.36 (KHTML, like Gecko) Chrome/134.0.0.0 Safari/537.36",
    "sec-ch-ua": "\"Chromium\";v=\"134\", \"Not:A-Brand\";v=\"24\", \"Google Chrome\";v=\"134\"",
    "content-type": "application/json",
    "sec-ch-ua-mobile": "?0",
    "accept": "*/*",
    "origin": "http://localhost:5173",
    "sec-fetch-site": "same-site",
    "sec-fetch-mode": "cors",
    "sec-fetch-dest": "empty",
    "referer": "http://localhost:5173/",
    "accept-encoding": "gzip, deflate, br, zstd",
    "accept-language": "en-GB,en-US;q=0.9,en;q=0.8",
    "if-none-match": "W/\"232-thO+Qy7YLZ7XvOLuoJ/mvygYeUU\""
  },
  "query": {},
  "params": {}
}
[2025-04-11T16:03:14.061Z] [DEBUG] Checking authentication headers {
  "url": "/api/jobs",
  "headers": "Authorization header present"
}
[2025-04-11T16:03:14.061Z] [DEBUG] Token extracted from header {
  "url": "/api/jobs"
}
[2025-04-11T16:03:14.062Z] [DEBUG] Token verified successfully {
  "userId": "67f922e34e81393cc5253968"
}
[2025-04-11T16:03:14.100Z] [DEBUG] User attached to request {
  "userId": "67f922e34e81393cc5253968",
  "route": "/api/jobs"
}
[2025-04-11T16:03:14.140Z] [INFO] GET /api/jobs 304 - 79ms {
  "method": "GET",
  "url": "/api/jobs",
  "status": 304,
  "duration": 79,
  "ip": "::1",
  "userAgent": "Mozilla/5.0 (Macintosh; Intel Mac OS X 10_15_7) AppleWebKit/537.36 (KHTML, like Gecko) Chrome/134.0.0.0 Safari/537.36",
  "userId": "67f922e34e81393cc5253968"
}
[2025-04-11T16:03:14.143Z] [DEBUG] [testing] Incoming request: GET /api/jobs {
  "headers": {
    "host": "localhost:3000",
    "connection": "keep-alive",
    "sec-ch-ua-platform": "\"macOS\"",
    "authorization": "Bearer eyJhbGciOiJIUzI1NiIsInR5cCI6IkpXVCJ9.eyJ1c2VySWQiOiI2N2Y5MjJlMzRlODEzOTNjYzUyNTM5NjgiLCJpYXQiOjE3NDQzODU4MTMsImV4cCI6MTc0Njk3NzgxM30.E6aPrFVqt-xt25nquv3juQz0lKaToZyfWgb2zGwQY6o",
    "user-agent": "Mozilla/5.0 (Macintosh; Intel Mac OS X 10_15_7) AppleWebKit/537.36 (KHTML, like Gecko) Chrome/134.0.0.0 Safari/537.36",
    "sec-ch-ua": "\"Chromium\";v=\"134\", \"Not:A-Brand\";v=\"24\", \"Google Chrome\";v=\"134\"",
    "content-type": "application/json",
    "sec-ch-ua-mobile": "?0",
    "accept": "*/*",
    "origin": "http://localhost:5173",
    "sec-fetch-site": "same-site",
    "sec-fetch-mode": "cors",
    "sec-fetch-dest": "empty",
    "referer": "http://localhost:5173/",
    "accept-encoding": "gzip, deflate, br, zstd",
    "accept-language": "en-GB,en-US;q=0.9,en;q=0.8",
    "if-none-match": "W/\"232-thO+Qy7YLZ7XvOLuoJ/mvygYeUU\""
  },
  "query": {},
  "params": {}
}
[2025-04-11T16:03:14.143Z] [DEBUG] Token extracted from header {
  "url": "/api/jobs"
}
[2025-04-11T16:03:14.143Z] [DEBUG] Checking authentication headers {
  "url": "/api/jobs",
  "headers": "Authorization header present"
}
[2025-04-11T16:03:14.145Z] [DEBUG] Token verified successfully {
  "userId": "67f922e34e81393cc5253968"
}
[2025-04-11T16:03:14.182Z] [DEBUG] User attached to request {
  "userId": "67f922e34e81393cc5253968",
  "route": "/api/jobs"
}
[2025-04-11T16:03:14.221Z] [INFO] GET /api/jobs 304 - 79ms {
  "method": "GET",
  "url": "/api/jobs",
  "status": 304,
  "duration": 79,
  "ip": "::1",
  "userAgent": "Mozilla/5.0 (Macintosh; Intel Mac OS X 10_15_7) AppleWebKit/537.36 (KHTML, like Gecko) Chrome/134.0.0.0 Safari/537.36",
  "userId": "67f922e34e81393cc5253968"
}
[2025-04-11T16:03:19.813Z] [DEBUG] [testing] Incoming request: PUT /api/jobs/67f93b63abeade937b11bba2 {
  "headers": {
    "host": "localhost:3000",
    "connection": "keep-alive",
    "content-length": "22",
    "sec-ch-ua-platform": "\"macOS\"",
    "authorization": "Bearer eyJhbGciOiJIUzI1NiIsInR5cCI6IkpXVCJ9.eyJ1c2VySWQiOiI2N2Y5MjJlMzRlODEzOTNjYzUyNTM5NjgiLCJpYXQiOjE3NDQzODU4MTMsImV4cCI6MTc0Njk3NzgxM30.E6aPrFVqt-xt25nquv3juQz0lKaToZyfWgb2zGwQY6o",
    "user-agent": "Mozilla/5.0 (Macintosh; Intel Mac OS X 10_15_7) AppleWebKit/537.36 (KHTML, like Gecko) Chrome/134.0.0.0 Safari/537.36",
    "sec-ch-ua": "\"Chromium\";v=\"134\", \"Not:A-Brand\";v=\"24\", \"Google Chrome\";v=\"134\"",
    "content-type": "application/json",
    "sec-ch-ua-mobile": "?0",
    "accept": "*/*",
    "origin": "http://localhost:5173",
    "sec-fetch-site": "same-site",
    "sec-fetch-mode": "cors",
    "sec-fetch-dest": "empty",
    "referer": "http://localhost:5173/",
    "accept-encoding": "gzip, deflate, br, zstd",
    "accept-language": "en-GB,en-US;q=0.9,en;q=0.8"
  },
  "body": {
    "status": "Interview"
  },
  "query": {},
  "params": {}
}
[2025-04-11T16:03:19.815Z] [DEBUG] Checking authentication headers {
  "url": "/api/jobs/67f93b63abeade937b11bba2",
  "headers": "Authorization header present"
}
[2025-04-11T16:03:19.814Z] [DEBUG] [testing] Request body {
  "url": "/api/jobs/67f93b63abeade937b11bba2",
  "method": "PUT",
  "body": {
    "status": "Interview"
  }
}
[2025-04-11T16:03:19.815Z] [DEBUG] Token extracted from header {
  "url": "/api/jobs/67f93b63abeade937b11bba2"
}
[2025-04-11T16:03:19.817Z] [DEBUG] Token verified successfully {
  "userId": "67f922e34e81393cc5253968"
}
[2025-04-11T16:03:19.860Z] [DEBUG] User attached to request {
  "userId": "67f922e34e81393cc5253968",
  "route": "/api/jobs/67f93b63abeade937b11bba2"
}
[2025-04-11T16:03:30.117Z] [DEBUG] [testing] Incoming request: GET /api/jobs {
  "headers": {
    "host": "localhost:3000",
    "connection": "keep-alive",
    "sec-ch-ua-platform": "\"macOS\"",
    "authorization": "Bearer eyJhbGciOiJIUzI1NiIsInR5cCI6IkpXVCJ9.eyJ1c2VySWQiOiI2N2Y5MjJlMzRlODEzOTNjYzUyNTM5NjgiLCJpYXQiOjE3NDQzODU4MTMsImV4cCI6MTc0Njk3NzgxM30.E6aPrFVqt-xt25nquv3juQz0lKaToZyfWgb2zGwQY6o",
    "user-agent": "Mozilla/5.0 (Macintosh; Intel Mac OS X 10_15_7) AppleWebKit/537.36 (KHTML, like Gecko) Chrome/134.0.0.0 Safari/537.36",
    "sec-ch-ua": "\"Chromium\";v=\"134\", \"Not:A-Brand\";v=\"24\", \"Google Chrome\";v=\"134\"",
    "content-type": "application/json",
    "sec-ch-ua-mobile": "?0",
    "accept": "*/*",
    "origin": "http://localhost:5173",
    "sec-fetch-site": "same-site",
    "sec-fetch-mode": "cors",
    "sec-fetch-dest": "empty",
    "referer": "http://localhost:5173/",
    "accept-encoding": "gzip, deflate, br, zstd",
    "accept-language": "en-GB,en-US;q=0.9,en;q=0.8",
    "if-none-match": "W/\"232-thO+Qy7YLZ7XvOLuoJ/mvygYeUU\""
  },
  "query": {},
  "params": {}
}
[2025-04-11T16:03:30.118Z] [DEBUG] Checking authentication headers {
  "url": "/api/jobs",
  "headers": "Authorization header present"
}
[2025-04-11T16:03:30.118Z] [DEBUG] Token extracted from header {
  "url": "/api/jobs"
}
[2025-04-11T16:03:30.119Z] [DEBUG] Token verified successfully {
  "userId": "67f922e34e81393cc5253968"
}
[2025-04-11T16:03:30.157Z] [DEBUG] User attached to request {
  "userId": "67f922e34e81393cc5253968",
  "route": "/api/jobs"
}
[2025-04-11T16:03:30.195Z] [INFO] GET /api/jobs 304 - 78ms {
  "method": "GET",
  "url": "/api/jobs",
  "status": 304,
  "duration": 78,
  "ip": "::1",
  "userAgent": "Mozilla/5.0 (Macintosh; Intel Mac OS X 10_15_7) AppleWebKit/537.36 (KHTML, like Gecko) Chrome/134.0.0.0 Safari/537.36",
  "userId": "67f922e34e81393cc5253968"
}
[2025-04-11T16:03:30.197Z] [DEBUG] Token verified successfully {
  "userId": "67f922e34e81393cc5253968"
}
[2025-04-11T16:03:30.196Z] [DEBUG] Checking authentication headers {
  "url": "/api/jobs",
  "headers": "Authorization header present"
}
[2025-04-11T16:03:30.196Z] [DEBUG] Token extracted from header {
  "url": "/api/jobs"
}
[2025-04-11T16:03:30.196Z] [DEBUG] [testing] Incoming request: GET /api/jobs {
  "headers": {
    "host": "localhost:3000",
    "connection": "keep-alive",
    "sec-ch-ua-platform": "\"macOS\"",
    "authorization": "Bearer eyJhbGciOiJIUzI1NiIsInR5cCI6IkpXVCJ9.eyJ1c2VySWQiOiI2N2Y5MjJlMzRlODEzOTNjYzUyNTM5NjgiLCJpYXQiOjE3NDQzODU4MTMsImV4cCI6MTc0Njk3NzgxM30.E6aPrFVqt-xt25nquv3juQz0lKaToZyfWgb2zGwQY6o",
    "user-agent": "Mozilla/5.0 (Macintosh; Intel Mac OS X 10_15_7) AppleWebKit/537.36 (KHTML, like Gecko) Chrome/134.0.0.0 Safari/537.36",
    "sec-ch-ua": "\"Chromium\";v=\"134\", \"Not:A-Brand\";v=\"24\", \"Google Chrome\";v=\"134\"",
    "content-type": "application/json",
    "sec-ch-ua-mobile": "?0",
    "accept": "*/*",
    "origin": "http://localhost:5173",
    "sec-fetch-site": "same-site",
    "sec-fetch-mode": "cors",
    "sec-fetch-dest": "empty",
    "referer": "http://localhost:5173/",
    "accept-encoding": "gzip, deflate, br, zstd",
    "accept-language": "en-GB,en-US;q=0.9,en;q=0.8",
    "if-none-match": "W/\"232-thO+Qy7YLZ7XvOLuoJ/mvygYeUU\""
  },
  "query": {},
  "params": {}
}
[2025-04-11T16:03:30.233Z] [DEBUG] User attached to request {
  "userId": "67f922e34e81393cc5253968",
  "route": "/api/jobs"
}
[2025-04-11T16:03:30.271Z] [INFO] GET /api/jobs 304 - 75ms {
  "method": "GET",
  "url": "/api/jobs",
  "status": 304,
  "duration": 75,
  "ip": "::1",
  "userAgent": "Mozilla/5.0 (Macintosh; Intel Mac OS X 10_15_7) AppleWebKit/537.36 (KHTML, like Gecko) Chrome/134.0.0.0 Safari/537.36",
  "userId": "67f922e34e81393cc5253968"
}
[2025-04-11T16:06:20.502Z] [DEBUG] [testing] Incoming request: GET /api/jobs {
  "headers": {
    "host": "localhost:3000",
    "connection": "keep-alive",
    "sec-ch-ua-platform": "\"macOS\"",
    "authorization": "Bearer eyJhbGciOiJIUzI1NiIsInR5cCI6IkpXVCJ9.eyJ1c2VySWQiOiI2N2Y5MjJlMzRlODEzOTNjYzUyNTM5NjgiLCJpYXQiOjE3NDQzODU4MTMsImV4cCI6MTc0Njk3NzgxM30.E6aPrFVqt-xt25nquv3juQz0lKaToZyfWgb2zGwQY6o",
    "user-agent": "Mozilla/5.0 (Macintosh; Intel Mac OS X 10_15_7) AppleWebKit/537.36 (KHTML, like Gecko) Chrome/134.0.0.0 Safari/537.36",
    "sec-ch-ua": "\"Chromium\";v=\"134\", \"Not:A-Brand\";v=\"24\", \"Google Chrome\";v=\"134\"",
    "content-type": "application/json",
    "sec-ch-ua-mobile": "?0",
    "accept": "*/*",
    "origin": "http://localhost:5173",
    "sec-fetch-site": "same-site",
    "sec-fetch-mode": "cors",
    "sec-fetch-dest": "empty",
    "referer": "http://localhost:5173/",
    "accept-encoding": "gzip, deflate, br, zstd",
    "accept-language": "en-GB,en-US;q=0.9,en;q=0.8",
    "if-none-match": "W/\"232-thO+Qy7YLZ7XvOLuoJ/mvygYeUU\""
  },
  "query": {},
  "params": {}
}
[2025-04-11T16:06:20.502Z] [DEBUG] Checking authentication headers {
  "url": "/api/jobs",
  "headers": "Authorization header present"
}
[2025-04-11T16:06:20.502Z] [DEBUG] Token extracted from header {
  "url": "/api/jobs"
}
[2025-04-11T16:06:20.502Z] [DEBUG] Token verified successfully {
  "userId": "67f922e34e81393cc5253968"
}
[2025-04-11T16:06:20.540Z] [DEBUG] User attached to request {
  "userId": "67f922e34e81393cc5253968",
  "route": "/api/jobs"
}
[2025-04-11T16:06:20.577Z] [INFO] GET /api/jobs 304 - 76ms {
  "method": "GET",
  "url": "/api/jobs",
  "status": 304,
  "duration": 76,
  "ip": "::1",
  "userAgent": "Mozilla/5.0 (Macintosh; Intel Mac OS X 10_15_7) AppleWebKit/537.36 (KHTML, like Gecko) Chrome/134.0.0.0 Safari/537.36",
  "userId": "67f922e34e81393cc5253968"
}
[2025-04-11T16:06:20.578Z] [DEBUG] [testing] Incoming request: GET /api/jobs {
  "headers": {
    "host": "localhost:3000",
    "connection": "keep-alive",
    "sec-ch-ua-platform": "\"macOS\"",
    "authorization": "Bearer eyJhbGciOiJIUzI1NiIsInR5cCI6IkpXVCJ9.eyJ1c2VySWQiOiI2N2Y5MjJlMzRlODEzOTNjYzUyNTM5NjgiLCJpYXQiOjE3NDQzODU4MTMsImV4cCI6MTc0Njk3NzgxM30.E6aPrFVqt-xt25nquv3juQz0lKaToZyfWgb2zGwQY6o",
    "user-agent": "Mozilla/5.0 (Macintosh; Intel Mac OS X 10_15_7) AppleWebKit/537.36 (KHTML, like Gecko) Chrome/134.0.0.0 Safari/537.36",
    "sec-ch-ua": "\"Chromium\";v=\"134\", \"Not:A-Brand\";v=\"24\", \"Google Chrome\";v=\"134\"",
    "content-type": "application/json",
    "sec-ch-ua-mobile": "?0",
    "accept": "*/*",
    "origin": "http://localhost:5173",
    "sec-fetch-site": "same-site",
    "sec-fetch-mode": "cors",
    "sec-fetch-dest": "empty",
    "referer": "http://localhost:5173/",
    "accept-encoding": "gzip, deflate, br, zstd",
    "accept-language": "en-GB,en-US;q=0.9,en;q=0.8",
    "if-none-match": "W/\"232-thO+Qy7YLZ7XvOLuoJ/mvygYeUU\""
  },
  "query": {},
  "params": {}
}
[2025-04-11T16:06:20.578Z] [DEBUG] Checking authentication headers {
  "url": "/api/jobs",
  "headers": "Authorization header present"
}
[2025-04-11T16:06:20.578Z] [DEBUG] Token extracted from header {
  "url": "/api/jobs"
}
[2025-04-11T16:06:20.579Z] [DEBUG] Token verified successfully {
  "userId": "67f922e34e81393cc5253968"
}
[2025-04-11T16:06:20.614Z] [DEBUG] User attached to request {
  "userId": "67f922e34e81393cc5253968",
  "route": "/api/jobs"
}
[2025-04-11T16:06:20.649Z] [INFO] GET /api/jobs 304 - 71ms {
  "method": "GET",
  "url": "/api/jobs",
  "status": 304,
  "duration": 71,
  "ip": "::1",
  "userAgent": "Mozilla/5.0 (Macintosh; Intel Mac OS X 10_15_7) AppleWebKit/537.36 (KHTML, like Gecko) Chrome/134.0.0.0 Safari/537.36",
  "userId": "67f922e34e81393cc5253968"
}
[2025-04-11T16:06:20.733Z] [DEBUG] [testing] Incoming request: GET /api/jobs {
  "headers": {
    "host": "localhost:3000",
    "connection": "keep-alive",
    "sec-ch-ua-platform": "\"macOS\"",
    "authorization": "Bearer eyJhbGciOiJIUzI1NiIsInR5cCI6IkpXVCJ9.eyJ1c2VySWQiOiI2N2Y5MjJlMzRlODEzOTNjYzUyNTM5NjgiLCJpYXQiOjE3NDQzODU4MTMsImV4cCI6MTc0Njk3NzgxM30.E6aPrFVqt-xt25nquv3juQz0lKaToZyfWgb2zGwQY6o",
    "user-agent": "Mozilla/5.0 (Macintosh; Intel Mac OS X 10_15_7) AppleWebKit/537.36 (KHTML, like Gecko) Chrome/134.0.0.0 Safari/537.36",
    "sec-ch-ua": "\"Chromium\";v=\"134\", \"Not:A-Brand\";v=\"24\", \"Google Chrome\";v=\"134\"",
    "content-type": "application/json",
    "sec-ch-ua-mobile": "?0",
    "accept": "*/*",
    "origin": "http://localhost:5173",
    "sec-fetch-site": "same-site",
    "sec-fetch-mode": "cors",
    "sec-fetch-dest": "empty",
    "referer": "http://localhost:5173/",
    "accept-encoding": "gzip, deflate, br, zstd",
    "accept-language": "en-GB,en-US;q=0.9,en;q=0.8",
    "if-none-match": "W/\"232-thO+Qy7YLZ7XvOLuoJ/mvygYeUU\""
  },
  "query": {},
  "params": {}
}
[2025-04-11T16:06:20.733Z] [DEBUG] Checking authentication headers {
  "url": "/api/jobs",
  "headers": "Authorization header present"
}
[2025-04-11T16:06:20.733Z] [DEBUG] Token extracted from header {
  "url": "/api/jobs"
}
[2025-04-11T16:06:20.734Z] [DEBUG] Token verified successfully {
  "userId": "67f922e34e81393cc5253968"
}
[2025-04-11T16:06:20.769Z] [DEBUG] User attached to request {
  "userId": "67f922e34e81393cc5253968",
  "route": "/api/jobs"
}
[2025-04-11T16:06:20.805Z] [INFO] GET /api/jobs 304 - 72ms {
  "method": "GET",
  "url": "/api/jobs",
  "status": 304,
  "duration": 72,
  "ip": "::1",
  "userAgent": "Mozilla/5.0 (Macintosh; Intel Mac OS X 10_15_7) AppleWebKit/537.36 (KHTML, like Gecko) Chrome/134.0.0.0 Safari/537.36",
  "userId": "67f922e34e81393cc5253968"
}
[2025-04-11T16:06:20.806Z] [DEBUG] [testing] Incoming request: GET /api/jobs {
  "headers": {
    "host": "localhost:3000",
    "connection": "keep-alive",
    "sec-ch-ua-platform": "\"macOS\"",
    "authorization": "Bearer eyJhbGciOiJIUzI1NiIsInR5cCI6IkpXVCJ9.eyJ1c2VySWQiOiI2N2Y5MjJlMzRlODEzOTNjYzUyNTM5NjgiLCJpYXQiOjE3NDQzODU4MTMsImV4cCI6MTc0Njk3NzgxM30.E6aPrFVqt-xt25nquv3juQz0lKaToZyfWgb2zGwQY6o",
    "user-agent": "Mozilla/5.0 (Macintosh; Intel Mac OS X 10_15_7) AppleWebKit/537.36 (KHTML, like Gecko) Chrome/134.0.0.0 Safari/537.36",
    "sec-ch-ua": "\"Chromium\";v=\"134\", \"Not:A-Brand\";v=\"24\", \"Google Chrome\";v=\"134\"",
    "content-type": "application/json",
    "sec-ch-ua-mobile": "?0",
    "accept": "*/*",
    "origin": "http://localhost:5173",
    "sec-fetch-site": "same-site",
    "sec-fetch-mode": "cors",
    "sec-fetch-dest": "empty",
    "referer": "http://localhost:5173/",
    "accept-encoding": "gzip, deflate, br, zstd",
    "accept-language": "en-GB,en-US;q=0.9,en;q=0.8",
    "if-none-match": "W/\"232-thO+Qy7YLZ7XvOLuoJ/mvygYeUU\""
  },
  "query": {},
  "params": {}
}
[2025-04-11T16:06:20.807Z] [DEBUG] Checking authentication headers {
  "url": "/api/jobs",
  "headers": "Authorization header present"
}
[2025-04-11T16:06:20.807Z] [DEBUG] Token extracted from header {
  "url": "/api/jobs"
}
[2025-04-11T16:06:20.808Z] [DEBUG] Token verified successfully {
  "userId": "67f922e34e81393cc5253968"
}
[2025-04-11T16:06:20.844Z] [DEBUG] User attached to request {
  "userId": "67f922e34e81393cc5253968",
  "route": "/api/jobs"
}
[2025-04-11T16:06:20.880Z] [INFO] GET /api/jobs 304 - 74ms {
  "method": "GET",
  "url": "/api/jobs",
  "status": 304,
  "duration": 74,
  "ip": "::1",
  "userAgent": "Mozilla/5.0 (Macintosh; Intel Mac OS X 10_15_7) AppleWebKit/537.36 (KHTML, like Gecko) Chrome/134.0.0.0 Safari/537.36",
  "userId": "67f922e34e81393cc5253968"
}
[2025-04-11T16:06:23.518Z] [DEBUG] [testing] Incoming request: PUT /api/jobs/67f93b63abeade937b11bba2 {
  "headers": {
    "host": "localhost:3000",
    "connection": "keep-alive",
    "content-length": "20",
    "sec-ch-ua-platform": "\"macOS\"",
    "authorization": "Bearer eyJhbGciOiJIUzI1NiIsInR5cCI6IkpXVCJ9.eyJ1c2VySWQiOiI2N2Y5MjJlMzRlODEzOTNjYzUyNTM5NjgiLCJpYXQiOjE3NDQzODU4MTMsImV4cCI6MTc0Njk3NzgxM30.E6aPrFVqt-xt25nquv3juQz0lKaToZyfWgb2zGwQY6o",
    "user-agent": "Mozilla/5.0 (Macintosh; Intel Mac OS X 10_15_7) AppleWebKit/537.36 (KHTML, like Gecko) Chrome/134.0.0.0 Safari/537.36",
    "sec-ch-ua": "\"Chromium\";v=\"134\", \"Not:A-Brand\";v=\"24\", \"Google Chrome\";v=\"134\"",
    "content-type": "application/json",
    "sec-ch-ua-mobile": "?0",
    "accept": "*/*",
    "origin": "http://localhost:5173",
    "sec-fetch-site": "same-site",
    "sec-fetch-mode": "cors",
    "sec-fetch-dest": "empty",
    "referer": "http://localhost:5173/",
    "accept-encoding": "gzip, deflate, br, zstd",
    "accept-language": "en-GB,en-US;q=0.9,en;q=0.8"
  },
  "body": {
    "status": "pending"
  },
  "query": {},
  "params": {}
}
[2025-04-11T16:06:23.520Z] [DEBUG] Token verified successfully {
  "userId": "67f922e34e81393cc5253968"
}
[2025-04-11T16:06:23.519Z] [DEBUG] Checking authentication headers {
  "url": "/api/jobs/67f93b63abeade937b11bba2",
  "headers": "Authorization header present"
}
[2025-04-11T16:06:23.519Z] [DEBUG] Token extracted from header {
  "url": "/api/jobs/67f93b63abeade937b11bba2"
}
[2025-04-11T16:06:23.518Z] [DEBUG] [testing] Request body {
  "url": "/api/jobs/67f93b63abeade937b11bba2",
  "method": "PUT",
  "body": {
    "status": "pending"
  }
}
[2025-04-11T16:06:23.556Z] [DEBUG] User attached to request {
  "userId": "67f922e34e81393cc5253968",
  "route": "/api/jobs/67f93b63abeade937b11bba2"
}
[2025-04-11T16:06:23.643Z] [INFO] PUT /api/jobs/67f93b63abeade937b11bba2 200 - 128ms {
  "method": "PUT",
  "url": "/api/jobs/67f93b63abeade937b11bba2",
  "status": 200,
  "duration": 128,
  "ip": "::1",
  "userAgent": "Mozilla/5.0 (Macintosh; Intel Mac OS X 10_15_7) AppleWebKit/537.36 (KHTML, like Gecko) Chrome/134.0.0.0 Safari/537.36",
  "userId": "67f922e34e81393cc5253968"
}
[2025-04-11T16:06:26.042Z] [DEBUG] [testing] Incoming request: PUT /api/jobs/67f93b63abeade937b11bba2 {
  "headers": {
    "host": "localhost:3000",
    "connection": "keep-alive",
    "content-length": "21",
    "sec-ch-ua-platform": "\"macOS\"",
    "authorization": "Bearer eyJhbGciOiJIUzI1NiIsInR5cCI6IkpXVCJ9.eyJ1c2VySWQiOiI2N2Y5MjJlMzRlODEzOTNjYzUyNTM5NjgiLCJpYXQiOjE3NDQzODU4MTMsImV4cCI6MTc0Njk3NzgxM30.E6aPrFVqt-xt25nquv3juQz0lKaToZyfWgb2zGwQY6o",
    "user-agent": "Mozilla/5.0 (Macintosh; Intel Mac OS X 10_15_7) AppleWebKit/537.36 (KHTML, like Gecko) Chrome/134.0.0.0 Safari/537.36",
    "sec-ch-ua": "\"Chromium\";v=\"134\", \"Not:A-Brand\";v=\"24\", \"Google Chrome\";v=\"134\"",
    "content-type": "application/json",
    "sec-ch-ua-mobile": "?0",
    "accept": "*/*",
    "origin": "http://localhost:5173",
    "sec-fetch-site": "same-site",
    "sec-fetch-mode": "cors",
    "sec-fetch-dest": "empty",
    "referer": "http://localhost:5173/",
    "accept-encoding": "gzip, deflate, br, zstd",
    "accept-language": "en-GB,en-US;q=0.9,en;q=0.8"
  },
  "body": {
    "status": "declined"
  },
  "query": {},
  "params": {}
}
[2025-04-11T16:06:26.043Z] [DEBUG] [testing] Request body {
  "url": "/api/jobs/67f93b63abeade937b11bba2",
  "method": "PUT",
  "body": {
    "status": "declined"
  }
}
[2025-04-11T16:06:26.044Z] [DEBUG] Token verified successfully {
  "userId": "67f922e34e81393cc5253968"
}
[2025-04-11T16:06:26.043Z] [DEBUG] Token extracted from header {
  "url": "/api/jobs/67f93b63abeade937b11bba2"
}
[2025-04-11T16:06:26.043Z] [DEBUG] Checking authentication headers {
  "url": "/api/jobs/67f93b63abeade937b11bba2",
  "headers": "Authorization header present"
}
[2025-04-11T16:06:26.079Z] [DEBUG] User attached to request {
  "userId": "67f922e34e81393cc5253968",
  "route": "/api/jobs/67f93b63abeade937b11bba2"
}
[2025-04-11T16:06:26.154Z] [INFO] PUT /api/jobs/67f93b63abeade937b11bba2 200 - 113ms {
  "method": "PUT",
  "url": "/api/jobs/67f93b63abeade937b11bba2",
  "status": 200,
  "duration": 113,
  "ip": "::1",
  "userAgent": "Mozilla/5.0 (Macintosh; Intel Mac OS X 10_15_7) AppleWebKit/537.36 (KHTML, like Gecko) Chrome/134.0.0.0 Safari/537.36",
  "userId": "67f922e34e81393cc5253968"
}
[2025-04-11T16:06:28.363Z] [DEBUG] [testing] Incoming request: PUT /api/jobs/67f93b63abeade937b11bba2 {
  "headers": {
    "host": "localhost:3000",
    "connection": "keep-alive",
    "content-length": "20",
    "sec-ch-ua-platform": "\"macOS\"",
    "authorization": "Bearer eyJhbGciOiJIUzI1NiIsInR5cCI6IkpXVCJ9.eyJ1c2VySWQiOiI2N2Y5MjJlMzRlODEzOTNjYzUyNTM5NjgiLCJpYXQiOjE3NDQzODU4MTMsImV4cCI6MTc0Njk3NzgxM30.E6aPrFVqt-xt25nquv3juQz0lKaToZyfWgb2zGwQY6o",
    "user-agent": "Mozilla/5.0 (Macintosh; Intel Mac OS X 10_15_7) AppleWebKit/537.36 (KHTML, like Gecko) Chrome/134.0.0.0 Safari/537.36",
    "sec-ch-ua": "\"Chromium\";v=\"134\", \"Not:A-Brand\";v=\"24\", \"Google Chrome\";v=\"134\"",
    "content-type": "application/json",
    "sec-ch-ua-mobile": "?0",
    "accept": "*/*",
    "origin": "http://localhost:5173",
    "sec-fetch-site": "same-site",
    "sec-fetch-mode": "cors",
    "sec-fetch-dest": "empty",
    "referer": "http://localhost:5173/",
    "accept-encoding": "gzip, deflate, br, zstd",
    "accept-language": "en-GB,en-US;q=0.9,en;q=0.8"
  },
  "body": {
    "status": "pending"
  },
  "query": {},
  "params": {}
}
[2025-04-11T16:06:28.367Z] [DEBUG] Token verified successfully {
  "userId": "67f922e34e81393cc5253968"
}
[2025-04-11T16:06:28.365Z] [DEBUG] [testing] Request body {
  "url": "/api/jobs/67f93b63abeade937b11bba2",
  "method": "PUT",
  "body": {
    "status": "pending"
  }
}
[2025-04-11T16:06:28.365Z] [DEBUG] Token extracted from header {
  "url": "/api/jobs/67f93b63abeade937b11bba2"
}
[2025-04-11T16:06:28.365Z] [DEBUG] Checking authentication headers {
  "url": "/api/jobs/67f93b63abeade937b11bba2",
  "headers": "Authorization header present"
}
[2025-04-11T16:06:28.403Z] [DEBUG] User attached to request {
  "userId": "67f922e34e81393cc5253968",
  "route": "/api/jobs/67f93b63abeade937b11bba2"
}
[2025-04-11T16:06:28.480Z] [INFO] PUT /api/jobs/67f93b63abeade937b11bba2 200 - 117ms {
  "method": "PUT",
  "url": "/api/jobs/67f93b63abeade937b11bba2",
  "status": 200,
  "duration": 117,
  "ip": "::1",
  "userAgent": "Mozilla/5.0 (Macintosh; Intel Mac OS X 10_15_7) AppleWebKit/537.36 (KHTML, like Gecko) Chrome/134.0.0.0 Safari/537.36",
  "userId": "67f922e34e81393cc5253968"
}
[2025-04-11T16:06:30.912Z] [DEBUG] [testing] Incoming request: PUT /api/jobs/67f93b63abeade937b11bba2 {
  "headers": {
    "host": "localhost:3000",
    "connection": "keep-alive",
    "content-length": "22",
    "sec-ch-ua-platform": "\"macOS\"",
    "authorization": "Bearer eyJhbGciOiJIUzI1NiIsInR5cCI6IkpXVCJ9.eyJ1c2VySWQiOiI2N2Y5MjJlMzRlODEzOTNjYzUyNTM5NjgiLCJpYXQiOjE3NDQzODU4MTMsImV4cCI6MTc0Njk3NzgxM30.E6aPrFVqt-xt25nquv3juQz0lKaToZyfWgb2zGwQY6o",
    "user-agent": "Mozilla/5.0 (Macintosh; Intel Mac OS X 10_15_7) AppleWebKit/537.36 (KHTML, like Gecko) Chrome/134.0.0.0 Safari/537.36",
    "sec-ch-ua": "\"Chromium\";v=\"134\", \"Not:A-Brand\";v=\"24\", \"Google Chrome\";v=\"134\"",
    "content-type": "application/json",
    "sec-ch-ua-mobile": "?0",
    "accept": "*/*",
    "origin": "http://localhost:5173",
    "sec-fetch-site": "same-site",
    "sec-fetch-mode": "cors",
    "sec-fetch-dest": "empty",
    "referer": "http://localhost:5173/",
    "accept-encoding": "gzip, deflate, br, zstd",
    "accept-language": "en-GB,en-US;q=0.9,en;q=0.8"
  },
  "body": {
    "status": "interview"
  },
  "query": {},
  "params": {}
}
[2025-04-11T16:06:30.913Z] [DEBUG] Checking authentication headers {
  "url": "/api/jobs/67f93b63abeade937b11bba2",
  "headers": "Authorization header present"
}
[2025-04-11T16:06:30.912Z] [DEBUG] [testing] Request body {
  "url": "/api/jobs/67f93b63abeade937b11bba2",
  "method": "PUT",
  "body": {
    "status": "interview"
  }
}
[2025-04-11T16:06:30.913Z] [DEBUG] Token extracted from header {
  "url": "/api/jobs/67f93b63abeade937b11bba2"
}
[2025-04-11T16:06:30.918Z] [DEBUG] Token verified successfully {
  "userId": "67f922e34e81393cc5253968"
}
[2025-04-11T16:06:30.955Z] [DEBUG] User attached to request {
  "userId": "67f922e34e81393cc5253968",
  "route": "/api/jobs/67f93b63abeade937b11bba2"
}
[2025-04-11T16:06:31.032Z] [INFO] PUT /api/jobs/67f93b63abeade937b11bba2 200 - 121ms {
  "method": "PUT",
  "url": "/api/jobs/67f93b63abeade937b11bba2",
  "status": 200,
  "duration": 121,
  "ip": "::1",
  "userAgent": "Mozilla/5.0 (Macintosh; Intel Mac OS X 10_15_7) AppleWebKit/537.36 (KHTML, like Gecko) Chrome/134.0.0.0 Safari/537.36",
  "userId": "67f922e34e81393cc5253968"
}
[2025-04-11T16:06:32.562Z] [DEBUG] [testing] Incoming request: PUT /api/jobs/67f93b63abeade937b11bba2 {
  "headers": {
    "host": "localhost:3000",
    "connection": "keep-alive",
    "content-length": "21",
    "sec-ch-ua-platform": "\"macOS\"",
    "authorization": "Bearer eyJhbGciOiJIUzI1NiIsInR5cCI6IkpXVCJ9.eyJ1c2VySWQiOiI2N2Y5MjJlMzRlODEzOTNjYzUyNTM5NjgiLCJpYXQiOjE3NDQzODU4MTMsImV4cCI6MTc0Njk3NzgxM30.E6aPrFVqt-xt25nquv3juQz0lKaToZyfWgb2zGwQY6o",
    "user-agent": "Mozilla/5.0 (Macintosh; Intel Mac OS X 10_15_7) AppleWebKit/537.36 (KHTML, like Gecko) Chrome/134.0.0.0 Safari/537.36",
    "sec-ch-ua": "\"Chromium\";v=\"134\", \"Not:A-Brand\";v=\"24\", \"Google Chrome\";v=\"134\"",
    "content-type": "application/json",
    "sec-ch-ua-mobile": "?0",
    "accept": "*/*",
    "origin": "http://localhost:5173",
    "sec-fetch-site": "same-site",
    "sec-fetch-mode": "cors",
    "sec-fetch-dest": "empty",
    "referer": "http://localhost:5173/",
    "accept-encoding": "gzip, deflate, br, zstd",
    "accept-language": "en-GB,en-US;q=0.9,en;q=0.8"
  },
  "body": {
    "status": "declined"
  },
  "query": {},
  "params": {}
}
[2025-04-11T16:06:32.566Z] [DEBUG] Token verified successfully {
  "userId": "67f922e34e81393cc5253968"
}
[2025-04-11T16:06:32.562Z] [DEBUG] [testing] Request body {
  "url": "/api/jobs/67f93b63abeade937b11bba2",
  "method": "PUT",
  "body": {
    "status": "declined"
  }
}
[2025-04-11T16:06:32.563Z] [DEBUG] Checking authentication headers {
  "url": "/api/jobs/67f93b63abeade937b11bba2",
  "headers": "Authorization header present"
}
[2025-04-11T16:06:32.563Z] [DEBUG] Token extracted from header {
  "url": "/api/jobs/67f93b63abeade937b11bba2"
}
[2025-04-11T16:06:32.608Z] [DEBUG] User attached to request {
  "userId": "67f922e34e81393cc5253968",
  "route": "/api/jobs/67f93b63abeade937b11bba2"
}
[2025-04-11T16:06:32.684Z] [INFO] PUT /api/jobs/67f93b63abeade937b11bba2 200 - 122ms {
  "method": "PUT",
  "url": "/api/jobs/67f93b63abeade937b11bba2",
  "status": 200,
  "duration": 122,
  "ip": "::1",
  "userAgent": "Mozilla/5.0 (Macintosh; Intel Mac OS X 10_15_7) AppleWebKit/537.36 (KHTML, like Gecko) Chrome/134.0.0.0 Safari/537.36",
  "userId": "67f922e34e81393cc5253968"
}
[2025-04-11T16:06:34.151Z] [DEBUG] [testing] Incoming request: PUT /api/jobs/67f93b63abeade937b11bba2 {
  "headers": {
    "host": "localhost:3000",
    "connection": "keep-alive",
    "content-length": "22",
    "sec-ch-ua-platform": "\"macOS\"",
    "authorization": "Bearer eyJhbGciOiJIUzI1NiIsInR5cCI6IkpXVCJ9.eyJ1c2VySWQiOiI2N2Y5MjJlMzRlODEzOTNjYzUyNTM5NjgiLCJpYXQiOjE3NDQzODU4MTMsImV4cCI6MTc0Njk3NzgxM30.E6aPrFVqt-xt25nquv3juQz0lKaToZyfWgb2zGwQY6o",
    "user-agent": "Mozilla/5.0 (Macintosh; Intel Mac OS X 10_15_7) AppleWebKit/537.36 (KHTML, like Gecko) Chrome/134.0.0.0 Safari/537.36",
    "sec-ch-ua": "\"Chromium\";v=\"134\", \"Not:A-Brand\";v=\"24\", \"Google Chrome\";v=\"134\"",
    "content-type": "application/json",
    "sec-ch-ua-mobile": "?0",
    "accept": "*/*",
    "origin": "http://localhost:5173",
    "sec-fetch-site": "same-site",
    "sec-fetch-mode": "cors",
    "sec-fetch-dest": "empty",
    "referer": "http://localhost:5173/",
    "accept-encoding": "gzip, deflate, br, zstd",
    "accept-language": "en-GB,en-US;q=0.9,en;q=0.8"
  },
  "body": {
    "status": "interview"
  },
  "query": {},
  "params": {}
}
[2025-04-11T16:06:34.154Z] [DEBUG] Token verified successfully {
  "userId": "67f922e34e81393cc5253968"
}
[2025-04-11T16:06:34.152Z] [DEBUG] Checking authentication headers {
  "url": "/api/jobs/67f93b63abeade937b11bba2",
  "headers": "Authorization header present"
}
[2025-04-11T16:06:34.152Z] [DEBUG] Token extracted from header {
  "url": "/api/jobs/67f93b63abeade937b11bba2"
}
[2025-04-11T16:06:34.151Z] [DEBUG] [testing] Request body {
  "url": "/api/jobs/67f93b63abeade937b11bba2",
  "method": "PUT",
  "body": {
    "status": "interview"
  }
}
[2025-04-11T16:06:34.196Z] [DEBUG] User attached to request {
  "userId": "67f922e34e81393cc5253968",
  "route": "/api/jobs/67f93b63abeade937b11bba2"
}
[2025-04-11T16:06:34.275Z] [INFO] PUT /api/jobs/67f93b63abeade937b11bba2 200 - 126ms {
  "method": "PUT",
  "url": "/api/jobs/67f93b63abeade937b11bba2",
  "status": 200,
  "duration": 126,
  "ip": "::1",
  "userAgent": "Mozilla/5.0 (Macintosh; Intel Mac OS X 10_15_7) AppleWebKit/537.36 (KHTML, like Gecko) Chrome/134.0.0.0 Safari/537.36",
  "userId": "67f922e34e81393cc5253968"
}
[2025-04-11T16:06:35.859Z] [DEBUG] [testing] Incoming request: PUT /api/jobs/67f93b63abeade937b11bba2 {
  "headers": {
    "host": "localhost:3000",
    "connection": "keep-alive",
    "content-length": "20",
    "sec-ch-ua-platform": "\"macOS\"",
    "authorization": "Bearer eyJhbGciOiJIUzI1NiIsInR5cCI6IkpXVCJ9.eyJ1c2VySWQiOiI2N2Y5MjJlMzRlODEzOTNjYzUyNTM5NjgiLCJpYXQiOjE3NDQzODU4MTMsImV4cCI6MTc0Njk3NzgxM30.E6aPrFVqt-xt25nquv3juQz0lKaToZyfWgb2zGwQY6o",
    "user-agent": "Mozilla/5.0 (Macintosh; Intel Mac OS X 10_15_7) AppleWebKit/537.36 (KHTML, like Gecko) Chrome/134.0.0.0 Safari/537.36",
    "sec-ch-ua": "\"Chromium\";v=\"134\", \"Not:A-Brand\";v=\"24\", \"Google Chrome\";v=\"134\"",
    "content-type": "application/json",
    "sec-ch-ua-mobile": "?0",
    "accept": "*/*",
    "origin": "http://localhost:5173",
    "sec-fetch-site": "same-site",
    "sec-fetch-mode": "cors",
    "sec-fetch-dest": "empty",
    "referer": "http://localhost:5173/",
    "accept-encoding": "gzip, deflate, br, zstd",
    "accept-language": "en-GB,en-US;q=0.9,en;q=0.8"
  },
  "body": {
    "status": "pending"
  },
  "query": {},
  "params": {}
}
[2025-04-11T16:06:35.862Z] [DEBUG] Token verified successfully {
  "userId": "67f922e34e81393cc5253968"
}
[2025-04-11T16:06:35.859Z] [DEBUG] Checking authentication headers {
  "url": "/api/jobs/67f93b63abeade937b11bba2",
  "headers": "Authorization header present"
}
[2025-04-11T16:06:35.859Z] [DEBUG] Token extracted from header {
  "url": "/api/jobs/67f93b63abeade937b11bba2"
}
[2025-04-11T16:06:35.859Z] [DEBUG] [testing] Request body {
  "url": "/api/jobs/67f93b63abeade937b11bba2",
  "method": "PUT",
  "body": {
    "status": "pending"
  }
}
[2025-04-11T16:06:35.899Z] [DEBUG] User attached to request {
  "userId": "67f922e34e81393cc5253968",
  "route": "/api/jobs/67f93b63abeade937b11bba2"
}
[2025-04-11T16:06:35.976Z] [INFO] PUT /api/jobs/67f93b63abeade937b11bba2 200 - 118ms {
  "method": "PUT",
  "url": "/api/jobs/67f93b63abeade937b11bba2",
  "status": 200,
  "duration": 118,
  "ip": "::1",
  "userAgent": "Mozilla/5.0 (Macintosh; Intel Mac OS X 10_15_7) AppleWebKit/537.36 (KHTML, like Gecko) Chrome/134.0.0.0 Safari/537.36",
  "userId": "67f922e34e81393cc5253968"
}
[2025-04-11T16:06:40.928Z] [DEBUG] [testing] Incoming request: PUT /api/jobs/67f93736abeade937b11bb7b {
  "headers": {
    "host": "localhost:3000",
    "connection": "keep-alive",
    "content-length": "20",
    "sec-ch-ua-platform": "\"macOS\"",
    "authorization": "Bearer eyJhbGciOiJIUzI1NiIsInR5cCI6IkpXVCJ9.eyJ1c2VySWQiOiI2N2Y5MjJlMzRlODEzOTNjYzUyNTM5NjgiLCJpYXQiOjE3NDQzODU4MTMsImV4cCI6MTc0Njk3NzgxM30.E6aPrFVqt-xt25nquv3juQz0lKaToZyfWgb2zGwQY6o",
    "user-agent": "Mozilla/5.0 (Macintosh; Intel Mac OS X 10_15_7) AppleWebKit/537.36 (KHTML, like Gecko) Chrome/134.0.0.0 Safari/537.36",
    "sec-ch-ua": "\"Chromium\";v=\"134\", \"Not:A-Brand\";v=\"24\", \"Google Chrome\";v=\"134\"",
    "content-type": "application/json",
    "sec-ch-ua-mobile": "?0",
    "accept": "*/*",
    "origin": "http://localhost:5173",
    "sec-fetch-site": "same-site",
    "sec-fetch-mode": "cors",
    "sec-fetch-dest": "empty",
    "referer": "http://localhost:5173/",
    "accept-encoding": "gzip, deflate, br, zstd",
    "accept-language": "en-GB,en-US;q=0.9,en;q=0.8"
  },
  "body": {
    "status": "pending"
  },
  "query": {},
  "params": {}
}
[2025-04-11T16:06:40.931Z] [DEBUG] Token verified successfully {
  "userId": "67f922e34e81393cc5253968"
}
[2025-04-11T16:06:40.929Z] [DEBUG] Token extracted from header {
  "url": "/api/jobs/67f93736abeade937b11bb7b"
}
[2025-04-11T16:06:40.929Z] [DEBUG] Checking authentication headers {
  "url": "/api/jobs/67f93736abeade937b11bb7b",
  "headers": "Authorization header present"
}
[2025-04-11T16:06:40.928Z] [DEBUG] [testing] Request body {
  "url": "/api/jobs/67f93736abeade937b11bb7b",
  "method": "PUT",
  "body": {
    "status": "pending"
  }
}
[2025-04-11T16:06:40.969Z] [DEBUG] User attached to request {
  "userId": "67f922e34e81393cc5253968",
  "route": "/api/jobs/67f93736abeade937b11bb7b"
}
[2025-04-11T16:06:41.045Z] [INFO] PUT /api/jobs/67f93736abeade937b11bb7b 200 - 118ms {
  "method": "PUT",
  "url": "/api/jobs/67f93736abeade937b11bb7b",
  "status": 200,
  "duration": 118,
  "ip": "::1",
  "userAgent": "Mozilla/5.0 (Macintosh; Intel Mac OS X 10_15_7) AppleWebKit/537.36 (KHTML, like Gecko) Chrome/134.0.0.0 Safari/537.36",
  "userId": "67f922e34e81393cc5253968"
}
[2025-04-11T16:06:42.545Z] [DEBUG] [testing] Incoming request: PUT /api/jobs/67f93736abeade937b11bb7b {
  "headers": {
    "host": "localhost:3000",
    "connection": "keep-alive",
    "content-length": "21",
    "sec-ch-ua-platform": "\"macOS\"",
    "authorization": "Bearer eyJhbGciOiJIUzI1NiIsInR5cCI6IkpXVCJ9.eyJ1c2VySWQiOiI2N2Y5MjJlMzRlODEzOTNjYzUyNTM5NjgiLCJpYXQiOjE3NDQzODU4MTMsImV4cCI6MTc0Njk3NzgxM30.E6aPrFVqt-xt25nquv3juQz0lKaToZyfWgb2zGwQY6o",
    "user-agent": "Mozilla/5.0 (Macintosh; Intel Mac OS X 10_15_7) AppleWebKit/537.36 (KHTML, like Gecko) Chrome/134.0.0.0 Safari/537.36",
    "sec-ch-ua": "\"Chromium\";v=\"134\", \"Not:A-Brand\";v=\"24\", \"Google Chrome\";v=\"134\"",
    "content-type": "application/json",
    "sec-ch-ua-mobile": "?0",
    "accept": "*/*",
    "origin": "http://localhost:5173",
    "sec-fetch-site": "same-site",
    "sec-fetch-mode": "cors",
    "sec-fetch-dest": "empty",
    "referer": "http://localhost:5173/",
    "accept-encoding": "gzip, deflate, br, zstd",
    "accept-language": "en-GB,en-US;q=0.9,en;q=0.8"
  },
  "body": {
    "status": "declined"
  },
  "query": {},
  "params": {}
}
[2025-04-11T16:06:42.548Z] [DEBUG] Token verified successfully {
  "userId": "67f922e34e81393cc5253968"
}
[2025-04-11T16:06:42.545Z] [DEBUG] Checking authentication headers {
  "url": "/api/jobs/67f93736abeade937b11bb7b",
  "headers": "Authorization header present"
}
[2025-04-11T16:06:42.545Z] [DEBUG] Token extracted from header {
  "url": "/api/jobs/67f93736abeade937b11bb7b"
}
[2025-04-11T16:06:42.545Z] [DEBUG] [testing] Request body {
  "url": "/api/jobs/67f93736abeade937b11bb7b",
  "method": "PUT",
  "body": {
    "status": "declined"
  }
}
[2025-04-11T16:06:42.591Z] [DEBUG] User attached to request {
  "userId": "67f922e34e81393cc5253968",
  "route": "/api/jobs/67f93736abeade937b11bb7b"
}
[2025-04-11T16:06:42.667Z] [INFO] PUT /api/jobs/67f93736abeade937b11bb7b 200 - 123ms {
  "method": "PUT",
  "url": "/api/jobs/67f93736abeade937b11bb7b",
  "status": 200,
  "duration": 123,
  "ip": "::1",
  "userAgent": "Mozilla/5.0 (Macintosh; Intel Mac OS X 10_15_7) AppleWebKit/537.36 (KHTML, like Gecko) Chrome/134.0.0.0 Safari/537.36",
  "userId": "67f922e34e81393cc5253968"
}
[2025-04-11T16:08:37.082Z] [DEBUG] [testing] Incoming request: GET /api/jobs {
  "headers": {
    "host": "localhost:3000",
    "connection": "keep-alive",
    "sec-ch-ua-platform": "\"macOS\"",
    "authorization": "Bearer eyJhbGciOiJIUzI1NiIsInR5cCI6IkpXVCJ9.eyJ1c2VySWQiOiI2N2Y5MjJlMzRlODEzOTNjYzUyNTM5NjgiLCJpYXQiOjE3NDQzODU4MTMsImV4cCI6MTc0Njk3NzgxM30.E6aPrFVqt-xt25nquv3juQz0lKaToZyfWgb2zGwQY6o",
    "user-agent": "Mozilla/5.0 (Macintosh; Intel Mac OS X 10_15_7) AppleWebKit/537.36 (KHTML, like Gecko) Chrome/134.0.0.0 Safari/537.36",
    "sec-ch-ua": "\"Chromium\";v=\"134\", \"Not:A-Brand\";v=\"24\", \"Google Chrome\";v=\"134\"",
    "content-type": "application/json",
    "sec-ch-ua-mobile": "?0",
    "accept": "*/*",
    "origin": "http://localhost:5173",
    "sec-fetch-site": "same-site",
    "sec-fetch-mode": "cors",
    "sec-fetch-dest": "empty",
    "referer": "http://localhost:5173/",
    "accept-encoding": "gzip, deflate, br, zstd",
    "accept-language": "en-GB,en-US;q=0.9,en;q=0.8",
    "if-none-match": "W/\"232-thO+Qy7YLZ7XvOLuoJ/mvygYeUU\""
  },
  "query": {},
  "params": {}
}
[2025-04-11T16:08:37.082Z] [DEBUG] Checking authentication headers {
  "url": "/api/jobs",
  "headers": "Authorization header present"
}
[2025-04-11T16:08:37.083Z] [DEBUG] Token verified successfully {
  "userId": "67f922e34e81393cc5253968"
}
[2025-04-11T16:08:37.082Z] [DEBUG] Token extracted from header {
  "url": "/api/jobs"
}
[2025-04-11T16:08:37.126Z] [DEBUG] User attached to request {
  "userId": "67f922e34e81393cc5253968",
  "route": "/api/jobs"
}
[2025-04-11T16:08:37.161Z] [INFO] GET /api/jobs 200 - 80ms {
  "method": "GET",
  "url": "/api/jobs",
  "status": 200,
  "duration": 80,
  "ip": "::1",
  "userAgent": "Mozilla/5.0 (Macintosh; Intel Mac OS X 10_15_7) AppleWebKit/537.36 (KHTML, like Gecko) Chrome/134.0.0.0 Safari/537.36",
  "userId": "67f922e34e81393cc5253968"
}
[2025-04-11T16:08:37.162Z] [DEBUG] [testing] Incoming request: GET /api/jobs {
  "headers": {
    "host": "localhost:3000",
    "connection": "keep-alive",
    "sec-ch-ua-platform": "\"macOS\"",
    "authorization": "Bearer eyJhbGciOiJIUzI1NiIsInR5cCI6IkpXVCJ9.eyJ1c2VySWQiOiI2N2Y5MjJlMzRlODEzOTNjYzUyNTM5NjgiLCJpYXQiOjE3NDQzODU4MTMsImV4cCI6MTc0Njk3NzgxM30.E6aPrFVqt-xt25nquv3juQz0lKaToZyfWgb2zGwQY6o",
    "user-agent": "Mozilla/5.0 (Macintosh; Intel Mac OS X 10_15_7) AppleWebKit/537.36 (KHTML, like Gecko) Chrome/134.0.0.0 Safari/537.36",
    "sec-ch-ua": "\"Chromium\";v=\"134\", \"Not:A-Brand\";v=\"24\", \"Google Chrome\";v=\"134\"",
    "content-type": "application/json",
    "sec-ch-ua-mobile": "?0",
    "accept": "*/*",
    "origin": "http://localhost:5173",
    "sec-fetch-site": "same-site",
    "sec-fetch-mode": "cors",
    "sec-fetch-dest": "empty",
    "referer": "http://localhost:5173/",
    "accept-encoding": "gzip, deflate, br, zstd",
    "accept-language": "en-GB,en-US;q=0.9,en;q=0.8",
    "if-none-match": "W/\"22f-JlyNf056wNM46GNC6MZo+h6cYlI\""
  },
  "query": {},
  "params": {}
}
[2025-04-11T16:08:37.163Z] [DEBUG] Token verified successfully {
  "userId": "67f922e34e81393cc5253968"
}
[2025-04-11T16:08:37.162Z] [DEBUG] Checking authentication headers {
  "url": "/api/jobs",
  "headers": "Authorization header present"
}
[2025-04-11T16:08:37.162Z] [DEBUG] Token extracted from header {
  "url": "/api/jobs"
}
[2025-04-11T16:08:37.198Z] [DEBUG] User attached to request {
  "userId": "67f922e34e81393cc5253968",
  "route": "/api/jobs"
}
[2025-04-11T16:08:37.236Z] [INFO] GET /api/jobs 304 - 73ms {
  "method": "GET",
  "url": "/api/jobs",
  "status": 304,
  "duration": 73,
  "ip": "::1",
  "userAgent": "Mozilla/5.0 (Macintosh; Intel Mac OS X 10_15_7) AppleWebKit/537.36 (KHTML, like Gecko) Chrome/134.0.0.0 Safari/537.36",
  "userId": "67f922e34e81393cc5253968"
}
[2025-04-11T16:08:37.967Z] [DEBUG] [testing] Incoming request: GET /api/jobs {
  "headers": {
    "host": "localhost:3000",
    "connection": "keep-alive",
    "sec-ch-ua-platform": "\"macOS\"",
    "authorization": "Bearer eyJhbGciOiJIUzI1NiIsInR5cCI6IkpXVCJ9.eyJ1c2VySWQiOiI2N2Y5MjJlMzRlODEzOTNjYzUyNTM5NjgiLCJpYXQiOjE3NDQzODU4MTMsImV4cCI6MTc0Njk3NzgxM30.E6aPrFVqt-xt25nquv3juQz0lKaToZyfWgb2zGwQY6o",
    "user-agent": "Mozilla/5.0 (Macintosh; Intel Mac OS X 10_15_7) AppleWebKit/537.36 (KHTML, like Gecko) Chrome/134.0.0.0 Safari/537.36",
    "sec-ch-ua": "\"Chromium\";v=\"134\", \"Not:A-Brand\";v=\"24\", \"Google Chrome\";v=\"134\"",
    "content-type": "application/json",
    "sec-ch-ua-mobile": "?0",
    "accept": "*/*",
    "origin": "http://localhost:5173",
    "sec-fetch-site": "same-site",
    "sec-fetch-mode": "cors",
    "sec-fetch-dest": "empty",
    "referer": "http://localhost:5173/",
    "accept-encoding": "gzip, deflate, br, zstd",
    "accept-language": "en-GB,en-US;q=0.9,en;q=0.8",
    "if-none-match": "W/\"22f-JlyNf056wNM46GNC6MZo+h6cYlI\""
  },
  "query": {},
  "params": {}
}
[2025-04-11T16:08:37.967Z] [DEBUG] Checking authentication headers {
  "url": "/api/jobs",
  "headers": "Authorization header present"
}
[2025-04-11T16:08:37.967Z] [DEBUG] Token extracted from header {
  "url": "/api/jobs"
}
[2025-04-11T16:08:37.968Z] [DEBUG] Token verified successfully {
  "userId": "67f922e34e81393cc5253968"
}
[2025-04-11T16:08:38.010Z] [DEBUG] User attached to request {
  "userId": "67f922e34e81393cc5253968",
  "route": "/api/jobs"
}
[2025-04-11T16:08:38.046Z] [INFO] GET /api/jobs 304 - 80ms {
  "method": "GET",
  "url": "/api/jobs",
  "status": 304,
  "duration": 80,
  "ip": "::1",
  "userAgent": "Mozilla/5.0 (Macintosh; Intel Mac OS X 10_15_7) AppleWebKit/537.36 (KHTML, like Gecko) Chrome/134.0.0.0 Safari/537.36",
  "userId": "67f922e34e81393cc5253968"
}
[2025-04-11T16:08:38.047Z] [DEBUG] [testing] Incoming request: GET /api/jobs {
  "headers": {
    "host": "localhost:3000",
    "connection": "keep-alive",
    "sec-ch-ua-platform": "\"macOS\"",
    "authorization": "Bearer eyJhbGciOiJIUzI1NiIsInR5cCI6IkpXVCJ9.eyJ1c2VySWQiOiI2N2Y5MjJlMzRlODEzOTNjYzUyNTM5NjgiLCJpYXQiOjE3NDQzODU4MTMsImV4cCI6MTc0Njk3NzgxM30.E6aPrFVqt-xt25nquv3juQz0lKaToZyfWgb2zGwQY6o",
    "user-agent": "Mozilla/5.0 (Macintosh; Intel Mac OS X 10_15_7) AppleWebKit/537.36 (KHTML, like Gecko) Chrome/134.0.0.0 Safari/537.36",
    "sec-ch-ua": "\"Chromium\";v=\"134\", \"Not:A-Brand\";v=\"24\", \"Google Chrome\";v=\"134\"",
    "content-type": "application/json",
    "sec-ch-ua-mobile": "?0",
    "accept": "*/*",
    "origin": "http://localhost:5173",
    "sec-fetch-site": "same-site",
    "sec-fetch-mode": "cors",
    "sec-fetch-dest": "empty",
    "referer": "http://localhost:5173/",
    "accept-encoding": "gzip, deflate, br, zstd",
    "accept-language": "en-GB,en-US;q=0.9,en;q=0.8",
    "if-none-match": "W/\"22f-JlyNf056wNM46GNC6MZo+h6cYlI\""
  },
  "query": {},
  "params": {}
}
[2025-04-11T16:08:38.047Z] [DEBUG] Checking authentication headers {
  "url": "/api/jobs",
  "headers": "Authorization header present"
}
[2025-04-11T16:08:38.048Z] [DEBUG] Token extracted from header {
  "url": "/api/jobs"
}
[2025-04-11T16:08:38.049Z] [DEBUG] Token verified successfully {
  "userId": "67f922e34e81393cc5253968"
}
[2025-04-11T16:08:38.084Z] [DEBUG] User attached to request {
  "userId": "67f922e34e81393cc5253968",
  "route": "/api/jobs"
}
[2025-04-11T16:08:38.119Z] [INFO] GET /api/jobs 304 - 72ms {
  "method": "GET",
  "url": "/api/jobs",
  "status": 304,
  "duration": 72,
  "ip": "::1",
  "userAgent": "Mozilla/5.0 (Macintosh; Intel Mac OS X 10_15_7) AppleWebKit/537.36 (KHTML, like Gecko) Chrome/134.0.0.0 Safari/537.36",
  "userId": "67f922e34e81393cc5253968"
}
[2025-04-11T16:08:38.550Z] [DEBUG] [testing] Incoming request: GET /api/jobs {
  "headers": {
    "host": "localhost:3000",
    "connection": "keep-alive",
    "sec-ch-ua-platform": "\"macOS\"",
    "authorization": "Bearer eyJhbGciOiJIUzI1NiIsInR5cCI6IkpXVCJ9.eyJ1c2VySWQiOiI2N2Y5MjJlMzRlODEzOTNjYzUyNTM5NjgiLCJpYXQiOjE3NDQzODU4MTMsImV4cCI6MTc0Njk3NzgxM30.E6aPrFVqt-xt25nquv3juQz0lKaToZyfWgb2zGwQY6o",
    "user-agent": "Mozilla/5.0 (Macintosh; Intel Mac OS X 10_15_7) AppleWebKit/537.36 (KHTML, like Gecko) Chrome/134.0.0.0 Safari/537.36",
    "sec-ch-ua": "\"Chromium\";v=\"134\", \"Not:A-Brand\";v=\"24\", \"Google Chrome\";v=\"134\"",
    "content-type": "application/json",
    "sec-ch-ua-mobile": "?0",
    "accept": "*/*",
    "origin": "http://localhost:5173",
    "sec-fetch-site": "same-site",
    "sec-fetch-mode": "cors",
    "sec-fetch-dest": "empty",
    "referer": "http://localhost:5173/",
    "accept-encoding": "gzip, deflate, br, zstd",
    "accept-language": "en-GB,en-US;q=0.9,en;q=0.8",
    "if-none-match": "W/\"22f-JlyNf056wNM46GNC6MZo+h6cYlI\""
  },
  "query": {},
  "params": {}
}
[2025-04-11T16:08:38.551Z] [DEBUG] Checking authentication headers {
  "url": "/api/jobs",
  "headers": "Authorization header present"
}
[2025-04-11T16:08:38.551Z] [DEBUG] Token extracted from header {
  "url": "/api/jobs"
}
[2025-04-11T16:08:38.552Z] [DEBUG] Token verified successfully {
  "userId": "67f922e34e81393cc5253968"
}
[2025-04-11T16:08:38.594Z] [DEBUG] User attached to request {
  "userId": "67f922e34e81393cc5253968",
  "route": "/api/jobs"
}
[2025-04-11T16:08:38.639Z] [INFO] GET /api/jobs 304 - 89ms {
  "method": "GET",
  "url": "/api/jobs",
  "status": 304,
  "duration": 89,
  "ip": "::1",
  "userAgent": "Mozilla/5.0 (Macintosh; Intel Mac OS X 10_15_7) AppleWebKit/537.36 (KHTML, like Gecko) Chrome/134.0.0.0 Safari/537.36",
  "userId": "67f922e34e81393cc5253968"
}
[2025-04-11T16:08:38.646Z] [DEBUG] [testing] Incoming request: GET /api/jobs {
  "headers": {
    "host": "localhost:3000",
    "connection": "keep-alive",
    "sec-ch-ua-platform": "\"macOS\"",
    "authorization": "Bearer eyJhbGciOiJIUzI1NiIsInR5cCI6IkpXVCJ9.eyJ1c2VySWQiOiI2N2Y5MjJlMzRlODEzOTNjYzUyNTM5NjgiLCJpYXQiOjE3NDQzODU4MTMsImV4cCI6MTc0Njk3NzgxM30.E6aPrFVqt-xt25nquv3juQz0lKaToZyfWgb2zGwQY6o",
    "user-agent": "Mozilla/5.0 (Macintosh; Intel Mac OS X 10_15_7) AppleWebKit/537.36 (KHTML, like Gecko) Chrome/134.0.0.0 Safari/537.36",
    "sec-ch-ua": "\"Chromium\";v=\"134\", \"Not:A-Brand\";v=\"24\", \"Google Chrome\";v=\"134\"",
    "content-type": "application/json",
    "sec-ch-ua-mobile": "?0",
    "accept": "*/*",
    "origin": "http://localhost:5173",
    "sec-fetch-site": "same-site",
    "sec-fetch-mode": "cors",
    "sec-fetch-dest": "empty",
    "referer": "http://localhost:5173/",
    "accept-encoding": "gzip, deflate, br, zstd",
    "accept-language": "en-GB,en-US;q=0.9,en;q=0.8",
    "if-none-match": "W/\"22f-JlyNf056wNM46GNC6MZo+h6cYlI\""
  },
  "query": {},
  "params": {}
}
[2025-04-11T16:08:38.646Z] [DEBUG] Checking authentication headers {
  "url": "/api/jobs",
  "headers": "Authorization header present"
}
[2025-04-11T16:08:38.647Z] [DEBUG] Token extracted from header {
  "url": "/api/jobs"
}
[2025-04-11T16:08:38.648Z] [DEBUG] Token verified successfully {
  "userId": "67f922e34e81393cc5253968"
}
[2025-04-11T16:08:38.683Z] [DEBUG] User attached to request {
  "userId": "67f922e34e81393cc5253968",
  "route": "/api/jobs"
}
[2025-04-11T16:08:38.717Z] [INFO] GET /api/jobs 304 - 71ms {
  "method": "GET",
  "url": "/api/jobs",
  "status": 304,
  "duration": 71,
  "ip": "::1",
  "userAgent": "Mozilla/5.0 (Macintosh; Intel Mac OS X 10_15_7) AppleWebKit/537.36 (KHTML, like Gecko) Chrome/134.0.0.0 Safari/537.36",
  "userId": "67f922e34e81393cc5253968"
}
[2025-04-11T16:08:39.348Z] [DEBUG] [testing] Incoming request: GET /api/jobs {
  "headers": {
    "host": "localhost:3000",
    "connection": "keep-alive",
    "sec-ch-ua-platform": "\"macOS\"",
    "authorization": "Bearer eyJhbGciOiJIUzI1NiIsInR5cCI6IkpXVCJ9.eyJ1c2VySWQiOiI2N2Y5MjJlMzRlODEzOTNjYzUyNTM5NjgiLCJpYXQiOjE3NDQzODU4MTMsImV4cCI6MTc0Njk3NzgxM30.E6aPrFVqt-xt25nquv3juQz0lKaToZyfWgb2zGwQY6o",
    "user-agent": "Mozilla/5.0 (Macintosh; Intel Mac OS X 10_15_7) AppleWebKit/537.36 (KHTML, like Gecko) Chrome/134.0.0.0 Safari/537.36",
    "sec-ch-ua": "\"Chromium\";v=\"134\", \"Not:A-Brand\";v=\"24\", \"Google Chrome\";v=\"134\"",
    "content-type": "application/json",
    "sec-ch-ua-mobile": "?0",
    "accept": "*/*",
    "origin": "http://localhost:5173",
    "sec-fetch-site": "same-site",
    "sec-fetch-mode": "cors",
    "sec-fetch-dest": "empty",
    "referer": "http://localhost:5173/",
    "accept-encoding": "gzip, deflate, br, zstd",
    "accept-language": "en-GB,en-US;q=0.9,en;q=0.8",
    "if-none-match": "W/\"22f-JlyNf056wNM46GNC6MZo+h6cYlI\""
  },
  "query": {},
  "params": {}
}
[2025-04-11T16:08:39.348Z] [DEBUG] Checking authentication headers {
  "url": "/api/jobs",
  "headers": "Authorization header present"
}
[2025-04-11T16:08:39.348Z] [DEBUG] Token extracted from header {
  "url": "/api/jobs"
}
[2025-04-11T16:08:39.349Z] [DEBUG] Token verified successfully {
  "userId": "67f922e34e81393cc5253968"
}
[2025-04-11T16:08:39.384Z] [DEBUG] User attached to request {
  "userId": "67f922e34e81393cc5253968",
  "route": "/api/jobs"
}
[2025-04-11T16:08:39.420Z] [INFO] GET /api/jobs 304 - 72ms {
  "method": "GET",
  "url": "/api/jobs",
  "status": 304,
  "duration": 72,
  "ip": "::1",
  "userAgent": "Mozilla/5.0 (Macintosh; Intel Mac OS X 10_15_7) AppleWebKit/537.36 (KHTML, like Gecko) Chrome/134.0.0.0 Safari/537.36",
  "userId": "67f922e34e81393cc5253968"
}
[2025-04-11T16:08:39.421Z] [DEBUG] [testing] Incoming request: GET /api/jobs {
  "headers": {
    "host": "localhost:3000",
    "connection": "keep-alive",
    "sec-ch-ua-platform": "\"macOS\"",
    "authorization": "Bearer eyJhbGciOiJIUzI1NiIsInR5cCI6IkpXVCJ9.eyJ1c2VySWQiOiI2N2Y5MjJlMzRlODEzOTNjYzUyNTM5NjgiLCJpYXQiOjE3NDQzODU4MTMsImV4cCI6MTc0Njk3NzgxM30.E6aPrFVqt-xt25nquv3juQz0lKaToZyfWgb2zGwQY6o",
    "user-agent": "Mozilla/5.0 (Macintosh; Intel Mac OS X 10_15_7) AppleWebKit/537.36 (KHTML, like Gecko) Chrome/134.0.0.0 Safari/537.36",
    "sec-ch-ua": "\"Chromium\";v=\"134\", \"Not:A-Brand\";v=\"24\", \"Google Chrome\";v=\"134\"",
    "content-type": "application/json",
    "sec-ch-ua-mobile": "?0",
    "accept": "*/*",
    "origin": "http://localhost:5173",
    "sec-fetch-site": "same-site",
    "sec-fetch-mode": "cors",
    "sec-fetch-dest": "empty",
    "referer": "http://localhost:5173/",
    "accept-encoding": "gzip, deflate, br, zstd",
    "accept-language": "en-GB,en-US;q=0.9,en;q=0.8",
    "if-none-match": "W/\"22f-JlyNf056wNM46GNC6MZo+h6cYlI\""
  },
  "query": {},
  "params": {}
}
[2025-04-11T16:08:39.422Z] [DEBUG] Token verified successfully {
  "userId": "67f922e34e81393cc5253968"
}
[2025-04-11T16:08:39.421Z] [DEBUG] Token extracted from header {
  "url": "/api/jobs"
}
[2025-04-11T16:08:39.421Z] [DEBUG] Checking authentication headers {
  "url": "/api/jobs",
  "headers": "Authorization header present"
}
[2025-04-11T16:08:39.457Z] [DEBUG] User attached to request {
  "userId": "67f922e34e81393cc5253968",
  "route": "/api/jobs"
}
[2025-04-11T16:08:39.493Z] [INFO] GET /api/jobs 304 - 73ms {
  "method": "GET",
  "url": "/api/jobs",
  "status": 304,
  "duration": 73,
  "ip": "::1",
  "userAgent": "Mozilla/5.0 (Macintosh; Intel Mac OS X 10_15_7) AppleWebKit/537.36 (KHTML, like Gecko) Chrome/134.0.0.0 Safari/537.36",
  "userId": "67f922e34e81393cc5253968"
}
[2025-04-11T16:08:40.332Z] [DEBUG] [testing] Incoming request: GET /api/jobs {
  "headers": {
    "host": "localhost:3000",
    "connection": "keep-alive",
    "sec-ch-ua-platform": "\"macOS\"",
    "authorization": "Bearer eyJhbGciOiJIUzI1NiIsInR5cCI6IkpXVCJ9.eyJ1c2VySWQiOiI2N2Y5MjJlMzRlODEzOTNjYzUyNTM5NjgiLCJpYXQiOjE3NDQzODU4MTMsImV4cCI6MTc0Njk3NzgxM30.E6aPrFVqt-xt25nquv3juQz0lKaToZyfWgb2zGwQY6o",
    "user-agent": "Mozilla/5.0 (Macintosh; Intel Mac OS X 10_15_7) AppleWebKit/537.36 (KHTML, like Gecko) Chrome/134.0.0.0 Safari/537.36",
    "sec-ch-ua": "\"Chromium\";v=\"134\", \"Not:A-Brand\";v=\"24\", \"Google Chrome\";v=\"134\"",
    "content-type": "application/json",
    "sec-ch-ua-mobile": "?0",
    "accept": "*/*",
    "origin": "http://localhost:5173",
    "sec-fetch-site": "same-site",
    "sec-fetch-mode": "cors",
    "sec-fetch-dest": "empty",
    "referer": "http://localhost:5173/",
    "accept-encoding": "gzip, deflate, br, zstd",
    "accept-language": "en-GB,en-US;q=0.9,en;q=0.8",
    "if-none-match": "W/\"22f-JlyNf056wNM46GNC6MZo+h6cYlI\""
  },
  "query": {},
  "params": {}
}
[2025-04-11T16:08:40.332Z] [DEBUG] Checking authentication headers {
  "url": "/api/jobs",
  "headers": "Authorization header present"
}
[2025-04-11T16:08:40.332Z] [DEBUG] Token extracted from header {
  "url": "/api/jobs"
}
[2025-04-11T16:08:40.333Z] [DEBUG] Token verified successfully {
  "userId": "67f922e34e81393cc5253968"
}
[2025-04-11T16:08:40.368Z] [DEBUG] User attached to request {
  "userId": "67f922e34e81393cc5253968",
  "route": "/api/jobs"
}
[2025-04-11T16:08:40.403Z] [INFO] GET /api/jobs 304 - 71ms {
  "method": "GET",
  "url": "/api/jobs",
  "status": 304,
  "duration": 71,
  "ip": "::1",
  "userAgent": "Mozilla/5.0 (Macintosh; Intel Mac OS X 10_15_7) AppleWebKit/537.36 (KHTML, like Gecko) Chrome/134.0.0.0 Safari/537.36",
  "userId": "67f922e34e81393cc5253968"
}
[2025-04-11T16:08:40.404Z] [DEBUG] [testing] Incoming request: GET /api/jobs {
  "headers": {
    "host": "localhost:3000",
    "connection": "keep-alive",
    "sec-ch-ua-platform": "\"macOS\"",
    "authorization": "Bearer eyJhbGciOiJIUzI1NiIsInR5cCI6IkpXVCJ9.eyJ1c2VySWQiOiI2N2Y5MjJlMzRlODEzOTNjYzUyNTM5NjgiLCJpYXQiOjE3NDQzODU4MTMsImV4cCI6MTc0Njk3NzgxM30.E6aPrFVqt-xt25nquv3juQz0lKaToZyfWgb2zGwQY6o",
    "user-agent": "Mozilla/5.0 (Macintosh; Intel Mac OS X 10_15_7) AppleWebKit/537.36 (KHTML, like Gecko) Chrome/134.0.0.0 Safari/537.36",
    "sec-ch-ua": "\"Chromium\";v=\"134\", \"Not:A-Brand\";v=\"24\", \"Google Chrome\";v=\"134\"",
    "content-type": "application/json",
    "sec-ch-ua-mobile": "?0",
    "accept": "*/*",
    "origin": "http://localhost:5173",
    "sec-fetch-site": "same-site",
    "sec-fetch-mode": "cors",
    "sec-fetch-dest": "empty",
    "referer": "http://localhost:5173/",
    "accept-encoding": "gzip, deflate, br, zstd",
    "accept-language": "en-GB,en-US;q=0.9,en;q=0.8",
    "if-none-match": "W/\"22f-JlyNf056wNM46GNC6MZo+h6cYlI\""
  },
  "query": {},
  "params": {}
}
[2025-04-11T16:08:40.404Z] [DEBUG] Checking authentication headers {
  "url": "/api/jobs",
  "headers": "Authorization header present"
}
[2025-04-11T16:08:40.404Z] [DEBUG] Token extracted from header {
  "url": "/api/jobs"
}
[2025-04-11T16:08:40.405Z] [DEBUG] Token verified successfully {
  "userId": "67f922e34e81393cc5253968"
}
[2025-04-11T16:08:40.440Z] [DEBUG] User attached to request {
  "userId": "67f922e34e81393cc5253968",
  "route": "/api/jobs"
}
[2025-04-11T16:08:40.477Z] [INFO] GET /api/jobs 304 - 73ms {
  "method": "GET",
  "url": "/api/jobs",
  "status": 304,
  "duration": 73,
  "ip": "::1",
  "userAgent": "Mozilla/5.0 (Macintosh; Intel Mac OS X 10_15_7) AppleWebKit/537.36 (KHTML, like Gecko) Chrome/134.0.0.0 Safari/537.36",
  "userId": "67f922e34e81393cc5253968"
}
[2025-04-11T16:08:45.535Z] [DEBUG] [testing] Incoming request: GET /api/jobs {
  "headers": {
    "host": "localhost:3000",
    "connection": "keep-alive",
    "sec-ch-ua-platform": "\"macOS\"",
    "authorization": "Bearer eyJhbGciOiJIUzI1NiIsInR5cCI6IkpXVCJ9.eyJ1c2VySWQiOiI2N2Y5MjJlMzRlODEzOTNjYzUyNTM5NjgiLCJpYXQiOjE3NDQzODU4MTMsImV4cCI6MTc0Njk3NzgxM30.E6aPrFVqt-xt25nquv3juQz0lKaToZyfWgb2zGwQY6o",
    "user-agent": "Mozilla/5.0 (Macintosh; Intel Mac OS X 10_15_7) AppleWebKit/537.36 (KHTML, like Gecko) Chrome/134.0.0.0 Safari/537.36",
    "sec-ch-ua": "\"Chromium\";v=\"134\", \"Not:A-Brand\";v=\"24\", \"Google Chrome\";v=\"134\"",
    "content-type": "application/json",
    "sec-ch-ua-mobile": "?0",
    "accept": "*/*",
    "origin": "http://localhost:5173",
    "sec-fetch-site": "same-site",
    "sec-fetch-mode": "cors",
    "sec-fetch-dest": "empty",
    "referer": "http://localhost:5173/",
    "accept-encoding": "gzip, deflate, br, zstd",
    "accept-language": "en-GB,en-US;q=0.9,en;q=0.8",
    "if-none-match": "W/\"22f-JlyNf056wNM46GNC6MZo+h6cYlI\""
  },
  "query": {},
  "params": {}
}
[2025-04-11T16:08:45.535Z] [DEBUG] Checking authentication headers {
  "url": "/api/jobs",
  "headers": "Authorization header present"
}
[2025-04-11T16:08:45.535Z] [DEBUG] Token extracted from header {
  "url": "/api/jobs"
}
[2025-04-11T16:08:45.536Z] [DEBUG] Token verified successfully {
  "userId": "67f922e34e81393cc5253968"
}
[2025-04-11T16:08:45.571Z] [DEBUG] User attached to request {
  "userId": "67f922e34e81393cc5253968",
  "route": "/api/jobs"
}
[2025-04-11T16:08:45.605Z] [INFO] GET /api/jobs 304 - 70ms {
  "method": "GET",
  "url": "/api/jobs",
  "status": 304,
  "duration": 70,
  "ip": "::1",
  "userAgent": "Mozilla/5.0 (Macintosh; Intel Mac OS X 10_15_7) AppleWebKit/537.36 (KHTML, like Gecko) Chrome/134.0.0.0 Safari/537.36",
  "userId": "67f922e34e81393cc5253968"
}
[2025-04-11T16:08:45.607Z] [DEBUG] [testing] Incoming request: GET /api/jobs {
  "headers": {
    "host": "localhost:3000",
    "connection": "keep-alive",
    "sec-ch-ua-platform": "\"macOS\"",
    "authorization": "Bearer eyJhbGciOiJIUzI1NiIsInR5cCI6IkpXVCJ9.eyJ1c2VySWQiOiI2N2Y5MjJlMzRlODEzOTNjYzUyNTM5NjgiLCJpYXQiOjE3NDQzODU4MTMsImV4cCI6MTc0Njk3NzgxM30.E6aPrFVqt-xt25nquv3juQz0lKaToZyfWgb2zGwQY6o",
    "user-agent": "Mozilla/5.0 (Macintosh; Intel Mac OS X 10_15_7) AppleWebKit/537.36 (KHTML, like Gecko) Chrome/134.0.0.0 Safari/537.36",
    "sec-ch-ua": "\"Chromium\";v=\"134\", \"Not:A-Brand\";v=\"24\", \"Google Chrome\";v=\"134\"",
    "content-type": "application/json",
    "sec-ch-ua-mobile": "?0",
    "accept": "*/*",
    "origin": "http://localhost:5173",
    "sec-fetch-site": "same-site",
    "sec-fetch-mode": "cors",
    "sec-fetch-dest": "empty",
    "referer": "http://localhost:5173/",
    "accept-encoding": "gzip, deflate, br, zstd",
    "accept-language": "en-GB,en-US;q=0.9,en;q=0.8",
    "if-none-match": "W/\"22f-JlyNf056wNM46GNC6MZo+h6cYlI\""
  },
  "query": {},
  "params": {}
}
[2025-04-11T16:08:45.607Z] [DEBUG] Token verified successfully {
  "userId": "67f922e34e81393cc5253968"
}
[2025-04-11T16:08:45.607Z] [DEBUG] Checking authentication headers {
  "url": "/api/jobs",
  "headers": "Authorization header present"
}
[2025-04-11T16:08:45.607Z] [DEBUG] Token extracted from header {
  "url": "/api/jobs"
}
[2025-04-11T16:08:45.642Z] [DEBUG] User attached to request {
  "userId": "67f922e34e81393cc5253968",
  "route": "/api/jobs"
}
[2025-04-11T16:08:45.678Z] [INFO] GET /api/jobs 304 - 71ms {
  "method": "GET",
  "url": "/api/jobs",
  "status": 304,
  "duration": 71,
  "ip": "::1",
  "userAgent": "Mozilla/5.0 (Macintosh; Intel Mac OS X 10_15_7) AppleWebKit/537.36 (KHTML, like Gecko) Chrome/134.0.0.0 Safari/537.36",
  "userId": "67f922e34e81393cc5253968"
}
[2025-04-11T16:12:26.935Z] [DEBUG] [testing] Incoming request: GET /api/jobs {
  "headers": {
    "host": "localhost:3000",
    "connection": "keep-alive",
    "sec-ch-ua-platform": "\"macOS\"",
    "authorization": "Bearer eyJhbGciOiJIUzI1NiIsInR5cCI6IkpXVCJ9.eyJ1c2VySWQiOiI2N2Y5MjJlMzRlODEzOTNjYzUyNTM5NjgiLCJpYXQiOjE3NDQzODU4MTMsImV4cCI6MTc0Njk3NzgxM30.E6aPrFVqt-xt25nquv3juQz0lKaToZyfWgb2zGwQY6o",
    "user-agent": "Mozilla/5.0 (Macintosh; Intel Mac OS X 10_15_7) AppleWebKit/537.36 (KHTML, like Gecko) Chrome/134.0.0.0 Safari/537.36",
    "sec-ch-ua": "\"Chromium\";v=\"134\", \"Not:A-Brand\";v=\"24\", \"Google Chrome\";v=\"134\"",
    "content-type": "application/json",
    "sec-ch-ua-mobile": "?0",
    "accept": "*/*",
    "origin": "http://localhost:5173",
    "sec-fetch-site": "same-site",
    "sec-fetch-mode": "cors",
    "sec-fetch-dest": "empty",
    "referer": "http://localhost:5173/",
    "accept-encoding": "gzip, deflate, br, zstd",
    "accept-language": "en-GB,en-US;q=0.9,en;q=0.8",
    "if-none-match": "W/\"22f-JlyNf056wNM46GNC6MZo+h6cYlI\""
  },
  "query": {},
  "params": {}
}
[2025-04-11T16:12:26.935Z] [DEBUG] Checking authentication headers {
  "url": "/api/jobs",
  "headers": "Authorization header present"
}
[2025-04-11T16:12:26.935Z] [DEBUG] Token extracted from header {
  "url": "/api/jobs"
}
[2025-04-11T16:12:26.936Z] [DEBUG] Token verified successfully {
  "userId": "67f922e34e81393cc5253968"
}
[2025-04-11T16:12:26.973Z] [DEBUG] User attached to request {
  "userId": "67f922e34e81393cc5253968",
  "route": "/api/jobs"
}
[2025-04-11T16:12:27.010Z] [INFO] GET /api/jobs 304 - 75ms {
  "method": "GET",
  "url": "/api/jobs",
  "status": 304,
  "duration": 75,
  "ip": "::1",
  "userAgent": "Mozilla/5.0 (Macintosh; Intel Mac OS X 10_15_7) AppleWebKit/537.36 (KHTML, like Gecko) Chrome/134.0.0.0 Safari/537.36",
  "userId": "67f922e34e81393cc5253968"
}
[2025-04-11T16:12:27.011Z] [DEBUG] [testing] Incoming request: GET /api/jobs {
  "headers": {
    "host": "localhost:3000",
    "connection": "keep-alive",
    "sec-ch-ua-platform": "\"macOS\"",
    "authorization": "Bearer eyJhbGciOiJIUzI1NiIsInR5cCI6IkpXVCJ9.eyJ1c2VySWQiOiI2N2Y5MjJlMzRlODEzOTNjYzUyNTM5NjgiLCJpYXQiOjE3NDQzODU4MTMsImV4cCI6MTc0Njk3NzgxM30.E6aPrFVqt-xt25nquv3juQz0lKaToZyfWgb2zGwQY6o",
    "user-agent": "Mozilla/5.0 (Macintosh; Intel Mac OS X 10_15_7) AppleWebKit/537.36 (KHTML, like Gecko) Chrome/134.0.0.0 Safari/537.36",
    "sec-ch-ua": "\"Chromium\";v=\"134\", \"Not:A-Brand\";v=\"24\", \"Google Chrome\";v=\"134\"",
    "content-type": "application/json",
    "sec-ch-ua-mobile": "?0",
    "accept": "*/*",
    "origin": "http://localhost:5173",
    "sec-fetch-site": "same-site",
    "sec-fetch-mode": "cors",
    "sec-fetch-dest": "empty",
    "referer": "http://localhost:5173/",
    "accept-encoding": "gzip, deflate, br, zstd",
    "accept-language": "en-GB,en-US;q=0.9,en;q=0.8",
    "if-none-match": "W/\"22f-JlyNf056wNM46GNC6MZo+h6cYlI\""
  },
  "query": {},
  "params": {}
}
[2025-04-11T16:12:27.011Z] [DEBUG] Checking authentication headers {
  "url": "/api/jobs",
  "headers": "Authorization header present"
}
[2025-04-11T16:12:27.011Z] [DEBUG] Token extracted from header {
  "url": "/api/jobs"
}
[2025-04-11T16:12:27.012Z] [DEBUG] Token verified successfully {
  "userId": "67f922e34e81393cc5253968"
}
[2025-04-11T16:12:27.051Z] [DEBUG] User attached to request {
  "userId": "67f922e34e81393cc5253968",
  "route": "/api/jobs"
}
[2025-04-11T16:12:27.087Z] [INFO] GET /api/jobs 304 - 76ms {
  "method": "GET",
  "url": "/api/jobs",
  "status": 304,
  "duration": 76,
  "ip": "::1",
  "userAgent": "Mozilla/5.0 (Macintosh; Intel Mac OS X 10_15_7) AppleWebKit/537.36 (KHTML, like Gecko) Chrome/134.0.0.0 Safari/537.36",
  "userId": "67f922e34e81393cc5253968"
}
[2025-04-11T16:15:15.739Z] [DEBUG] [testing] Incoming request: GET /api/jobs {
  "headers": {
    "host": "localhost:3000",
    "connection": "keep-alive",
    "sec-ch-ua-platform": "\"macOS\"",
    "authorization": "Bearer eyJhbGciOiJIUzI1NiIsInR5cCI6IkpXVCJ9.eyJ1c2VySWQiOiI2N2Y5MjJlMzRlODEzOTNjYzUyNTM5NjgiLCJpYXQiOjE3NDQzODU4MTMsImV4cCI6MTc0Njk3NzgxM30.E6aPrFVqt-xt25nquv3juQz0lKaToZyfWgb2zGwQY6o",
    "user-agent": "Mozilla/5.0 (Macintosh; Intel Mac OS X 10_15_7) AppleWebKit/537.36 (KHTML, like Gecko) Chrome/134.0.0.0 Safari/537.36",
    "sec-ch-ua": "\"Chromium\";v=\"134\", \"Not:A-Brand\";v=\"24\", \"Google Chrome\";v=\"134\"",
    "content-type": "application/json",
    "sec-ch-ua-mobile": "?0",
    "accept": "*/*",
    "origin": "http://localhost:5173",
    "sec-fetch-site": "same-site",
    "sec-fetch-mode": "cors",
    "sec-fetch-dest": "empty",
    "referer": "http://localhost:5173/",
    "accept-encoding": "gzip, deflate, br, zstd",
    "accept-language": "en-GB,en-US;q=0.9,en;q=0.8",
    "if-none-match": "W/\"22f-JlyNf056wNM46GNC6MZo+h6cYlI\""
  },
  "query": {},
  "params": {}
}
[2025-04-11T16:15:15.739Z] [DEBUG] Checking authentication headers {
  "url": "/api/jobs",
  "headers": "Authorization header present"
}
[2025-04-11T16:15:15.739Z] [DEBUG] Token extracted from header {
  "url": "/api/jobs"
}
[2025-04-11T16:15:15.740Z] [DEBUG] Token verified successfully {
  "userId": "67f922e34e81393cc5253968"
}
[2025-04-11T16:15:15.777Z] [DEBUG] User attached to request {
  "userId": "67f922e34e81393cc5253968",
  "route": "/api/jobs"
}
[2025-04-11T16:15:15.811Z] [INFO] GET /api/jobs 304 - 72ms {
  "method": "GET",
  "url": "/api/jobs",
  "status": 304,
  "duration": 72,
  "ip": "::1",
  "userAgent": "Mozilla/5.0 (Macintosh; Intel Mac OS X 10_15_7) AppleWebKit/537.36 (KHTML, like Gecko) Chrome/134.0.0.0 Safari/537.36",
  "userId": "67f922e34e81393cc5253968"
}
[2025-04-11T16:15:15.812Z] [DEBUG] [testing] Incoming request: GET /api/jobs {
  "headers": {
    "host": "localhost:3000",
    "connection": "keep-alive",
    "sec-ch-ua-platform": "\"macOS\"",
    "authorization": "Bearer eyJhbGciOiJIUzI1NiIsInR5cCI6IkpXVCJ9.eyJ1c2VySWQiOiI2N2Y5MjJlMzRlODEzOTNjYzUyNTM5NjgiLCJpYXQiOjE3NDQzODU4MTMsImV4cCI6MTc0Njk3NzgxM30.E6aPrFVqt-xt25nquv3juQz0lKaToZyfWgb2zGwQY6o",
    "user-agent": "Mozilla/5.0 (Macintosh; Intel Mac OS X 10_15_7) AppleWebKit/537.36 (KHTML, like Gecko) Chrome/134.0.0.0 Safari/537.36",
    "sec-ch-ua": "\"Chromium\";v=\"134\", \"Not:A-Brand\";v=\"24\", \"Google Chrome\";v=\"134\"",
    "content-type": "application/json",
    "sec-ch-ua-mobile": "?0",
    "accept": "*/*",
    "origin": "http://localhost:5173",
    "sec-fetch-site": "same-site",
    "sec-fetch-mode": "cors",
    "sec-fetch-dest": "empty",
    "referer": "http://localhost:5173/",
    "accept-encoding": "gzip, deflate, br, zstd",
    "accept-language": "en-GB,en-US;q=0.9,en;q=0.8",
    "if-none-match": "W/\"22f-JlyNf056wNM46GNC6MZo+h6cYlI\""
  },
  "query": {},
  "params": {}
}
[2025-04-11T16:15:15.812Z] [DEBUG] Checking authentication headers {
  "url": "/api/jobs",
  "headers": "Authorization header present"
}
[2025-04-11T16:15:15.812Z] [DEBUG] Token extracted from header {
  "url": "/api/jobs"
}
[2025-04-11T16:15:15.813Z] [DEBUG] Token verified successfully {
  "userId": "67f922e34e81393cc5253968"
}
[2025-04-11T16:15:15.847Z] [DEBUG] User attached to request {
  "userId": "67f922e34e81393cc5253968",
  "route": "/api/jobs"
}
[2025-04-11T16:15:15.882Z] [INFO] GET /api/jobs 304 - 69ms {
  "method": "GET",
  "url": "/api/jobs",
  "status": 304,
  "duration": 69,
  "ip": "::1",
  "userAgent": "Mozilla/5.0 (Macintosh; Intel Mac OS X 10_15_7) AppleWebKit/537.36 (KHTML, like Gecko) Chrome/134.0.0.0 Safari/537.36",
  "userId": "67f922e34e81393cc5253968"
}
[2025-04-11T16:15:39.835Z] [DEBUG] [testing] Incoming request: PUT /api/jobs/67f93b63abeade937b11bba2 {
  "headers": {
    "host": "localhost:3000",
    "connection": "keep-alive",
    "content-length": "22",
    "sec-ch-ua-platform": "\"macOS\"",
    "authorization": "Bearer eyJhbGciOiJIUzI1NiIsInR5cCI6IkpXVCJ9.eyJ1c2VySWQiOiI2N2Y5MjJlMzRlODEzOTNjYzUyNTM5NjgiLCJpYXQiOjE3NDQzODU4MTMsImV4cCI6MTc0Njk3NzgxM30.E6aPrFVqt-xt25nquv3juQz0lKaToZyfWgb2zGwQY6o",
    "user-agent": "Mozilla/5.0 (Macintosh; Intel Mac OS X 10_15_7) AppleWebKit/537.36 (KHTML, like Gecko) Chrome/134.0.0.0 Safari/537.36",
    "sec-ch-ua": "\"Chromium\";v=\"134\", \"Not:A-Brand\";v=\"24\", \"Google Chrome\";v=\"134\"",
    "content-type": "application/json",
    "sec-ch-ua-mobile": "?0",
    "accept": "*/*",
    "origin": "http://localhost:5173",
    "sec-fetch-site": "same-site",
    "sec-fetch-mode": "cors",
    "sec-fetch-dest": "empty",
    "referer": "http://localhost:5173/",
    "accept-encoding": "gzip, deflate, br, zstd",
    "accept-language": "en-GB,en-US;q=0.9,en;q=0.8"
  },
  "body": {
    "status": "interview"
  },
  "query": {},
  "params": {}
}
[2025-04-11T16:15:39.836Z] [DEBUG] [testing] Request body {
  "url": "/api/jobs/67f93b63abeade937b11bba2",
  "method": "PUT",
  "body": {
    "status": "interview"
  }
}
[2025-04-11T16:15:39.836Z] [DEBUG] Checking authentication headers {
  "url": "/api/jobs/67f93b63abeade937b11bba2",
  "headers": "Authorization header present"
}
[2025-04-11T16:15:39.836Z] [DEBUG] Token extracted from header {
  "url": "/api/jobs/67f93b63abeade937b11bba2"
}
[2025-04-11T16:15:39.838Z] [DEBUG] Token verified successfully {
  "userId": "67f922e34e81393cc5253968"
}
[2025-04-11T16:15:39.875Z] [DEBUG] User attached to request {
  "userId": "67f922e34e81393cc5253968",
  "route": "/api/jobs/67f93b63abeade937b11bba2"
}
[2025-04-11T16:15:39.960Z] [INFO] PUT /api/jobs/67f93b63abeade937b11bba2 200 - 126ms {
  "method": "PUT",
  "url": "/api/jobs/67f93b63abeade937b11bba2",
  "status": 200,
  "duration": 126,
  "ip": "::1",
  "userAgent": "Mozilla/5.0 (Macintosh; Intel Mac OS X 10_15_7) AppleWebKit/537.36 (KHTML, like Gecko) Chrome/134.0.0.0 Safari/537.36",
  "userId": "67f922e34e81393cc5253968"
}
[2025-04-11T16:15:41.421Z] [DEBUG] [testing] Incoming request: PUT /api/jobs/67f93b63abeade937b11bba2 {
  "headers": {
    "host": "localhost:3000",
    "connection": "keep-alive",
    "content-length": "21",
    "sec-ch-ua-platform": "\"macOS\"",
    "authorization": "Bearer eyJhbGciOiJIUzI1NiIsInR5cCI6IkpXVCJ9.eyJ1c2VySWQiOiI2N2Y5MjJlMzRlODEzOTNjYzUyNTM5NjgiLCJpYXQiOjE3NDQzODU4MTMsImV4cCI6MTc0Njk3NzgxM30.E6aPrFVqt-xt25nquv3juQz0lKaToZyfWgb2zGwQY6o",
    "user-agent": "Mozilla/5.0 (Macintosh; Intel Mac OS X 10_15_7) AppleWebKit/537.36 (KHTML, like Gecko) Chrome/134.0.0.0 Safari/537.36",
    "sec-ch-ua": "\"Chromium\";v=\"134\", \"Not:A-Brand\";v=\"24\", \"Google Chrome\";v=\"134\"",
    "content-type": "application/json",
    "sec-ch-ua-mobile": "?0",
    "accept": "*/*",
    "origin": "http://localhost:5173",
    "sec-fetch-site": "same-site",
    "sec-fetch-mode": "cors",
    "sec-fetch-dest": "empty",
    "referer": "http://localhost:5173/",
    "accept-encoding": "gzip, deflate, br, zstd",
    "accept-language": "en-GB,en-US;q=0.9,en;q=0.8"
  },
  "body": {
    "status": "declined"
  },
  "query": {},
  "params": {}
}
[2025-04-11T16:15:41.422Z] [DEBUG] Token verified successfully {
  "userId": "67f922e34e81393cc5253968"
}
[2025-04-11T16:15:41.421Z] [DEBUG] [testing] Request body {
  "url": "/api/jobs/67f93b63abeade937b11bba2",
  "method": "PUT",
  "body": {
    "status": "declined"
  }
}
[2025-04-11T16:15:41.421Z] [DEBUG] Checking authentication headers {
  "url": "/api/jobs/67f93b63abeade937b11bba2",
  "headers": "Authorization header present"
}
[2025-04-11T16:15:41.421Z] [DEBUG] Token extracted from header {
  "url": "/api/jobs/67f93b63abeade937b11bba2"
}
[2025-04-11T16:15:41.457Z] [DEBUG] User attached to request {
  "userId": "67f922e34e81393cc5253968",
  "route": "/api/jobs/67f93b63abeade937b11bba2"
}
[2025-04-11T16:15:41.560Z] [INFO] PUT /api/jobs/67f93b63abeade937b11bba2 200 - 141ms {
  "method": "PUT",
  "url": "/api/jobs/67f93b63abeade937b11bba2",
  "status": 200,
  "duration": 141,
  "ip": "::1",
  "userAgent": "Mozilla/5.0 (Macintosh; Intel Mac OS X 10_15_7) AppleWebKit/537.36 (KHTML, like Gecko) Chrome/134.0.0.0 Safari/537.36",
  "userId": "67f922e34e81393cc5253968"
}
[2025-04-11T16:19:48.487Z] [DEBUG] [testing] Incoming request: PUT /api/jobs/67f93b63abeade937b11bba2 {
  "headers": {
    "host": "localhost:3000",
    "connection": "keep-alive",
    "content-length": "22",
    "sec-ch-ua-platform": "\"macOS\"",
    "authorization": "Bearer eyJhbGciOiJIUzI1NiIsInR5cCI6IkpXVCJ9.eyJ1c2VySWQiOiI2N2Y5MjJlMzRlODEzOTNjYzUyNTM5NjgiLCJpYXQiOjE3NDQzODU4MTMsImV4cCI6MTc0Njk3NzgxM30.E6aPrFVqt-xt25nquv3juQz0lKaToZyfWgb2zGwQY6o",
    "user-agent": "Mozilla/5.0 (Macintosh; Intel Mac OS X 10_15_7) AppleWebKit/537.36 (KHTML, like Gecko) Chrome/134.0.0.0 Safari/537.36",
    "sec-ch-ua": "\"Chromium\";v=\"134\", \"Not:A-Brand\";v=\"24\", \"Google Chrome\";v=\"134\"",
    "content-type": "application/json",
    "sec-ch-ua-mobile": "?0",
    "accept": "*/*",
    "origin": "http://localhost:5173",
    "sec-fetch-site": "same-site",
    "sec-fetch-mode": "cors",
    "sec-fetch-dest": "empty",
    "referer": "http://localhost:5173/",
    "accept-encoding": "gzip, deflate, br, zstd",
    "accept-language": "en-GB,en-US;q=0.9,en;q=0.8"
  },
  "body": {
    "status": "interview"
  },
  "query": {},
  "params": {}
}
[2025-04-11T16:19:48.492Z] [DEBUG] Token verified successfully {
  "userId": "67f922e34e81393cc5253968"
}
[2025-04-11T16:19:48.490Z] [DEBUG] Checking authentication headers {
  "url": "/api/jobs/67f93b63abeade937b11bba2",
  "headers": "Authorization header present"
}
[2025-04-11T16:19:48.490Z] [DEBUG] Token extracted from header {
  "url": "/api/jobs/67f93b63abeade937b11bba2"
}
[2025-04-11T16:19:48.489Z] [DEBUG] [testing] Request body {
  "url": "/api/jobs/67f93b63abeade937b11bba2",
  "method": "PUT",
  "body": {
    "status": "interview"
  }
}
[2025-04-11T16:19:48.537Z] [DEBUG] User attached to request {
  "userId": "67f922e34e81393cc5253968",
  "route": "/api/jobs/67f93b63abeade937b11bba2"
}
[2025-04-11T16:19:48.622Z] [INFO] PUT /api/jobs/67f93b63abeade937b11bba2 200 - 136ms {
  "method": "PUT",
  "url": "/api/jobs/67f93b63abeade937b11bba2",
  "status": 200,
  "duration": 136,
  "ip": "::1",
  "userAgent": "Mozilla/5.0 (Macintosh; Intel Mac OS X 10_15_7) AppleWebKit/537.36 (KHTML, like Gecko) Chrome/134.0.0.0 Safari/537.36",
  "userId": "67f922e34e81393cc5253968"
}
[2025-04-11T16:19:50.065Z] [DEBUG] [testing] Incoming request: PUT /api/jobs/67f93b63abeade937b11bba2 {
  "headers": {
    "host": "localhost:3000",
    "connection": "keep-alive",
    "content-length": "20",
    "sec-ch-ua-platform": "\"macOS\"",
    "authorization": "Bearer eyJhbGciOiJIUzI1NiIsInR5cCI6IkpXVCJ9.eyJ1c2VySWQiOiI2N2Y5MjJlMzRlODEzOTNjYzUyNTM5NjgiLCJpYXQiOjE3NDQzODU4MTMsImV4cCI6MTc0Njk3NzgxM30.E6aPrFVqt-xt25nquv3juQz0lKaToZyfWgb2zGwQY6o",
    "user-agent": "Mozilla/5.0 (Macintosh; Intel Mac OS X 10_15_7) AppleWebKit/537.36 (KHTML, like Gecko) Chrome/134.0.0.0 Safari/537.36",
    "sec-ch-ua": "\"Chromium\";v=\"134\", \"Not:A-Brand\";v=\"24\", \"Google Chrome\";v=\"134\"",
    "content-type": "application/json",
    "sec-ch-ua-mobile": "?0",
    "accept": "*/*",
    "origin": "http://localhost:5173",
    "sec-fetch-site": "same-site",
    "sec-fetch-mode": "cors",
    "sec-fetch-dest": "empty",
    "referer": "http://localhost:5173/",
    "accept-encoding": "gzip, deflate, br, zstd",
    "accept-language": "en-GB,en-US;q=0.9,en;q=0.8"
  },
  "body": {
    "status": "pending"
  },
  "query": {},
  "params": {}
}
[2025-04-11T16:19:50.065Z] [DEBUG] Checking authentication headers {
  "url": "/api/jobs/67f93b63abeade937b11bba2",
  "headers": "Authorization header present"
}
[2025-04-11T16:19:50.065Z] [DEBUG] [testing] Request body {
  "url": "/api/jobs/67f93b63abeade937b11bba2",
  "method": "PUT",
  "body": {
    "status": "pending"
  }
}
[2025-04-11T16:19:50.065Z] [DEBUG] Token extracted from header {
  "url": "/api/jobs/67f93b63abeade937b11bba2"
}
[2025-04-11T16:19:50.069Z] [DEBUG] Token verified successfully {
  "userId": "67f922e34e81393cc5253968"
}
[2025-04-11T16:19:50.111Z] [DEBUG] User attached to request {
  "userId": "67f922e34e81393cc5253968",
  "route": "/api/jobs/67f93b63abeade937b11bba2"
}
[2025-04-11T16:19:50.189Z] [INFO] PUT /api/jobs/67f93b63abeade937b11bba2 200 - 123ms {
  "method": "PUT",
  "url": "/api/jobs/67f93b63abeade937b11bba2",
  "status": 200,
  "duration": 123,
  "ip": "::1",
  "userAgent": "Mozilla/5.0 (Macintosh; Intel Mac OS X 10_15_7) AppleWebKit/537.36 (KHTML, like Gecko) Chrome/134.0.0.0 Safari/537.36",
  "userId": "67f922e34e81393cc5253968"
}
[2025-04-11T16:19:51.900Z] [DEBUG] [testing] Incoming request: PUT /api/jobs/67f93736abeade937b11bb7b {
  "headers": {
    "host": "localhost:3000",
    "connection": "keep-alive",
    "content-length": "22",
    "sec-ch-ua-platform": "\"macOS\"",
    "authorization": "Bearer eyJhbGciOiJIUzI1NiIsInR5cCI6IkpXVCJ9.eyJ1c2VySWQiOiI2N2Y5MjJlMzRlODEzOTNjYzUyNTM5NjgiLCJpYXQiOjE3NDQzODU4MTMsImV4cCI6MTc0Njk3NzgxM30.E6aPrFVqt-xt25nquv3juQz0lKaToZyfWgb2zGwQY6o",
    "user-agent": "Mozilla/5.0 (Macintosh; Intel Mac OS X 10_15_7) AppleWebKit/537.36 (KHTML, like Gecko) Chrome/134.0.0.0 Safari/537.36",
    "sec-ch-ua": "\"Chromium\";v=\"134\", \"Not:A-Brand\";v=\"24\", \"Google Chrome\";v=\"134\"",
    "content-type": "application/json",
    "sec-ch-ua-mobile": "?0",
    "accept": "*/*",
    "origin": "http://localhost:5173",
    "sec-fetch-site": "same-site",
    "sec-fetch-mode": "cors",
    "sec-fetch-dest": "empty",
    "referer": "http://localhost:5173/",
    "accept-encoding": "gzip, deflate, br, zstd",
    "accept-language": "en-GB,en-US;q=0.9,en;q=0.8"
  },
  "body": {
    "status": "interview"
  },
  "query": {},
  "params": {}
}
[2025-04-11T16:19:51.904Z] [DEBUG] Token verified successfully {
  "userId": "67f922e34e81393cc5253968"
}
[2025-04-11T16:19:51.902Z] [DEBUG] Checking authentication headers {
  "url": "/api/jobs/67f93736abeade937b11bb7b",
  "headers": "Authorization header present"
}
[2025-04-11T16:19:51.902Z] [DEBUG] Token extracted from header {
  "url": "/api/jobs/67f93736abeade937b11bb7b"
}
[2025-04-11T16:19:51.901Z] [DEBUG] [testing] Request body {
  "url": "/api/jobs/67f93736abeade937b11bb7b",
  "method": "PUT",
  "body": {
    "status": "interview"
  }
}
[2025-04-11T16:19:51.946Z] [DEBUG] User attached to request {
  "userId": "67f922e34e81393cc5253968",
  "route": "/api/jobs/67f93736abeade937b11bb7b"
}
[2025-04-11T16:19:52.022Z] [INFO] PUT /api/jobs/67f93736abeade937b11bb7b 200 - 121ms {
  "method": "PUT",
  "url": "/api/jobs/67f93736abeade937b11bb7b",
  "status": 200,
  "duration": 121,
  "ip": "::1",
  "userAgent": "Mozilla/5.0 (Macintosh; Intel Mac OS X 10_15_7) AppleWebKit/537.36 (KHTML, like Gecko) Chrome/134.0.0.0 Safari/537.36",
  "userId": "67f922e34e81393cc5253968"
}
[2025-04-11T16:20:08.534Z] [DEBUG] [testing] Incoming request: POST /api/jobs {
  "headers": {
    "host": "localhost:3000",
    "connection": "keep-alive",
    "content-length": "103",
    "sec-ch-ua-platform": "\"macOS\"",
    "authorization": "Bearer eyJhbGciOiJIUzI1NiIsInR5cCI6IkpXVCJ9.eyJ1c2VySWQiOiI2N2Y5MjJlMzRlODEzOTNjYzUyNTM5NjgiLCJpYXQiOjE3NDQzODU4MTMsImV4cCI6MTc0Njk3NzgxM30.E6aPrFVqt-xt25nquv3juQz0lKaToZyfWgb2zGwQY6o",
    "user-agent": "Mozilla/5.0 (Macintosh; Intel Mac OS X 10_15_7) AppleWebKit/537.36 (KHTML, like Gecko) Chrome/134.0.0.0 Safari/537.36",
    "sec-ch-ua": "\"Chromium\";v=\"134\", \"Not:A-Brand\";v=\"24\", \"Google Chrome\";v=\"134\"",
    "content-type": "application/json",
    "sec-ch-ua-mobile": "?0",
    "accept": "*/*",
    "origin": "http://localhost:5173",
    "sec-fetch-site": "same-site",
    "sec-fetch-mode": "cors",
    "sec-fetch-dest": "empty",
    "referer": "http://localhost:5173/",
    "accept-encoding": "gzip, deflate, br, zstd",
    "accept-language": "en-GB,en-US;q=0.9,en;q=0.8"
  },
  "body": {
    "position": "sde",
    "company": "google",
    "jobLocation": "Remote",
    "status": "interview",
    "jobType": "full-time"
  },
  "query": {},
  "params": {}
}
[2025-04-11T16:20:08.534Z] [DEBUG] [testing] Request body {
  "url": "/api/jobs",
  "method": "POST",
  "body": {
    "position": "sde",
    "company": "google",
    "jobLocation": "Remote",
    "status": "interview",
    "jobType": "full-time"
  }
}
[2025-04-11T16:20:08.534Z] [DEBUG] Checking authentication headers {
  "url": "/api/jobs",
  "headers": "Authorization header present"
}
[2025-04-11T16:20:08.534Z] [DEBUG] Token extracted from header {
  "url": "/api/jobs"
}
[2025-04-11T16:20:08.535Z] [DEBUG] Token verified successfully {
  "userId": "67f922e34e81393cc5253968"
}
[2025-04-11T16:20:08.580Z] [DEBUG] User attached to request {
  "userId": "67f922e34e81393cc5253968",
  "route": "/api/jobs"
}
[2025-04-11T16:20:08.624Z] [INFO] POST /api/jobs 201 - 91ms {
  "method": "POST",
  "url": "/api/jobs",
  "status": 201,
  "duration": 91,
  "ip": "::1",
  "userAgent": "Mozilla/5.0 (Macintosh; Intel Mac OS X 10_15_7) AppleWebKit/537.36 (KHTML, like Gecko) Chrome/134.0.0.0 Safari/537.36",
  "userId": "67f922e34e81393cc5253968"
}
[2025-04-11T16:20:08.637Z] [DEBUG] [testing] Incoming request: GET /api/jobs {
  "headers": {
    "host": "localhost:3000",
    "connection": "keep-alive",
    "sec-ch-ua-platform": "\"macOS\"",
    "authorization": "Bearer eyJhbGciOiJIUzI1NiIsInR5cCI6IkpXVCJ9.eyJ1c2VySWQiOiI2N2Y5MjJlMzRlODEzOTNjYzUyNTM5NjgiLCJpYXQiOjE3NDQzODU4MTMsImV4cCI6MTc0Njk3NzgxM30.E6aPrFVqt-xt25nquv3juQz0lKaToZyfWgb2zGwQY6o",
    "user-agent": "Mozilla/5.0 (Macintosh; Intel Mac OS X 10_15_7) AppleWebKit/537.36 (KHTML, like Gecko) Chrome/134.0.0.0 Safari/537.36",
    "sec-ch-ua": "\"Chromium\";v=\"134\", \"Not:A-Brand\";v=\"24\", \"Google Chrome\";v=\"134\"",
    "content-type": "application/json",
    "sec-ch-ua-mobile": "?0",
    "accept": "*/*",
    "origin": "http://localhost:5173",
    "sec-fetch-site": "same-site",
    "sec-fetch-mode": "cors",
    "sec-fetch-dest": "empty",
    "referer": "http://localhost:5173/",
    "accept-encoding": "gzip, deflate, br, zstd",
    "accept-language": "en-GB,en-US;q=0.9,en;q=0.8"
  },
  "query": {},
  "params": {}
}
[2025-04-11T16:20:08.638Z] [DEBUG] Checking authentication headers {
  "url": "/api/jobs",
  "headers": "Authorization header present"
}
[2025-04-11T16:20:08.638Z] [DEBUG] Token extracted from header {
  "url": "/api/jobs"
}
[2025-04-11T16:20:08.640Z] [DEBUG] Token verified successfully {
  "userId": "67f922e34e81393cc5253968"
}
[2025-04-11T16:20:08.677Z] [DEBUG] User attached to request {
  "userId": "67f922e34e81393cc5253968",
  "route": "/api/jobs"
}
[2025-04-11T16:20:08.715Z] [INFO] GET /api/jobs 200 - 78ms {
  "method": "GET",
  "url": "/api/jobs",
  "status": 200,
  "duration": 78,
  "ip": "::1",
  "userAgent": "Mozilla/5.0 (Macintosh; Intel Mac OS X 10_15_7) AppleWebKit/537.36 (KHTML, like Gecko) Chrome/134.0.0.0 Safari/537.36",
  "userId": "67f922e34e81393cc5253968"
}
[2025-04-11T16:20:08.716Z] [DEBUG] [testing] Incoming request: GET /api/jobs {
  "headers": {
    "host": "localhost:3000",
    "connection": "keep-alive",
    "sec-ch-ua-platform": "\"macOS\"",
    "authorization": "Bearer eyJhbGciOiJIUzI1NiIsInR5cCI6IkpXVCJ9.eyJ1c2VySWQiOiI2N2Y5MjJlMzRlODEzOTNjYzUyNTM5NjgiLCJpYXQiOjE3NDQzODU4MTMsImV4cCI6MTc0Njk3NzgxM30.E6aPrFVqt-xt25nquv3juQz0lKaToZyfWgb2zGwQY6o",
    "user-agent": "Mozilla/5.0 (Macintosh; Intel Mac OS X 10_15_7) AppleWebKit/537.36 (KHTML, like Gecko) Chrome/134.0.0.0 Safari/537.36",
    "sec-ch-ua": "\"Chromium\";v=\"134\", \"Not:A-Brand\";v=\"24\", \"Google Chrome\";v=\"134\"",
    "content-type": "application/json",
    "sec-ch-ua-mobile": "?0",
    "accept": "*/*",
    "origin": "http://localhost:5173",
    "sec-fetch-site": "same-site",
    "sec-fetch-mode": "cors",
    "sec-fetch-dest": "empty",
    "referer": "http://localhost:5173/",
    "accept-encoding": "gzip, deflate, br, zstd",
    "accept-language": "en-GB,en-US;q=0.9,en;q=0.8",
    "if-none-match": "W/\"336-a+0Nb3KYMIm8XK2o9I0g6hBxA04\""
  },
  "query": {},
  "params": {}
}
[2025-04-11T16:20:08.717Z] [DEBUG] Checking authentication headers {
  "url": "/api/jobs",
  "headers": "Authorization header present"
}
[2025-04-11T16:20:08.717Z] [DEBUG] Token extracted from header {
  "url": "/api/jobs"
}
[2025-04-11T16:20:08.718Z] [DEBUG] Token verified successfully {
  "userId": "67f922e34e81393cc5253968"
}
[2025-04-11T16:20:08.755Z] [DEBUG] User attached to request {
  "userId": "67f922e34e81393cc5253968",
  "route": "/api/jobs"
}
[2025-04-11T16:20:08.794Z] [INFO] GET /api/jobs 304 - 77ms {
  "method": "GET",
  "url": "/api/jobs",
  "status": 304,
  "duration": 77,
  "ip": "::1",
  "userAgent": "Mozilla/5.0 (Macintosh; Intel Mac OS X 10_15_7) AppleWebKit/537.36 (KHTML, like Gecko) Chrome/134.0.0.0 Safari/537.36",
  "userId": "67f922e34e81393cc5253968"
}
[2025-04-11T16:20:20.400Z] [DEBUG] [testing] Incoming request: DELETE /api/jobs/67f93736abeade937b11bb7b {
  "headers": {
    "host": "localhost:3000",
    "connection": "keep-alive",
    "sec-ch-ua-platform": "\"macOS\"",
    "authorization": "Bearer eyJhbGciOiJIUzI1NiIsInR5cCI6IkpXVCJ9.eyJ1c2VySWQiOiI2N2Y5MjJlMzRlODEzOTNjYzUyNTM5NjgiLCJpYXQiOjE3NDQzODU4MTMsImV4cCI6MTc0Njk3NzgxM30.E6aPrFVqt-xt25nquv3juQz0lKaToZyfWgb2zGwQY6o",
    "user-agent": "Mozilla/5.0 (Macintosh; Intel Mac OS X 10_15_7) AppleWebKit/537.36 (KHTML, like Gecko) Chrome/134.0.0.0 Safari/537.36",
    "sec-ch-ua": "\"Chromium\";v=\"134\", \"Not:A-Brand\";v=\"24\", \"Google Chrome\";v=\"134\"",
    "content-type": "application/json",
    "sec-ch-ua-mobile": "?0",
    "accept": "*/*",
    "origin": "http://localhost:5173",
    "sec-fetch-site": "same-site",
    "sec-fetch-mode": "cors",
    "sec-fetch-dest": "empty",
    "referer": "http://localhost:5173/",
    "accept-encoding": "gzip, deflate, br, zstd",
    "accept-language": "en-GB,en-US;q=0.9,en;q=0.8"
  },
  "query": {},
  "params": {}
}
[2025-04-11T16:20:20.403Z] [DEBUG] Token verified successfully {
  "userId": "67f922e34e81393cc5253968"
}
[2025-04-11T16:20:20.400Z] [DEBUG] [testing] Request body {
  "url": "/api/jobs/67f93736abeade937b11bb7b",
  "method": "DELETE"
}
[2025-04-11T16:20:20.400Z] [DEBUG] Token extracted from header {
  "url": "/api/jobs/67f93736abeade937b11bb7b"
}
[2025-04-11T16:20:20.400Z] [DEBUG] Checking authentication headers {
  "url": "/api/jobs/67f93736abeade937b11bb7b",
  "headers": "Authorization header present"
}
[2025-04-11T16:20:20.451Z] [DEBUG] User attached to request {
  "userId": "67f922e34e81393cc5253968",
  "route": "/api/jobs/67f93736abeade937b11bb7b"
}
[2025-04-11T16:20:20.530Z] [INFO] DELETE /api/jobs/67f93736abeade937b11bb7b 200 - 131ms {
  "method": "DELETE",
  "url": "/api/jobs/67f93736abeade937b11bb7b",
  "status": 200,
  "duration": 131,
  "ip": "::1",
  "userAgent": "Mozilla/5.0 (Macintosh; Intel Mac OS X 10_15_7) AppleWebKit/537.36 (KHTML, like Gecko) Chrome/134.0.0.0 Safari/537.36",
  "userId": "67f922e34e81393cc5253968"
}
[2025-04-11T16:20:22.064Z] [DEBUG] [testing] Request body {
  "url": "/api/jobs/67f93b63abeade937b11bba2",
  "method": "DELETE"
}
[2025-04-11T16:20:22.065Z] [DEBUG] Token verified successfully {
  "userId": "67f922e34e81393cc5253968"
}
[2025-04-11T16:20:22.064Z] [DEBUG] Checking authentication headers {
  "url": "/api/jobs/67f93b63abeade937b11bba2",
  "headers": "Authorization header present"
}
[2025-04-11T16:20:22.064Z] [DEBUG] Token extracted from header {
  "url": "/api/jobs/67f93b63abeade937b11bba2"
}
[2025-04-11T16:20:22.063Z] [DEBUG] [testing] Incoming request: DELETE /api/jobs/67f93b63abeade937b11bba2 {
  "headers": {
    "host": "localhost:3000",
    "connection": "keep-alive",
    "sec-ch-ua-platform": "\"macOS\"",
    "authorization": "Bearer eyJhbGciOiJIUzI1NiIsInR5cCI6IkpXVCJ9.eyJ1c2VySWQiOiI2N2Y5MjJlMzRlODEzOTNjYzUyNTM5NjgiLCJpYXQiOjE3NDQzODU4MTMsImV4cCI6MTc0Njk3NzgxM30.E6aPrFVqt-xt25nquv3juQz0lKaToZyfWgb2zGwQY6o",
    "user-agent": "Mozilla/5.0 (Macintosh; Intel Mac OS X 10_15_7) AppleWebKit/537.36 (KHTML, like Gecko) Chrome/134.0.0.0 Safari/537.36",
    "sec-ch-ua": "\"Chromium\";v=\"134\", \"Not:A-Brand\";v=\"24\", \"Google Chrome\";v=\"134\"",
    "content-type": "application/json",
    "sec-ch-ua-mobile": "?0",
    "accept": "*/*",
    "origin": "http://localhost:5173",
    "sec-fetch-site": "same-site",
    "sec-fetch-mode": "cors",
    "sec-fetch-dest": "empty",
    "referer": "http://localhost:5173/",
    "accept-encoding": "gzip, deflate, br, zstd",
    "accept-language": "en-GB,en-US;q=0.9,en;q=0.8"
  },
  "query": {},
  "params": {}
}
[2025-04-11T16:20:22.104Z] [DEBUG] User attached to request {
  "userId": "67f922e34e81393cc5253968",
  "route": "/api/jobs/67f93b63abeade937b11bba2"
}
[2025-04-11T16:20:22.183Z] [INFO] DELETE /api/jobs/67f93b63abeade937b11bba2 200 - 120ms {
  "method": "DELETE",
  "url": "/api/jobs/67f93b63abeade937b11bba2",
  "status": 200,
  "duration": 120,
  "ip": "::1",
  "userAgent": "Mozilla/5.0 (Macintosh; Intel Mac OS X 10_15_7) AppleWebKit/537.36 (KHTML, like Gecko) Chrome/134.0.0.0 Safari/537.36",
  "userId": "67f922e34e81393cc5253968"
}
[2025-04-11T16:20:23.979Z] [DEBUG] [testing] Incoming request: DELETE /api/jobs/67f94138abeade937b11bc35 {
  "headers": {
    "host": "localhost:3000",
    "connection": "keep-alive",
    "sec-ch-ua-platform": "\"macOS\"",
    "authorization": "Bearer eyJhbGciOiJIUzI1NiIsInR5cCI6IkpXVCJ9.eyJ1c2VySWQiOiI2N2Y5MjJlMzRlODEzOTNjYzUyNTM5NjgiLCJpYXQiOjE3NDQzODU4MTMsImV4cCI6MTc0Njk3NzgxM30.E6aPrFVqt-xt25nquv3juQz0lKaToZyfWgb2zGwQY6o",
    "user-agent": "Mozilla/5.0 (Macintosh; Intel Mac OS X 10_15_7) AppleWebKit/537.36 (KHTML, like Gecko) Chrome/134.0.0.0 Safari/537.36",
    "sec-ch-ua": "\"Chromium\";v=\"134\", \"Not:A-Brand\";v=\"24\", \"Google Chrome\";v=\"134\"",
    "content-type": "application/json",
    "sec-ch-ua-mobile": "?0",
    "accept": "*/*",
    "origin": "http://localhost:5173",
    "sec-fetch-site": "same-site",
    "sec-fetch-mode": "cors",
    "sec-fetch-dest": "empty",
    "referer": "http://localhost:5173/",
    "accept-encoding": "gzip, deflate, br, zstd",
    "accept-language": "en-GB,en-US;q=0.9,en;q=0.8"
  },
  "query": {},
  "params": {}
}
[2025-04-11T16:20:23.981Z] [DEBUG] Token verified successfully {
  "userId": "67f922e34e81393cc5253968"
}
[2025-04-11T16:20:23.979Z] [DEBUG] [testing] Request body {
  "url": "/api/jobs/67f94138abeade937b11bc35",
  "method": "DELETE"
}
[2025-04-11T16:20:23.979Z] [DEBUG] Token extracted from header {
  "url": "/api/jobs/67f94138abeade937b11bc35"
}
[2025-04-11T16:20:23.979Z] [DEBUG] Checking authentication headers {
  "url": "/api/jobs/67f94138abeade937b11bc35",
  "headers": "Authorization header present"
}
[2025-04-11T16:20:24.017Z] [DEBUG] User attached to request {
  "userId": "67f922e34e81393cc5253968",
  "route": "/api/jobs/67f94138abeade937b11bc35"
}
[2025-04-11T16:20:24.094Z] [INFO] DELETE /api/jobs/67f94138abeade937b11bc35 200 - 115ms {
  "method": "DELETE",
  "url": "/api/jobs/67f94138abeade937b11bc35",
  "status": 200,
  "duration": 115,
  "ip": "::1",
  "userAgent": "Mozilla/5.0 (Macintosh; Intel Mac OS X 10_15_7) AppleWebKit/537.36 (KHTML, like Gecko) Chrome/134.0.0.0 Safari/537.36",
  "userId": "67f922e34e81393cc5253968"
}
[2025-04-11T16:34:08.193Z] [DEBUG] [testing] Request body {
  "url": "/api/jobs",
  "method": "POST",
  "body": {
    "position": "sde",
    "company": "microsoft",
    "jobLocation": "Remote",
    "status": "interview",
    "jobType": "internship"
  }
}
[2025-04-11T16:34:08.193Z] [DEBUG] Checking authentication headers {
  "url": "/api/jobs",
  "headers": "Authorization header present"
}
[2025-04-11T16:34:08.192Z] [DEBUG] [testing] Incoming request: POST /api/jobs {
  "headers": {
    "host": "localhost:3000",
    "connection": "keep-alive",
    "content-length": "107",
    "sec-ch-ua-platform": "\"macOS\"",
    "authorization": "Bearer eyJhbGciOiJIUzI1NiIsInR5cCI6IkpXVCJ9.eyJ1c2VySWQiOiI2N2Y5MjJlMzRlODEzOTNjYzUyNTM5NjgiLCJpYXQiOjE3NDQzODU4MTMsImV4cCI6MTc0Njk3NzgxM30.E6aPrFVqt-xt25nquv3juQz0lKaToZyfWgb2zGwQY6o",
    "user-agent": "Mozilla/5.0 (Macintosh; Intel Mac OS X 10_15_7) AppleWebKit/537.36 (KHTML, like Gecko) Chrome/134.0.0.0 Safari/537.36",
    "sec-ch-ua": "\"Chromium\";v=\"134\", \"Not:A-Brand\";v=\"24\", \"Google Chrome\";v=\"134\"",
    "content-type": "application/json",
    "sec-ch-ua-mobile": "?0",
    "accept": "*/*",
    "origin": "http://localhost:5173",
    "sec-fetch-site": "same-site",
    "sec-fetch-mode": "cors",
    "sec-fetch-dest": "empty",
    "referer": "http://localhost:5173/",
    "accept-encoding": "gzip, deflate, br, zstd",
    "accept-language": "en-GB,en-US;q=0.9,en;q=0.8"
  },
  "body": {
    "position": "sde",
    "company": "microsoft",
    "jobLocation": "Remote",
    "status": "interview",
    "jobType": "internship"
  },
  "query": {},
  "params": {}
}
[2025-04-11T16:34:08.193Z] [DEBUG] Token extracted from header {
  "url": "/api/jobs"
}
[2025-04-11T16:34:08.202Z] [DEBUG] Token verified successfully {
  "userId": "67f922e34e81393cc5253968"
}
[2025-04-11T16:34:08.247Z] [DEBUG] User attached to request {
  "userId": "67f922e34e81393cc5253968",
  "route": "/api/jobs"
}
[2025-04-11T16:34:08.299Z] [INFO] POST /api/jobs 201 - 109ms {
  "method": "POST",
  "url": "/api/jobs",
  "status": 201,
  "duration": 109,
  "ip": "::1",
  "userAgent": "Mozilla/5.0 (Macintosh; Intel Mac OS X 10_15_7) AppleWebKit/537.36 (KHTML, like Gecko) Chrome/134.0.0.0 Safari/537.36",
  "userId": "67f922e34e81393cc5253968"
}
[2025-04-11T16:34:08.312Z] [DEBUG] [testing] Incoming request: GET /api/jobs {
  "headers": {
    "host": "localhost:3000",
    "connection": "keep-alive",
    "sec-ch-ua-platform": "\"macOS\"",
    "authorization": "Bearer eyJhbGciOiJIUzI1NiIsInR5cCI6IkpXVCJ9.eyJ1c2VySWQiOiI2N2Y5MjJlMzRlODEzOTNjYzUyNTM5NjgiLCJpYXQiOjE3NDQzODU4MTMsImV4cCI6MTc0Njk3NzgxM30.E6aPrFVqt-xt25nquv3juQz0lKaToZyfWgb2zGwQY6o",
    "user-agent": "Mozilla/5.0 (Macintosh; Intel Mac OS X 10_15_7) AppleWebKit/537.36 (KHTML, like Gecko) Chrome/134.0.0.0 Safari/537.36",
    "sec-ch-ua": "\"Chromium\";v=\"134\", \"Not:A-Brand\";v=\"24\", \"Google Chrome\";v=\"134\"",
    "content-type": "application/json",
    "sec-ch-ua-mobile": "?0",
    "accept": "*/*",
    "origin": "http://localhost:5173",
    "sec-fetch-site": "same-site",
    "sec-fetch-mode": "cors",
    "sec-fetch-dest": "empty",
    "referer": "http://localhost:5173/",
    "accept-encoding": "gzip, deflate, br, zstd",
    "accept-language": "en-GB,en-US;q=0.9,en;q=0.8"
  },
  "query": {},
  "params": {}
}
[2025-04-11T16:34:08.312Z] [DEBUG] Checking authentication headers {
  "url": "/api/jobs",
  "headers": "Authorization header present"
}
[2025-04-11T16:34:08.312Z] [DEBUG] Token extracted from header {
  "url": "/api/jobs"
}
[2025-04-11T16:34:08.313Z] [DEBUG] Token verified successfully {
  "userId": "67f922e34e81393cc5253968"
}
[2025-04-11T16:34:08.349Z] [DEBUG] User attached to request {
  "userId": "67f922e34e81393cc5253968",
  "route": "/api/jobs"
}
[2025-04-11T16:34:08.387Z] [INFO] GET /api/jobs 200 - 75ms {
  "method": "GET",
  "url": "/api/jobs",
  "status": 200,
  "duration": 75,
  "ip": "::1",
  "userAgent": "Mozilla/5.0 (Macintosh; Intel Mac OS X 10_15_7) AppleWebKit/537.36 (KHTML, like Gecko) Chrome/134.0.0.0 Safari/537.36",
  "userId": "67f922e34e81393cc5253968"
}
[2025-04-11T16:34:08.389Z] [DEBUG] [testing] Incoming request: GET /api/jobs {
  "headers": {
    "host": "localhost:3000",
    "connection": "keep-alive",
    "sec-ch-ua-platform": "\"macOS\"",
    "authorization": "Bearer eyJhbGciOiJIUzI1NiIsInR5cCI6IkpXVCJ9.eyJ1c2VySWQiOiI2N2Y5MjJlMzRlODEzOTNjYzUyNTM5NjgiLCJpYXQiOjE3NDQzODU4MTMsImV4cCI6MTc0Njk3NzgxM30.E6aPrFVqt-xt25nquv3juQz0lKaToZyfWgb2zGwQY6o",
    "user-agent": "Mozilla/5.0 (Macintosh; Intel Mac OS X 10_15_7) AppleWebKit/537.36 (KHTML, like Gecko) Chrome/134.0.0.0 Safari/537.36",
    "sec-ch-ua": "\"Chromium\";v=\"134\", \"Not:A-Brand\";v=\"24\", \"Google Chrome\";v=\"134\"",
    "content-type": "application/json",
    "sec-ch-ua-mobile": "?0",
    "accept": "*/*",
    "origin": "http://localhost:5173",
    "sec-fetch-site": "same-site",
    "sec-fetch-mode": "cors",
    "sec-fetch-dest": "empty",
    "referer": "http://localhost:5173/",
    "accept-encoding": "gzip, deflate, br, zstd",
    "accept-language": "en-GB,en-US;q=0.9,en;q=0.8",
    "if-none-match": "W/\"10b-KNdR2ZZGJIkX9h1H7OXU2HdQwz8\""
  },
  "query": {},
  "params": {}
}
[2025-04-11T16:34:08.389Z] [DEBUG] Checking authentication headers {
  "url": "/api/jobs",
  "headers": "Authorization header present"
}
[2025-04-11T16:34:08.389Z] [DEBUG] Token extracted from header {
  "url": "/api/jobs"
}
[2025-04-11T16:34:08.391Z] [DEBUG] Token verified successfully {
  "userId": "67f922e34e81393cc5253968"
}
[2025-04-11T16:34:08.427Z] [DEBUG] User attached to request {
  "userId": "67f922e34e81393cc5253968",
  "route": "/api/jobs"
}
[2025-04-11T16:34:08.465Z] [INFO] GET /api/jobs 304 - 77ms {
  "method": "GET",
  "url": "/api/jobs",
  "status": 304,
  "duration": 77,
  "ip": "::1",
  "userAgent": "Mozilla/5.0 (Macintosh; Intel Mac OS X 10_15_7) AppleWebKit/537.36 (KHTML, like Gecko) Chrome/134.0.0.0 Safari/537.36",
  "userId": "67f922e34e81393cc5253968"
}
[2025-04-11T16:34:22.320Z] [DEBUG] [testing] Incoming request: DELETE /api/jobs/67f94480abeade937b11bc45 {
  "headers": {
    "host": "localhost:3000",
    "connection": "keep-alive",
    "sec-ch-ua-platform": "\"macOS\"",
    "authorization": "Bearer eyJhbGciOiJIUzI1NiIsInR5cCI6IkpXVCJ9.eyJ1c2VySWQiOiI2N2Y5MjJlMzRlODEzOTNjYzUyNTM5NjgiLCJpYXQiOjE3NDQzODU4MTMsImV4cCI6MTc0Njk3NzgxM30.E6aPrFVqt-xt25nquv3juQz0lKaToZyfWgb2zGwQY6o",
    "user-agent": "Mozilla/5.0 (Macintosh; Intel Mac OS X 10_15_7) AppleWebKit/537.36 (KHTML, like Gecko) Chrome/134.0.0.0 Safari/537.36",
    "sec-ch-ua": "\"Chromium\";v=\"134\", \"Not:A-Brand\";v=\"24\", \"Google Chrome\";v=\"134\"",
    "content-type": "application/json",
    "sec-ch-ua-mobile": "?0",
    "accept": "*/*",
    "origin": "http://localhost:5173",
    "sec-fetch-site": "same-site",
    "sec-fetch-mode": "cors",
    "sec-fetch-dest": "empty",
    "referer": "http://localhost:5173/",
    "accept-encoding": "gzip, deflate, br, zstd",
    "accept-language": "en-GB,en-US;q=0.9,en;q=0.8"
  },
  "query": {},
  "params": {}
}
[2025-04-11T16:34:22.322Z] [DEBUG] Token verified successfully {
  "userId": "67f922e34e81393cc5253968"
}
[2025-04-11T16:34:22.321Z] [DEBUG] Checking authentication headers {
  "url": "/api/jobs/67f94480abeade937b11bc45",
  "headers": "Authorization header present"
}
[2025-04-11T16:34:22.321Z] [DEBUG] Token extracted from header {
  "url": "/api/jobs/67f94480abeade937b11bc45"
}
[2025-04-11T16:34:22.321Z] [DEBUG] [testing] Request body {
  "url": "/api/jobs/67f94480abeade937b11bc45",
  "method": "DELETE"
}
[2025-04-11T16:34:22.360Z] [DEBUG] User attached to request {
  "userId": "67f922e34e81393cc5253968",
  "route": "/api/jobs/67f94480abeade937b11bc45"
}
[2025-04-11T16:34:22.437Z] [INFO] DELETE /api/jobs/67f94480abeade937b11bc45 200 - 117ms {
  "method": "DELETE",
  "url": "/api/jobs/67f94480abeade937b11bc45",
  "status": 200,
  "duration": 117,
  "ip": "::1",
  "userAgent": "Mozilla/5.0 (Macintosh; Intel Mac OS X 10_15_7) AppleWebKit/537.36 (KHTML, like Gecko) Chrome/134.0.0.0 Safari/537.36",
  "userId": "67f922e34e81393cc5253968"
}
[2025-04-11T16:46:28.154Z] [INFO] Server running on port 3000 {
  "port": "3000",
  "env": "development",
  "mongoUri": "Connected",
  "jwtSecret": "Set"
}
[2025-04-11T16:46:28.852Z] [INFO] MongoDB Connected {
  "uri": "cluster0.prvcdri.mongodb.net/job-tracker?retryWrites=true&w=majority&appName=Cluster0"
}
[2025-04-11T16:47:06.550Z] [DEBUG] [testing] Incoming request: POST /api/auth/login {
  "headers": {
    "host": "localhost:3000",
    "connection": "keep-alive",
    "content-length": "65",
    "sec-ch-ua-platform": "\"macOS\"",
    "user-agent": "Mozilla/5.0 (Macintosh; Intel Mac OS X 10_15_7) AppleWebKit/537.36 (KHTML, like Gecko) Chrome/134.0.0.0 Safari/537.36",
    "sec-ch-ua": "\"Chromium\";v=\"134\", \"Not:A-Brand\";v=\"24\", \"Google Chrome\";v=\"134\"",
    "content-type": "application/json",
    "sec-ch-ua-mobile": "?0",
    "accept": "*/*",
    "origin": "http://localhost:5173",
    "sec-fetch-site": "same-site",
    "sec-fetch-mode": "cors",
    "sec-fetch-dest": "empty",
    "referer": "http://localhost:5173/",
    "accept-encoding": "gzip, deflate, br, zstd",
    "accept-language": "en-US,en;q=0.9,hi;q=0.8"
  },
  "body": {
    "email": "bailwalsiddharth@gmail.com",
    "password": "siddharth1382"
  },
  "query": {},
  "params": {}
}
[2025-04-11T16:47:06.550Z] [DEBUG] [testing] Request body {
  "url": "/api/auth/login",
  "method": "POST",
  "body": {
    "email": "bailwalsiddharth@gmail.com",
    "password": "siddharth1382"
  }
}
[2025-04-11T16:47:06.551Z] [DEBUG] Login request received {
  "body": {
    "email": "bailwalsiddharth@gmail.com",
    "password": "[REDACTED]"
  }
}
[2025-04-11T16:47:06.704Z] [INFO] User logged in successfully {
  "userId": "67f922e34e81393cc5253968"
}
[2025-04-11T16:47:06.705Z] [INFO] POST /api/auth/login 200 - 166ms {
  "method": "POST",
  "url": "/api/auth/login",
  "status": 200,
  "duration": 166,
  "ip": "::1",
  "userAgent": "Mozilla/5.0 (Macintosh; Intel Mac OS X 10_15_7) AppleWebKit/537.36 (KHTML, like Gecko) Chrome/134.0.0.0 Safari/537.36"
}
[2025-04-11T16:47:06.761Z] [DEBUG] [testing] Incoming request: GET /api/jobs {
  "headers": {
    "host": "localhost:3000",
    "connection": "keep-alive",
    "sec-ch-ua-platform": "\"macOS\"",
    "authorization": "Bearer eyJhbGciOiJIUzI1NiIsInR5cCI6IkpXVCJ9.eyJ1c2VySWQiOiI2N2Y5MjJlMzRlODEzOTNjYzUyNTM5NjgiLCJpYXQiOjE3NDQzOTAwMjYsImV4cCI6MTc0Njk4MjAyNn0.y775aXB1sQsbIHpg7mLFSLxjQz2yS2JzQrSb7XUtuI0",
    "user-agent": "Mozilla/5.0 (Macintosh; Intel Mac OS X 10_15_7) AppleWebKit/537.36 (KHTML, like Gecko) Chrome/134.0.0.0 Safari/537.36",
    "sec-ch-ua": "\"Chromium\";v=\"134\", \"Not:A-Brand\";v=\"24\", \"Google Chrome\";v=\"134\"",
    "content-type": "application/json",
    "sec-ch-ua-mobile": "?0",
    "accept": "*/*",
    "origin": "http://localhost:5173",
    "sec-fetch-site": "same-site",
    "sec-fetch-mode": "cors",
    "sec-fetch-dest": "empty",
    "referer": "http://localhost:5173/",
    "accept-encoding": "gzip, deflate, br, zstd",
    "accept-language": "en-US,en;q=0.9,hi;q=0.8"
  },
  "query": {},
  "params": {}
}
[2025-04-11T16:47:06.762Z] [DEBUG] Checking authentication headers {
  "url": "/api/jobs",
  "headers": "Authorization header present"
}
[2025-04-11T16:47:06.763Z] [DEBUG] Token extracted from header {
  "url": "/api/jobs"
}
[2025-04-11T16:47:06.769Z] [DEBUG] Token verified successfully {
  "userId": "67f922e34e81393cc5253968"
}
[2025-04-11T16:47:06.815Z] [DEBUG] User attached to request {
  "userId": "67f922e34e81393cc5253968",
  "route": "/api/jobs"
}
[2025-04-11T16:47:06.856Z] [INFO] GET /api/jobs 200 - 95ms {
  "method": "GET",
  "url": "/api/jobs",
  "status": 200,
  "duration": 95,
  "ip": "::1",
  "userAgent": "Mozilla/5.0 (Macintosh; Intel Mac OS X 10_15_7) AppleWebKit/537.36 (KHTML, like Gecko) Chrome/134.0.0.0 Safari/537.36",
  "userId": "67f922e34e81393cc5253968"
}
[2025-04-11T16:47:06.858Z] [DEBUG] Checking authentication headers {
  "url": "/api/jobs",
  "headers": "Authorization header present"
}
[2025-04-11T16:47:06.858Z] [DEBUG] Token extracted from header {
  "url": "/api/jobs"
}
[2025-04-11T16:47:06.858Z] [DEBUG] [testing] Incoming request: GET /api/jobs {
  "headers": {
    "host": "localhost:3000",
    "connection": "keep-alive",
    "sec-ch-ua-platform": "\"macOS\"",
    "authorization": "Bearer eyJhbGciOiJIUzI1NiIsInR5cCI6IkpXVCJ9.eyJ1c2VySWQiOiI2N2Y5MjJlMzRlODEzOTNjYzUyNTM5NjgiLCJpYXQiOjE3NDQzOTAwMjYsImV4cCI6MTc0Njk4MjAyNn0.y775aXB1sQsbIHpg7mLFSLxjQz2yS2JzQrSb7XUtuI0",
    "user-agent": "Mozilla/5.0 (Macintosh; Intel Mac OS X 10_15_7) AppleWebKit/537.36 (KHTML, like Gecko) Chrome/134.0.0.0 Safari/537.36",
    "sec-ch-ua": "\"Chromium\";v=\"134\", \"Not:A-Brand\";v=\"24\", \"Google Chrome\";v=\"134\"",
    "content-type": "application/json",
    "sec-ch-ua-mobile": "?0",
    "accept": "*/*",
    "origin": "http://localhost:5173",
    "sec-fetch-site": "same-site",
    "sec-fetch-mode": "cors",
    "sec-fetch-dest": "empty",
    "referer": "http://localhost:5173/",
    "accept-encoding": "gzip, deflate, br, zstd",
    "accept-language": "en-US,en;q=0.9,hi;q=0.8",
    "if-none-match": "W/\"2-l9Fw4VUO7kr8CvBlt4zaMCqXZ0w\""
  },
  "query": {},
  "params": {}
}
[2025-04-11T16:47:06.859Z] [DEBUG] Token verified successfully {
  "userId": "67f922e34e81393cc5253968"
}
[2025-04-11T16:47:06.900Z] [DEBUG] User attached to request {
  "userId": "67f922e34e81393cc5253968",
  "route": "/api/jobs"
}
[2025-04-11T16:47:06.942Z] [INFO] GET /api/jobs 304 - 85ms {
  "method": "GET",
  "url": "/api/jobs",
  "status": 304,
  "duration": 85,
  "ip": "::1",
  "userAgent": "Mozilla/5.0 (Macintosh; Intel Mac OS X 10_15_7) AppleWebKit/537.36 (KHTML, like Gecko) Chrome/134.0.0.0 Safari/537.36",
  "userId": "67f922e34e81393cc5253968"
}
[2025-04-11T16:47:09.708Z] [DEBUG] [testing] Incoming request: GET /api/jobs {
  "headers": {
    "host": "localhost:3000",
    "connection": "keep-alive",
    "sec-ch-ua-platform": "\"macOS\"",
    "authorization": "Bearer eyJhbGciOiJIUzI1NiIsInR5cCI6IkpXVCJ9.eyJ1c2VySWQiOiI2N2Y5MjJlMzRlODEzOTNjYzUyNTM5NjgiLCJpYXQiOjE3NDQzOTAwMjYsImV4cCI6MTc0Njk4MjAyNn0.y775aXB1sQsbIHpg7mLFSLxjQz2yS2JzQrSb7XUtuI0",
    "user-agent": "Mozilla/5.0 (Macintosh; Intel Mac OS X 10_15_7) AppleWebKit/537.36 (KHTML, like Gecko) Chrome/134.0.0.0 Safari/537.36",
    "sec-ch-ua": "\"Chromium\";v=\"134\", \"Not:A-Brand\";v=\"24\", \"Google Chrome\";v=\"134\"",
    "content-type": "application/json",
    "sec-ch-ua-mobile": "?0",
    "accept": "*/*",
    "origin": "http://localhost:5173",
    "sec-fetch-site": "same-site",
    "sec-fetch-mode": "cors",
    "sec-fetch-dest": "empty",
    "referer": "http://localhost:5173/",
    "accept-encoding": "gzip, deflate, br, zstd",
    "accept-language": "en-US,en;q=0.9,hi;q=0.8",
    "if-none-match": "W/\"2-l9Fw4VUO7kr8CvBlt4zaMCqXZ0w\""
  },
  "query": {},
  "params": {}
}
[2025-04-11T16:47:09.708Z] [DEBUG] Checking authentication headers {
  "url": "/api/jobs",
  "headers": "Authorization header present"
}
[2025-04-11T16:47:09.708Z] [DEBUG] Token extracted from header {
  "url": "/api/jobs"
}
[2025-04-11T16:47:09.710Z] [DEBUG] Token verified successfully {
  "userId": "67f922e34e81393cc5253968"
}
[2025-04-11T16:47:09.759Z] [DEBUG] User attached to request {
  "userId": "67f922e34e81393cc5253968",
  "route": "/api/jobs"
}
[2025-04-11T16:47:09.803Z] [INFO] GET /api/jobs 304 - 94ms {
  "method": "GET",
  "url": "/api/jobs",
  "status": 304,
  "duration": 94,
  "ip": "::1",
  "userAgent": "Mozilla/5.0 (Macintosh; Intel Mac OS X 10_15_7) AppleWebKit/537.36 (KHTML, like Gecko) Chrome/134.0.0.0 Safari/537.36",
  "userId": "67f922e34e81393cc5253968"
}
[2025-04-11T16:47:09.805Z] [DEBUG] Token verified successfully {
  "userId": "67f922e34e81393cc5253968"
}
[2025-04-11T16:47:09.804Z] [DEBUG] Checking authentication headers {
  "url": "/api/jobs",
  "headers": "Authorization header present"
}
[2025-04-11T16:47:09.804Z] [DEBUG] Token extracted from header {
  "url": "/api/jobs"
}
[2025-04-11T16:47:09.804Z] [DEBUG] [testing] Incoming request: GET /api/jobs {
  "headers": {
    "host": "localhost:3000",
    "connection": "keep-alive",
    "sec-ch-ua-platform": "\"macOS\"",
    "authorization": "Bearer eyJhbGciOiJIUzI1NiIsInR5cCI6IkpXVCJ9.eyJ1c2VySWQiOiI2N2Y5MjJlMzRlODEzOTNjYzUyNTM5NjgiLCJpYXQiOjE3NDQzOTAwMjYsImV4cCI6MTc0Njk4MjAyNn0.y775aXB1sQsbIHpg7mLFSLxjQz2yS2JzQrSb7XUtuI0",
    "user-agent": "Mozilla/5.0 (Macintosh; Intel Mac OS X 10_15_7) AppleWebKit/537.36 (KHTML, like Gecko) Chrome/134.0.0.0 Safari/537.36",
    "sec-ch-ua": "\"Chromium\";v=\"134\", \"Not:A-Brand\";v=\"24\", \"Google Chrome\";v=\"134\"",
    "content-type": "application/json",
    "sec-ch-ua-mobile": "?0",
    "accept": "*/*",
    "origin": "http://localhost:5173",
    "sec-fetch-site": "same-site",
    "sec-fetch-mode": "cors",
    "sec-fetch-dest": "empty",
    "referer": "http://localhost:5173/",
    "accept-encoding": "gzip, deflate, br, zstd",
    "accept-language": "en-US,en;q=0.9,hi;q=0.8",
    "if-none-match": "W/\"2-l9Fw4VUO7kr8CvBlt4zaMCqXZ0w\""
  },
  "query": {},
  "params": {}
}
[2025-04-11T16:47:09.849Z] [DEBUG] User attached to request {
  "userId": "67f922e34e81393cc5253968",
  "route": "/api/jobs"
}
[2025-04-11T16:47:09.894Z] [INFO] GET /api/jobs 304 - 90ms {
  "method": "GET",
  "url": "/api/jobs",
  "status": 304,
  "duration": 90,
  "ip": "::1",
  "userAgent": "Mozilla/5.0 (Macintosh; Intel Mac OS X 10_15_7) AppleWebKit/537.36 (KHTML, like Gecko) Chrome/134.0.0.0 Safari/537.36",
  "userId": "67f922e34e81393cc5253968"
}
[2025-04-11T16:47:26.056Z] [DEBUG] [testing] Incoming request: POST /api/jobs {
  "headers": {
    "host": "localhost:3000",
    "connection": "keep-alive",
    "content-length": "106",
    "sec-ch-ua-platform": "\"macOS\"",
    "authorization": "Bearer eyJhbGciOiJIUzI1NiIsInR5cCI6IkpXVCJ9.eyJ1c2VySWQiOiI2N2Y5MjJlMzRlODEzOTNjYzUyNTM5NjgiLCJpYXQiOjE3NDQzOTAwMjYsImV4cCI6MTc0Njk4MjAyNn0.y775aXB1sQsbIHpg7mLFSLxjQz2yS2JzQrSb7XUtuI0",
    "user-agent": "Mozilla/5.0 (Macintosh; Intel Mac OS X 10_15_7) AppleWebKit/537.36 (KHTML, like Gecko) Chrome/134.0.0.0 Safari/537.36",
    "sec-ch-ua": "\"Chromium\";v=\"134\", \"Not:A-Brand\";v=\"24\", \"Google Chrome\";v=\"134\"",
    "content-type": "application/json",
    "sec-ch-ua-mobile": "?0",
    "accept": "*/*",
    "origin": "http://localhost:5173",
    "sec-fetch-site": "same-site",
    "sec-fetch-mode": "cors",
    "sec-fetch-dest": "empty",
    "referer": "http://localhost:5173/",
    "accept-encoding": "gzip, deflate, br, zstd",
    "accept-language": "en-US,en;q=0.9,hi;q=0.8"
  },
  "body": {
    "position": "SDE",
    "company": "amazon",
    "jobLocation": "hyderabad",
    "status": "interview",
    "jobType": "full-time"
  },
  "query": {},
  "params": {}
}
[2025-04-11T16:47:26.057Z] [DEBUG] [testing] Request body {
  "url": "/api/jobs",
  "method": "POST",
  "body": {
    "position": "SDE",
    "company": "amazon",
    "jobLocation": "hyderabad",
    "status": "interview",
    "jobType": "full-time"
  }
}
[2025-04-11T16:47:26.057Z] [DEBUG] Checking authentication headers {
  "url": "/api/jobs",
  "headers": "Authorization header present"
}
[2025-04-11T16:47:26.057Z] [DEBUG] Token extracted from header {
  "url": "/api/jobs"
}
[2025-04-11T16:47:26.059Z] [DEBUG] Token verified successfully {
  "userId": "67f922e34e81393cc5253968"
}
[2025-04-11T16:47:26.110Z] [DEBUG] User attached to request {
  "userId": "67f922e34e81393cc5253968",
  "route": "/api/jobs"
}
[2025-04-11T16:47:26.164Z] [INFO] POST /api/jobs 201 - 109ms {
  "method": "POST",
  "url": "/api/jobs",
  "status": 201,
  "duration": 109,
  "ip": "::1",
  "userAgent": "Mozilla/5.0 (Macintosh; Intel Mac OS X 10_15_7) AppleWebKit/537.36 (KHTML, like Gecko) Chrome/134.0.0.0 Safari/537.36",
  "userId": "67f922e34e81393cc5253968"
}
[2025-04-11T16:47:26.183Z] [DEBUG] [testing] Incoming request: GET /api/jobs {
  "headers": {
    "host": "localhost:3000",
    "connection": "keep-alive",
    "sec-ch-ua-platform": "\"macOS\"",
    "authorization": "Bearer eyJhbGciOiJIUzI1NiIsInR5cCI6IkpXVCJ9.eyJ1c2VySWQiOiI2N2Y5MjJlMzRlODEzOTNjYzUyNTM5NjgiLCJpYXQiOjE3NDQzOTAwMjYsImV4cCI6MTc0Njk4MjAyNn0.y775aXB1sQsbIHpg7mLFSLxjQz2yS2JzQrSb7XUtuI0",
    "user-agent": "Mozilla/5.0 (Macintosh; Intel Mac OS X 10_15_7) AppleWebKit/537.36 (KHTML, like Gecko) Chrome/134.0.0.0 Safari/537.36",
    "sec-ch-ua": "\"Chromium\";v=\"134\", \"Not:A-Brand\";v=\"24\", \"Google Chrome\";v=\"134\"",
    "content-type": "application/json",
    "sec-ch-ua-mobile": "?0",
    "accept": "*/*",
    "origin": "http://localhost:5173",
    "sec-fetch-site": "same-site",
    "sec-fetch-mode": "cors",
    "sec-fetch-dest": "empty",
    "referer": "http://localhost:5173/",
    "accept-encoding": "gzip, deflate, br, zstd",
    "accept-language": "en-US,en;q=0.9,hi;q=0.8"
  },
  "query": {},
  "params": {}
}
[2025-04-11T16:47:26.183Z] [DEBUG] Checking authentication headers {
  "url": "/api/jobs",
  "headers": "Authorization header present"
}
[2025-04-11T16:47:26.184Z] [DEBUG] Token extracted from header {
  "url": "/api/jobs"
}
[2025-04-11T16:47:26.185Z] [DEBUG] Token verified successfully {
  "userId": "67f922e34e81393cc5253968"
}
[2025-04-11T16:47:26.229Z] [DEBUG] User attached to request {
  "userId": "67f922e34e81393cc5253968",
  "route": "/api/jobs"
}
[2025-04-11T16:47:26.273Z] [INFO] GET /api/jobs 200 - 91ms {
  "method": "GET",
  "url": "/api/jobs",
  "status": 200,
  "duration": 91,
  "ip": "::1",
  "userAgent": "Mozilla/5.0 (Macintosh; Intel Mac OS X 10_15_7) AppleWebKit/537.36 (KHTML, like Gecko) Chrome/134.0.0.0 Safari/537.36",
  "userId": "67f922e34e81393cc5253968"
}
[2025-04-11T16:47:26.275Z] [DEBUG] [testing] Incoming request: GET /api/jobs {
  "headers": {
    "host": "localhost:3000",
    "connection": "keep-alive",
    "sec-ch-ua-platform": "\"macOS\"",
    "authorization": "Bearer eyJhbGciOiJIUzI1NiIsInR5cCI6IkpXVCJ9.eyJ1c2VySWQiOiI2N2Y5MjJlMzRlODEzOTNjYzUyNTM5NjgiLCJpYXQiOjE3NDQzOTAwMjYsImV4cCI6MTc0Njk4MjAyNn0.y775aXB1sQsbIHpg7mLFSLxjQz2yS2JzQrSb7XUtuI0",
    "user-agent": "Mozilla/5.0 (Macintosh; Intel Mac OS X 10_15_7) AppleWebKit/537.36 (KHTML, like Gecko) Chrome/134.0.0.0 Safari/537.36",
    "sec-ch-ua": "\"Chromium\";v=\"134\", \"Not:A-Brand\";v=\"24\", \"Google Chrome\";v=\"134\"",
    "content-type": "application/json",
    "sec-ch-ua-mobile": "?0",
    "accept": "*/*",
    "origin": "http://localhost:5173",
    "sec-fetch-site": "same-site",
    "sec-fetch-mode": "cors",
    "sec-fetch-dest": "empty",
    "referer": "http://localhost:5173/",
    "accept-encoding": "gzip, deflate, br, zstd",
    "accept-language": "en-US,en;q=0.9,hi;q=0.8",
    "if-none-match": "W/\"10a-XM14C2059kPjBZBBRu3NyF2vbg8\""
  },
  "query": {},
  "params": {}
}
[2025-04-11T16:47:26.276Z] [DEBUG] Token verified successfully {
  "userId": "67f922e34e81393cc5253968"
}
[2025-04-11T16:47:26.275Z] [DEBUG] Token extracted from header {
  "url": "/api/jobs"
}
[2025-04-11T16:47:26.275Z] [DEBUG] Checking authentication headers {
  "url": "/api/jobs",
  "headers": "Authorization header present"
}
[2025-04-11T16:47:26.317Z] [DEBUG] User attached to request {
  "userId": "67f922e34e81393cc5253968",
  "route": "/api/jobs"
}
[2025-04-11T16:47:26.363Z] [INFO] GET /api/jobs 304 - 89ms {
  "method": "GET",
  "url": "/api/jobs",
  "status": 304,
  "duration": 89,
  "ip": "::1",
  "userAgent": "Mozilla/5.0 (Macintosh; Intel Mac OS X 10_15_7) AppleWebKit/537.36 (KHTML, like Gecko) Chrome/134.0.0.0 Safari/537.36",
  "userId": "67f922e34e81393cc5253968"
}
[2025-04-11T17:20:06.151Z] [INFO] Server running on port 3000 {
  "port": "3000",
  "env": "development",
  "mongoUri": "Connected",
  "jwtSecret": "Set"
}
[2025-04-11T17:20:06.985Z] [INFO] MongoDB Connected {
  "uri": "cluster0.prvcdri.mongodb.net/job-tracker?retryWrites=true&w=majority&appName=Cluster0"
}
[2025-04-11T17:20:19.148Z] [INFO] Server running on port 3000 {
  "port": "3000",
  "env": "development",
  "mongoUri": "Connected",
  "jwtSecret": "Set"
}
[2025-04-11T17:20:19.616Z] [INFO] MongoDB Connected {
  "uri": "cluster0.prvcdri.mongodb.net/job-tracker?retryWrites=true&w=majority&appName=Cluster0"
}
[2025-04-11T17:48:55.003Z] [DEBUG] [testing] Request body {
  "url": "/api/auth/login",
  "method": "POST",
  "body": {
    "email": "bailwalsiddharth@gmail.com",
    "password": "siddharth1382"
  }
}
[2025-04-11T17:48:55.003Z] [DEBUG] [testing] Incoming request: POST /api/auth/login {
  "headers": {
    "host": "localhost:3000",
    "connection": "keep-alive",
    "content-length": "65",
    "sec-ch-ua-platform": "\"macOS\"",
    "user-agent": "Mozilla/5.0 (Macintosh; Intel Mac OS X 10_15_7) AppleWebKit/537.36 (KHTML, like Gecko) Chrome/134.0.0.0 Safari/537.36",
    "sec-ch-ua": "\"Chromium\";v=\"134\", \"Not:A-Brand\";v=\"24\", \"Google Chrome\";v=\"134\"",
    "content-type": "application/json",
    "sec-ch-ua-mobile": "?0",
    "accept": "*/*",
    "origin": "http://localhost:5173",
    "sec-fetch-site": "same-site",
    "sec-fetch-mode": "cors",
    "sec-fetch-dest": "empty",
    "referer": "http://localhost:5173/",
    "accept-encoding": "gzip, deflate, br, zstd",
    "accept-language": "en-GB,en-US;q=0.9,en;q=0.8"
  },
  "body": {
    "email": "bailwalsiddharth@gmail.com",
    "password": "siddharth1382"
  },
  "query": {},
  "params": {}
}
[2025-04-11T17:48:55.004Z] [DEBUG] Login request received {
  "body": {
    "email": "bailwalsiddharth@gmail.com",
    "password": "[REDACTED]"
  }
}
[2025-04-11T17:48:55.493Z] [INFO] User logged in successfully {
  "userId": "67f922e34e81393cc5253968"
}
[2025-04-11T17:48:55.494Z] [INFO] POST /api/auth/login 200 - 505ms {
  "method": "POST",
  "url": "/api/auth/login",
  "status": 200,
  "duration": 505,
  "ip": "::1",
  "userAgent": "Mozilla/5.0 (Macintosh; Intel Mac OS X 10_15_7) AppleWebKit/537.36 (KHTML, like Gecko) Chrome/134.0.0.0 Safari/537.36"
}
[2025-04-11T17:48:55.520Z] [DEBUG] [testing] Incoming request: GET /api/jobs {
  "headers": {
    "host": "localhost:3000",
    "connection": "keep-alive",
    "sec-ch-ua-platform": "\"macOS\"",
    "authorization": "Bearer eyJhbGciOiJIUzI1NiIsInR5cCI6IkpXVCJ9.eyJ1c2VySWQiOiI2N2Y5MjJlMzRlODEzOTNjYzUyNTM5NjgiLCJpYXQiOjE3NDQzOTM3MzUsImV4cCI6MTc0Njk4NTczNX0.db-uxCDrqc2Wbn9bzbH1ijCV3n1fCai0zks3AEG-NBA",
    "user-agent": "Mozilla/5.0 (Macintosh; Intel Mac OS X 10_15_7) AppleWebKit/537.36 (KHTML, like Gecko) Chrome/134.0.0.0 Safari/537.36",
    "sec-ch-ua": "\"Chromium\";v=\"134\", \"Not:A-Brand\";v=\"24\", \"Google Chrome\";v=\"134\"",
    "content-type": "application/json",
    "sec-ch-ua-mobile": "?0",
    "accept": "*/*",
    "origin": "http://localhost:5173",
    "sec-fetch-site": "same-site",
    "sec-fetch-mode": "cors",
    "sec-fetch-dest": "empty",
    "referer": "http://localhost:5173/",
    "accept-encoding": "gzip, deflate, br, zstd",
    "accept-language": "en-GB,en-US;q=0.9,en;q=0.8",
    "if-none-match": "W/\"10b-KNdR2ZZGJIkX9h1H7OXU2HdQwz8\""
  },
  "query": {},
  "params": {}
}
[2025-04-11T17:48:55.521Z] [DEBUG] Token extracted from header {
  "url": "/api/jobs"
}
[2025-04-11T17:48:55.522Z] [DEBUG] Token verified successfully {
  "userId": "67f922e34e81393cc5253968"
}
[2025-04-11T17:48:55.521Z] [DEBUG] Checking authentication headers {
  "url": "/api/jobs",
  "headers": "Authorization header present"
}
[2025-04-11T17:48:55.567Z] [DEBUG] User attached to request {
  "userId": "67f922e34e81393cc5253968",
  "route": "/api/jobs"
}
[2025-04-11T17:48:55.613Z] [INFO] GET /api/jobs 200 - 93ms {
  "method": "GET",
  "url": "/api/jobs",
  "status": 200,
  "duration": 93,
  "ip": "::1",
  "userAgent": "Mozilla/5.0 (Macintosh; Intel Mac OS X 10_15_7) AppleWebKit/537.36 (KHTML, like Gecko) Chrome/134.0.0.0 Safari/537.36",
  "userId": "67f922e34e81393cc5253968"
}
[2025-04-11T17:48:55.616Z] [DEBUG] [testing] Incoming request: GET /api/jobs {
  "headers": {
    "host": "localhost:3000",
    "connection": "keep-alive",
    "sec-ch-ua-platform": "\"macOS\"",
    "authorization": "Bearer eyJhbGciOiJIUzI1NiIsInR5cCI6IkpXVCJ9.eyJ1c2VySWQiOiI2N2Y5MjJlMzRlODEzOTNjYzUyNTM5NjgiLCJpYXQiOjE3NDQzOTM3MzUsImV4cCI6MTc0Njk4NTczNX0.db-uxCDrqc2Wbn9bzbH1ijCV3n1fCai0zks3AEG-NBA",
    "user-agent": "Mozilla/5.0 (Macintosh; Intel Mac OS X 10_15_7) AppleWebKit/537.36 (KHTML, like Gecko) Chrome/134.0.0.0 Safari/537.36",
    "sec-ch-ua": "\"Chromium\";v=\"134\", \"Not:A-Brand\";v=\"24\", \"Google Chrome\";v=\"134\"",
    "content-type": "application/json",
    "sec-ch-ua-mobile": "?0",
    "accept": "*/*",
    "origin": "http://localhost:5173",
    "sec-fetch-site": "same-site",
    "sec-fetch-mode": "cors",
    "sec-fetch-dest": "empty",
    "referer": "http://localhost:5173/",
    "accept-encoding": "gzip, deflate, br, zstd",
    "accept-language": "en-GB,en-US;q=0.9,en;q=0.8",
    "if-none-match": "W/\"10a-XM14C2059kPjBZBBRu3NyF2vbg8\""
  },
  "query": {},
  "params": {}
}
[2025-04-11T17:48:55.616Z] [DEBUG] Checking authentication headers {
  "url": "/api/jobs",
  "headers": "Authorization header present"
}
[2025-04-11T17:48:55.617Z] [DEBUG] Token verified successfully {
  "userId": "67f922e34e81393cc5253968"
}
[2025-04-11T17:48:55.616Z] [DEBUG] Token extracted from header {
  "url": "/api/jobs"
}
[2025-04-11T17:48:55.659Z] [DEBUG] User attached to request {
  "userId": "67f922e34e81393cc5253968",
  "route": "/api/jobs"
}
[2025-04-11T17:48:55.703Z] [INFO] GET /api/jobs 304 - 87ms {
  "method": "GET",
  "url": "/api/jobs",
  "status": 304,
  "duration": 87,
  "ip": "::1",
  "userAgent": "Mozilla/5.0 (Macintosh; Intel Mac OS X 10_15_7) AppleWebKit/537.36 (KHTML, like Gecko) Chrome/134.0.0.0 Safari/537.36",
  "userId": "67f922e34e81393cc5253968"
}
[2025-04-11T17:49:02.764Z] [DEBUG] [testing] Incoming request: GET /api/jobs {
  "headers": {
    "host": "localhost:3000",
    "connection": "keep-alive",
    "sec-ch-ua-platform": "\"macOS\"",
    "authorization": "Bearer eyJhbGciOiJIUzI1NiIsInR5cCI6IkpXVCJ9.eyJ1c2VySWQiOiI2N2Y5MjJlMzRlODEzOTNjYzUyNTM5NjgiLCJpYXQiOjE3NDQzOTM3MzUsImV4cCI6MTc0Njk4NTczNX0.db-uxCDrqc2Wbn9bzbH1ijCV3n1fCai0zks3AEG-NBA",
    "user-agent": "Mozilla/5.0 (Macintosh; Intel Mac OS X 10_15_7) AppleWebKit/537.36 (KHTML, like Gecko) Chrome/134.0.0.0 Safari/537.36",
    "sec-ch-ua": "\"Chromium\";v=\"134\", \"Not:A-Brand\";v=\"24\", \"Google Chrome\";v=\"134\"",
    "content-type": "application/json",
    "sec-ch-ua-mobile": "?0",
    "accept": "*/*",
    "origin": "http://localhost:5173",
    "sec-fetch-site": "same-site",
    "sec-fetch-mode": "cors",
    "sec-fetch-dest": "empty",
    "referer": "http://localhost:5173/",
    "accept-encoding": "gzip, deflate, br, zstd",
    "accept-language": "en-GB,en-US;q=0.9,en;q=0.8",
    "if-none-match": "W/\"10a-XM14C2059kPjBZBBRu3NyF2vbg8\""
  },
  "query": {},
  "params": {}
}
[2025-04-11T17:49:02.765Z] [DEBUG] Checking authentication headers {
  "url": "/api/jobs",
  "headers": "Authorization header present"
}
[2025-04-11T17:49:02.765Z] [DEBUG] Token extracted from header {
  "url": "/api/jobs"
}
[2025-04-11T17:49:02.766Z] [DEBUG] Token verified successfully {
  "userId": "67f922e34e81393cc5253968"
}
[2025-04-11T17:49:02.820Z] [DEBUG] User attached to request {
  "userId": "67f922e34e81393cc5253968",
  "route": "/api/jobs"
}
[2025-04-11T17:49:02.867Z] [INFO] GET /api/jobs 304 - 102ms {
  "method": "GET",
  "url": "/api/jobs",
  "status": 304,
  "duration": 102,
  "ip": "::1",
  "userAgent": "Mozilla/5.0 (Macintosh; Intel Mac OS X 10_15_7) AppleWebKit/537.36 (KHTML, like Gecko) Chrome/134.0.0.0 Safari/537.36",
  "userId": "67f922e34e81393cc5253968"
}
[2025-04-11T17:49:02.870Z] [DEBUG] [testing] Incoming request: GET /api/jobs {
  "headers": {
    "host": "localhost:3000",
    "connection": "keep-alive",
    "sec-ch-ua-platform": "\"macOS\"",
    "authorization": "Bearer eyJhbGciOiJIUzI1NiIsInR5cCI6IkpXVCJ9.eyJ1c2VySWQiOiI2N2Y5MjJlMzRlODEzOTNjYzUyNTM5NjgiLCJpYXQiOjE3NDQzOTM3MzUsImV4cCI6MTc0Njk4NTczNX0.db-uxCDrqc2Wbn9bzbH1ijCV3n1fCai0zks3AEG-NBA",
    "user-agent": "Mozilla/5.0 (Macintosh; Intel Mac OS X 10_15_7) AppleWebKit/537.36 (KHTML, like Gecko) Chrome/134.0.0.0 Safari/537.36",
    "sec-ch-ua": "\"Chromium\";v=\"134\", \"Not:A-Brand\";v=\"24\", \"Google Chrome\";v=\"134\"",
    "content-type": "application/json",
    "sec-ch-ua-mobile": "?0",
    "accept": "*/*",
    "origin": "http://localhost:5173",
    "sec-fetch-site": "same-site",
    "sec-fetch-mode": "cors",
    "sec-fetch-dest": "empty",
    "referer": "http://localhost:5173/",
    "accept-encoding": "gzip, deflate, br, zstd",
    "accept-language": "en-GB,en-US;q=0.9,en;q=0.8",
    "if-none-match": "W/\"10a-XM14C2059kPjBZBBRu3NyF2vbg8\""
  },
  "query": {},
  "params": {}
}
[2025-04-11T17:49:02.870Z] [DEBUG] Checking authentication headers {
  "url": "/api/jobs",
  "headers": "Authorization header present"
}
[2025-04-11T17:49:02.870Z] [DEBUG] Token extracted from header {
  "url": "/api/jobs"
}
[2025-04-11T17:49:02.872Z] [DEBUG] Token verified successfully {
  "userId": "67f922e34e81393cc5253968"
}
[2025-04-11T17:49:02.916Z] [DEBUG] User attached to request {
  "userId": "67f922e34e81393cc5253968",
  "route": "/api/jobs"
}
[2025-04-11T17:49:02.961Z] [INFO] GET /api/jobs 304 - 91ms {
  "method": "GET",
  "url": "/api/jobs",
  "status": 304,
  "duration": 91,
  "ip": "::1",
  "userAgent": "Mozilla/5.0 (Macintosh; Intel Mac OS X 10_15_7) AppleWebKit/537.36 (KHTML, like Gecko) Chrome/134.0.0.0 Safari/537.36",
  "userId": "67f922e34e81393cc5253968"
}
[2025-04-11T17:49:05.210Z] [DEBUG] [testing] Incoming request: DELETE /api/jobs/67f9479ec79e3acd83e4b54a {
  "headers": {
    "host": "localhost:3000",
    "connection": "keep-alive",
    "sec-ch-ua-platform": "\"macOS\"",
    "authorization": "Bearer eyJhbGciOiJIUzI1NiIsInR5cCI6IkpXVCJ9.eyJ1c2VySWQiOiI2N2Y5MjJlMzRlODEzOTNjYzUyNTM5NjgiLCJpYXQiOjE3NDQzOTM3MzUsImV4cCI6MTc0Njk4NTczNX0.db-uxCDrqc2Wbn9bzbH1ijCV3n1fCai0zks3AEG-NBA",
    "user-agent": "Mozilla/5.0 (Macintosh; Intel Mac OS X 10_15_7) AppleWebKit/537.36 (KHTML, like Gecko) Chrome/134.0.0.0 Safari/537.36",
    "sec-ch-ua": "\"Chromium\";v=\"134\", \"Not:A-Brand\";v=\"24\", \"Google Chrome\";v=\"134\"",
    "content-type": "application/json",
    "sec-ch-ua-mobile": "?0",
    "accept": "*/*",
    "origin": "http://localhost:5173",
    "sec-fetch-site": "same-site",
    "sec-fetch-mode": "cors",
    "sec-fetch-dest": "empty",
    "referer": "http://localhost:5173/",
    "accept-encoding": "gzip, deflate, br, zstd",
    "accept-language": "en-GB,en-US;q=0.9,en;q=0.8"
  },
  "query": {},
  "params": {}
}
[2025-04-11T17:49:05.213Z] [DEBUG] Token verified successfully {
  "userId": "67f922e34e81393cc5253968"
}
[2025-04-11T17:49:05.210Z] [DEBUG] [testing] Request body {
  "url": "/api/jobs/67f9479ec79e3acd83e4b54a",
  "method": "DELETE"
}
[2025-04-11T17:49:05.211Z] [DEBUG] Checking authentication headers {
  "url": "/api/jobs/67f9479ec79e3acd83e4b54a",
  "headers": "Authorization header present"
}
[2025-04-11T17:49:05.211Z] [DEBUG] Token extracted from header {
  "url": "/api/jobs/67f9479ec79e3acd83e4b54a"
}
[2025-04-11T17:49:05.263Z] [DEBUG] User attached to request {
  "userId": "67f922e34e81393cc5253968",
  "route": "/api/jobs/67f9479ec79e3acd83e4b54a"
}
[2025-04-11T17:49:05.367Z] [INFO] DELETE /api/jobs/67f9479ec79e3acd83e4b54a 200 - 156ms {
  "method": "DELETE",
  "url": "/api/jobs/67f9479ec79e3acd83e4b54a",
  "status": 200,
  "duration": 156,
  "ip": "::1",
  "userAgent": "Mozilla/5.0 (Macintosh; Intel Mac OS X 10_15_7) AppleWebKit/537.36 (KHTML, like Gecko) Chrome/134.0.0.0 Safari/537.36",
  "userId": "67f922e34e81393cc5253968"
}
[2025-04-11T17:49:42.615Z] [DEBUG] [testing] Incoming request: POST /api/jobs {
  "headers": {
    "host": "localhost:3000",
    "connection": "keep-alive",
    "content-length": "351",
    "sec-ch-ua-platform": "\"macOS\"",
    "authorization": "Bearer eyJhbGciOiJIUzI1NiIsInR5cCI6IkpXVCJ9.eyJ1c2VySWQiOiI2N2Y5MjJlMzRlODEzOTNjYzUyNTM5NjgiLCJpYXQiOjE3NDQzOTM3MzUsImV4cCI6MTc0Njk4NTczNX0.db-uxCDrqc2Wbn9bzbH1ijCV3n1fCai0zks3AEG-NBA",
    "user-agent": "Mozilla/5.0 (Macintosh; Intel Mac OS X 10_15_7) AppleWebKit/537.36 (KHTML, like Gecko) Chrome/134.0.0.0 Safari/537.36",
    "sec-ch-ua": "\"Chromium\";v=\"134\", \"Not:A-Brand\";v=\"24\", \"Google Chrome\";v=\"134\"",
    "content-type": "application/json",
    "sec-ch-ua-mobile": "?0",
    "accept": "*/*",
    "origin": "http://localhost:5173",
    "sec-fetch-site": "same-site",
    "sec-fetch-mode": "cors",
    "sec-fetch-dest": "empty",
    "referer": "http://localhost:5173/",
    "accept-encoding": "gzip, deflate, br, zstd",
    "accept-language": "en-GB,en-US;q=0.9,en;q=0.8"
  },
  "body": {
    "position": "SDE",
    "company": "microsoft",
    "jobLocation": "Remote",
    "status": "pending",
    "jobType": "internship",
    "dateOfApplication": "2025-06-13",
    "link": "https://ride.swiggy.com/?utm_source=Google-Sok&utm_medium=cpc&utm_campaign=de-brand-dehradun&gad_source=1&gclid=CjwKCAjw--K_BhB5EiwAuwYoysCNl17QgrE5-viehnVJOqYM5t5sqG0_MDkfcyQYIGBQvTX-MQZcLRoClegQAvD_BwE"
  },
  "query": {},
  "params": {}
}
[2025-04-11T17:49:42.618Z] [DEBUG] Token verified successfully {
  "userId": "67f922e34e81393cc5253968"
}
[2025-04-11T17:49:42.616Z] [DEBUG] Checking authentication headers {
  "url": "/api/jobs",
  "headers": "Authorization header present"
}
[2025-04-11T17:49:42.616Z] [DEBUG] Token extracted from header {
  "url": "/api/jobs"
}
[2025-04-11T17:49:42.616Z] [DEBUG] [testing] Request body {
  "url": "/api/jobs",
  "method": "POST",
  "body": {
    "position": "SDE",
    "company": "microsoft",
    "jobLocation": "Remote",
    "status": "pending",
    "jobType": "internship",
    "dateOfApplication": "2025-06-13",
    "link": "https://ride.swiggy.com/?utm_source=Google-Sok&utm_medium=cpc&utm_campaign=de-brand-dehradun&gad_source=1&gclid=CjwKCAjw--K_BhB5EiwAuwYoysCNl17QgrE5-viehnVJOqYM5t5sqG0_MDkfcyQYIGBQvTX-MQZcLRoClegQAvD_BwE"
  }
}
[2025-04-11T17:49:42.676Z] [DEBUG] User attached to request {
  "userId": "67f922e34e81393cc5253968",
  "route": "/api/jobs"
}
[2025-04-11T17:49:42.737Z] [INFO] POST /api/jobs 201 - 123ms {
  "method": "POST",
  "url": "/api/jobs",
  "status": 201,
  "duration": 123,
  "ip": "::1",
  "userAgent": "Mozilla/5.0 (Macintosh; Intel Mac OS X 10_15_7) AppleWebKit/537.36 (KHTML, like Gecko) Chrome/134.0.0.0 Safari/537.36",
  "userId": "67f922e34e81393cc5253968"
}
[2025-04-11T17:49:42.760Z] [DEBUG] [testing] Incoming request: GET /api/jobs {
  "headers": {
    "host": "localhost:3000",
    "connection": "keep-alive",
    "sec-ch-ua-platform": "\"macOS\"",
    "authorization": "Bearer eyJhbGciOiJIUzI1NiIsInR5cCI6IkpXVCJ9.eyJ1c2VySWQiOiI2N2Y5MjJlMzRlODEzOTNjYzUyNTM5NjgiLCJpYXQiOjE3NDQzOTM3MzUsImV4cCI6MTc0Njk4NTczNX0.db-uxCDrqc2Wbn9bzbH1ijCV3n1fCai0zks3AEG-NBA",
    "user-agent": "Mozilla/5.0 (Macintosh; Intel Mac OS X 10_15_7) AppleWebKit/537.36 (KHTML, like Gecko) Chrome/134.0.0.0 Safari/537.36",
    "sec-ch-ua": "\"Chromium\";v=\"134\", \"Not:A-Brand\";v=\"24\", \"Google Chrome\";v=\"134\"",
    "content-type": "application/json",
    "sec-ch-ua-mobile": "?0",
    "accept": "*/*",
    "origin": "http://localhost:5173",
    "sec-fetch-site": "same-site",
    "sec-fetch-mode": "cors",
    "sec-fetch-dest": "empty",
    "referer": "http://localhost:5173/",
    "accept-encoding": "gzip, deflate, br, zstd",
    "accept-language": "en-GB,en-US;q=0.9,en;q=0.8"
  },
  "query": {},
  "params": {}
}
[2025-04-11T17:49:42.760Z] [DEBUG] Checking authentication headers {
  "url": "/api/jobs",
  "headers": "Authorization header present"
}
[2025-04-11T17:49:42.760Z] [DEBUG] Token extracted from header {
  "url": "/api/jobs"
}
[2025-04-11T17:49:42.761Z] [DEBUG] Token verified successfully {
  "userId": "67f922e34e81393cc5253968"
}
[2025-04-11T17:49:42.804Z] [DEBUG] User attached to request {
  "userId": "67f922e34e81393cc5253968",
  "route": "/api/jobs"
}
[2025-04-11T17:49:42.848Z] [INFO] GET /api/jobs 200 - 89ms {
  "method": "GET",
  "url": "/api/jobs",
  "status": 200,
  "duration": 89,
  "ip": "::1",
  "userAgent": "Mozilla/5.0 (Macintosh; Intel Mac OS X 10_15_7) AppleWebKit/537.36 (KHTML, like Gecko) Chrome/134.0.0.0 Safari/537.36",
  "userId": "67f922e34e81393cc5253968"
}
[2025-04-11T17:49:42.849Z] [DEBUG] [testing] Incoming request: GET /api/jobs {
  "headers": {
    "host": "localhost:3000",
    "connection": "keep-alive",
    "sec-ch-ua-platform": "\"macOS\"",
    "authorization": "Bearer eyJhbGciOiJIUzI1NiIsInR5cCI6IkpXVCJ9.eyJ1c2VySWQiOiI2N2Y5MjJlMzRlODEzOTNjYzUyNTM5NjgiLCJpYXQiOjE3NDQzOTM3MzUsImV4cCI6MTc0Njk4NTczNX0.db-uxCDrqc2Wbn9bzbH1ijCV3n1fCai0zks3AEG-NBA",
    "user-agent": "Mozilla/5.0 (Macintosh; Intel Mac OS X 10_15_7) AppleWebKit/537.36 (KHTML, like Gecko) Chrome/134.0.0.0 Safari/537.36",
    "sec-ch-ua": "\"Chromium\";v=\"134\", \"Not:A-Brand\";v=\"24\", \"Google Chrome\";v=\"134\"",
    "content-type": "application/json",
    "sec-ch-ua-mobile": "?0",
    "accept": "*/*",
    "origin": "http://localhost:5173",
    "sec-fetch-site": "same-site",
    "sec-fetch-mode": "cors",
    "sec-fetch-dest": "empty",
    "referer": "http://localhost:5173/",
    "accept-encoding": "gzip, deflate, br, zstd",
    "accept-language": "en-GB,en-US;q=0.9,en;q=0.8",
    "if-none-match": "W/\"20d-CJkTMrBo0FjXMWZqToJqFNJMPXc\""
  },
  "query": {},
  "params": {}
}
[2025-04-11T17:49:42.850Z] [DEBUG] Checking authentication headers {
  "url": "/api/jobs",
  "headers": "Authorization header present"
}
[2025-04-11T17:49:42.850Z] [DEBUG] Token extracted from header {
  "url": "/api/jobs"
}
[2025-04-11T17:49:42.851Z] [DEBUG] Token verified successfully {
  "userId": "67f922e34e81393cc5253968"
}
[2025-04-11T17:49:42.897Z] [DEBUG] User attached to request {
  "userId": "67f922e34e81393cc5253968",
  "route": "/api/jobs"
}
[2025-04-11T17:49:42.947Z] [INFO] GET /api/jobs 304 - 98ms {
  "method": "GET",
  "url": "/api/jobs",
  "status": 304,
  "duration": 98,
  "ip": "::1",
  "userAgent": "Mozilla/5.0 (Macintosh; Intel Mac OS X 10_15_7) AppleWebKit/537.36 (KHTML, like Gecko) Chrome/134.0.0.0 Safari/537.36",
  "userId": "67f922e34e81393cc5253968"
}
[2025-04-11T17:57:50.708Z] [DEBUG] Token extracted from header {
  "url": "/api/jobs"
}
[2025-04-11T17:57:50.707Z] [DEBUG] [testing] Incoming request: GET /api/jobs {
  "headers": {
    "host": "localhost:3000",
    "connection": "keep-alive",
    "sec-ch-ua-platform": "\"macOS\"",
    "authorization": "Bearer eyJhbGciOiJIUzI1NiIsInR5cCI6IkpXVCJ9.eyJ1c2VySWQiOiI2N2Y5MjJlMzRlODEzOTNjYzUyNTM5NjgiLCJpYXQiOjE3NDQzOTM3MzUsImV4cCI6MTc0Njk4NTczNX0.db-uxCDrqc2Wbn9bzbH1ijCV3n1fCai0zks3AEG-NBA",
    "user-agent": "Mozilla/5.0 (Macintosh; Intel Mac OS X 10_15_7) AppleWebKit/537.36 (KHTML, like Gecko) Chrome/134.0.0.0 Safari/537.36",
    "sec-ch-ua": "\"Chromium\";v=\"134\", \"Not:A-Brand\";v=\"24\", \"Google Chrome\";v=\"134\"",
    "content-type": "application/json",
    "sec-ch-ua-mobile": "?0",
    "accept": "*/*",
    "origin": "http://localhost:5173",
    "sec-fetch-site": "same-site",
    "sec-fetch-mode": "cors",
    "sec-fetch-dest": "empty",
    "referer": "http://localhost:5173/",
    "accept-encoding": "gzip, deflate, br, zstd",
    "accept-language": "en-GB,en-US;q=0.9,en;q=0.8",
    "if-none-match": "W/\"20d-CJkTMrBo0FjXMWZqToJqFNJMPXc\""
  },
  "query": {},
  "params": {}
}
[2025-04-11T17:57:50.708Z] [DEBUG] Checking authentication headers {
  "url": "/api/jobs",
  "headers": "Authorization header present"
}
[2025-04-11T17:57:50.716Z] [DEBUG] Token verified successfully {
  "userId": "67f922e34e81393cc5253968"
}
[2025-04-11T17:57:50.805Z] [DEBUG] User attached to request {
  "userId": "67f922e34e81393cc5253968",
  "route": "/api/jobs"
}
[2025-04-11T17:57:50.943Z] [INFO] GET /api/jobs 304 - 236ms {
  "method": "GET",
  "url": "/api/jobs",
  "status": 304,
  "duration": 236,
  "ip": "::1",
  "userAgent": "Mozilla/5.0 (Macintosh; Intel Mac OS X 10_15_7) AppleWebKit/537.36 (KHTML, like Gecko) Chrome/134.0.0.0 Safari/537.36",
  "userId": "67f922e34e81393cc5253968"
}
[2025-04-11T17:57:50.945Z] [DEBUG] Token verified successfully {
  "userId": "67f922e34e81393cc5253968"
}
[2025-04-11T17:57:50.943Z] [DEBUG] Checking authentication headers {
  "url": "/api/jobs",
  "headers": "Authorization header present"
}
[2025-04-11T17:57:50.943Z] [DEBUG] Token extracted from header {
  "url": "/api/jobs"
}
[2025-04-11T17:57:50.943Z] [DEBUG] [testing] Incoming request: GET /api/jobs {
  "headers": {
    "host": "localhost:3000",
    "connection": "keep-alive",
    "sec-ch-ua-platform": "\"macOS\"",
    "authorization": "Bearer eyJhbGciOiJIUzI1NiIsInR5cCI6IkpXVCJ9.eyJ1c2VySWQiOiI2N2Y5MjJlMzRlODEzOTNjYzUyNTM5NjgiLCJpYXQiOjE3NDQzOTM3MzUsImV4cCI6MTc0Njk4NTczNX0.db-uxCDrqc2Wbn9bzbH1ijCV3n1fCai0zks3AEG-NBA",
    "user-agent": "Mozilla/5.0 (Macintosh; Intel Mac OS X 10_15_7) AppleWebKit/537.36 (KHTML, like Gecko) Chrome/134.0.0.0 Safari/537.36",
    "sec-ch-ua": "\"Chromium\";v=\"134\", \"Not:A-Brand\";v=\"24\", \"Google Chrome\";v=\"134\"",
    "content-type": "application/json",
    "sec-ch-ua-mobile": "?0",
    "accept": "*/*",
    "origin": "http://localhost:5173",
    "sec-fetch-site": "same-site",
    "sec-fetch-mode": "cors",
    "sec-fetch-dest": "empty",
    "referer": "http://localhost:5173/",
    "accept-encoding": "gzip, deflate, br, zstd",
    "accept-language": "en-GB,en-US;q=0.9,en;q=0.8",
    "if-none-match": "W/\"20d-CJkTMrBo0FjXMWZqToJqFNJMPXc\""
  },
  "query": {},
  "params": {}
}
[2025-04-11T17:57:51.052Z] [DEBUG] User attached to request {
  "userId": "67f922e34e81393cc5253968",
  "route": "/api/jobs"
}
[2025-04-11T17:57:51.230Z] [INFO] GET /api/jobs 304 - 287ms {
  "method": "GET",
  "url": "/api/jobs",
  "status": 304,
  "duration": 287,
  "ip": "::1",
  "userAgent": "Mozilla/5.0 (Macintosh; Intel Mac OS X 10_15_7) AppleWebKit/537.36 (KHTML, like Gecko) Chrome/134.0.0.0 Safari/537.36",
  "userId": "67f922e34e81393cc5253968"
}
[2025-04-11T18:07:19.528Z] [DEBUG] [testing] Incoming request: PUT /api/jobs/67f9563675e0453dec95ef3b {
  "headers": {
    "host": "localhost:3000",
    "connection": "keep-alive",
    "content-length": "22",
    "sec-ch-ua-platform": "\"macOS\"",
    "authorization": "Bearer eyJhbGciOiJIUzI1NiIsInR5cCI6IkpXVCJ9.eyJ1c2VySWQiOiI2N2Y5MjJlMzRlODEzOTNjYzUyNTM5NjgiLCJpYXQiOjE3NDQzOTM3MzUsImV4cCI6MTc0Njk4NTczNX0.db-uxCDrqc2Wbn9bzbH1ijCV3n1fCai0zks3AEG-NBA",
    "user-agent": "Mozilla/5.0 (Macintosh; Intel Mac OS X 10_15_7) AppleWebKit/537.36 (KHTML, like Gecko) Chrome/134.0.0.0 Safari/537.36",
    "sec-ch-ua": "\"Chromium\";v=\"134\", \"Not:A-Brand\";v=\"24\", \"Google Chrome\";v=\"134\"",
    "content-type": "application/json",
    "sec-ch-ua-mobile": "?0",
    "accept": "*/*",
    "origin": "http://localhost:5173",
    "sec-fetch-site": "same-site",
    "sec-fetch-mode": "cors",
    "sec-fetch-dest": "empty",
    "referer": "http://localhost:5173/",
    "accept-encoding": "gzip, deflate, br, zstd",
    "accept-language": "en-GB,en-US;q=0.9,en;q=0.8"
  },
  "body": {
    "status": "interview"
  },
  "query": {},
  "params": {}
}
[2025-04-11T18:07:19.543Z] [DEBUG] Token verified successfully {
  "userId": "67f922e34e81393cc5253968"
}
[2025-04-11T18:07:19.529Z] [DEBUG] [testing] Request body {
  "url": "/api/jobs/67f9563675e0453dec95ef3b",
  "method": "PUT",
  "body": {
    "status": "interview"
  }
}
[2025-04-11T18:07:19.533Z] [DEBUG] Token extracted from header {
  "url": "/api/jobs/67f9563675e0453dec95ef3b"
}
[2025-04-11T18:07:19.533Z] [DEBUG] Checking authentication headers {
  "url": "/api/jobs/67f9563675e0453dec95ef3b",
  "headers": "Authorization header present"
}
[2025-04-11T18:07:19.591Z] [DEBUG] User attached to request {
  "userId": "67f922e34e81393cc5253968",
  "route": "/api/jobs/67f9563675e0453dec95ef3b"
}
[2025-04-11T18:07:19.697Z] [INFO] PUT /api/jobs/67f9563675e0453dec95ef3b 200 - 172ms {
  "method": "PUT",
  "url": "/api/jobs/67f9563675e0453dec95ef3b",
  "status": 200,
  "duration": 172,
  "ip": "::1",
  "userAgent": "Mozilla/5.0 (Macintosh; Intel Mac OS X 10_15_7) AppleWebKit/537.36 (KHTML, like Gecko) Chrome/134.0.0.0 Safari/537.36",
  "userId": "67f922e34e81393cc5253968"
}
[2025-04-11T18:07:20.943Z] [DEBUG] [testing] Incoming request: PUT /api/jobs/67f9563675e0453dec95ef3b {
  "headers": {
    "host": "localhost:3000",
    "connection": "keep-alive",
    "content-length": "21",
    "sec-ch-ua-platform": "\"macOS\"",
    "authorization": "Bearer eyJhbGciOiJIUzI1NiIsInR5cCI6IkpXVCJ9.eyJ1c2VySWQiOiI2N2Y5MjJlMzRlODEzOTNjYzUyNTM5NjgiLCJpYXQiOjE3NDQzOTM3MzUsImV4cCI6MTc0Njk4NTczNX0.db-uxCDrqc2Wbn9bzbH1ijCV3n1fCai0zks3AEG-NBA",
    "user-agent": "Mozilla/5.0 (Macintosh; Intel Mac OS X 10_15_7) AppleWebKit/537.36 (KHTML, like Gecko) Chrome/134.0.0.0 Safari/537.36",
    "sec-ch-ua": "\"Chromium\";v=\"134\", \"Not:A-Brand\";v=\"24\", \"Google Chrome\";v=\"134\"",
    "content-type": "application/json",
    "sec-ch-ua-mobile": "?0",
    "accept": "*/*",
    "origin": "http://localhost:5173",
    "sec-fetch-site": "same-site",
    "sec-fetch-mode": "cors",
    "sec-fetch-dest": "empty",
    "referer": "http://localhost:5173/",
    "accept-encoding": "gzip, deflate, br, zstd",
    "accept-language": "en-GB,en-US;q=0.9,en;q=0.8"
  },
  "body": {
    "status": "declined"
  },
  "query": {},
  "params": {}
}
[2025-04-11T18:07:20.949Z] [DEBUG] Token verified successfully {
  "userId": "67f922e34e81393cc5253968"
}
[2025-04-11T18:07:20.943Z] [DEBUG] [testing] Request body {
  "url": "/api/jobs/67f9563675e0453dec95ef3b",
  "method": "PUT",
  "body": {
    "status": "declined"
  }
}
[2025-04-11T18:07:20.944Z] [DEBUG] Checking authentication headers {
  "url": "/api/jobs/67f9563675e0453dec95ef3b",
  "headers": "Authorization header present"
}
[2025-04-11T18:07:20.944Z] [DEBUG] Token extracted from header {
  "url": "/api/jobs/67f9563675e0453dec95ef3b"
}
[2025-04-11T18:07:21.003Z] [DEBUG] User attached to request {
  "userId": "67f922e34e81393cc5253968",
  "route": "/api/jobs/67f9563675e0453dec95ef3b"
}
[2025-04-11T18:07:21.095Z] [INFO] PUT /api/jobs/67f9563675e0453dec95ef3b 200 - 153ms {
  "method": "PUT",
  "url": "/api/jobs/67f9563675e0453dec95ef3b",
  "status": 200,
  "duration": 153,
  "ip": "::1",
  "userAgent": "Mozilla/5.0 (Macintosh; Intel Mac OS X 10_15_7) AppleWebKit/537.36 (KHTML, like Gecko) Chrome/134.0.0.0 Safari/537.36",
  "userId": "67f922e34e81393cc5253968"
}
[2025-04-11T18:07:22.947Z] [DEBUG] [testing] Incoming request: PUT /api/jobs/67f9563675e0453dec95ef3b {
  "headers": {
    "host": "localhost:3000",
    "connection": "keep-alive",
    "content-length": "20",
    "sec-ch-ua-platform": "\"macOS\"",
    "authorization": "Bearer eyJhbGciOiJIUzI1NiIsInR5cCI6IkpXVCJ9.eyJ1c2VySWQiOiI2N2Y5MjJlMzRlODEzOTNjYzUyNTM5NjgiLCJpYXQiOjE3NDQzOTM3MzUsImV4cCI6MTc0Njk4NTczNX0.db-uxCDrqc2Wbn9bzbH1ijCV3n1fCai0zks3AEG-NBA",
    "user-agent": "Mozilla/5.0 (Macintosh; Intel Mac OS X 10_15_7) AppleWebKit/537.36 (KHTML, like Gecko) Chrome/134.0.0.0 Safari/537.36",
    "sec-ch-ua": "\"Chromium\";v=\"134\", \"Not:A-Brand\";v=\"24\", \"Google Chrome\";v=\"134\"",
    "content-type": "application/json",
    "sec-ch-ua-mobile": "?0",
    "accept": "*/*",
    "origin": "http://localhost:5173",
    "sec-fetch-site": "same-site",
    "sec-fetch-mode": "cors",
    "sec-fetch-dest": "empty",
    "referer": "http://localhost:5173/",
    "accept-encoding": "gzip, deflate, br, zstd",
    "accept-language": "en-GB,en-US;q=0.9,en;q=0.8"
  },
  "body": {
    "status": "pending"
  },
  "query": {},
  "params": {}
}
[2025-04-11T18:07:22.947Z] [DEBUG] [testing] Request body {
  "url": "/api/jobs/67f9563675e0453dec95ef3b",
  "method": "PUT",
  "body": {
    "status": "pending"
  }
}
[2025-04-11T18:07:22.951Z] [DEBUG] Token verified successfully {
  "userId": "67f922e34e81393cc5253968"
}
[2025-04-11T18:07:22.948Z] [DEBUG] Token extracted from header {
  "url": "/api/jobs/67f9563675e0453dec95ef3b"
}
[2025-04-11T18:07:22.948Z] [DEBUG] Checking authentication headers {
  "url": "/api/jobs/67f9563675e0453dec95ef3b",
  "headers": "Authorization header present"
}
[2025-04-11T18:07:23.003Z] [DEBUG] User attached to request {
  "userId": "67f922e34e81393cc5253968",
  "route": "/api/jobs/67f9563675e0453dec95ef3b"
}
[2025-04-11T18:07:23.094Z] [INFO] PUT /api/jobs/67f9563675e0453dec95ef3b 200 - 148ms {
  "method": "PUT",
  "url": "/api/jobs/67f9563675e0453dec95ef3b",
  "status": 200,
  "duration": 148,
  "ip": "::1",
  "userAgent": "Mozilla/5.0 (Macintosh; Intel Mac OS X 10_15_7) AppleWebKit/537.36 (KHTML, like Gecko) Chrome/134.0.0.0 Safari/537.36",
  "userId": "67f922e34e81393cc5253968"
}
[2025-04-11T18:11:13.855Z] [DEBUG] [testing] Incoming request: GET /api/jobs {
  "headers": {
    "host": "localhost:3000",
    "connection": "keep-alive",
    "sec-ch-ua-platform": "\"macOS\"",
    "authorization": "Bearer eyJhbGciOiJIUzI1NiIsInR5cCI6IkpXVCJ9.eyJ1c2VySWQiOiI2N2Y5MjJlMzRlODEzOTNjYzUyNTM5NjgiLCJpYXQiOjE3NDQzOTM3MzUsImV4cCI6MTc0Njk4NTczNX0.db-uxCDrqc2Wbn9bzbH1ijCV3n1fCai0zks3AEG-NBA",
    "user-agent": "Mozilla/5.0 (Macintosh; Intel Mac OS X 10_15_7) AppleWebKit/537.36 (KHTML, like Gecko) Chrome/134.0.0.0 Safari/537.36",
    "sec-ch-ua": "\"Chromium\";v=\"134\", \"Not:A-Brand\";v=\"24\", \"Google Chrome\";v=\"134\"",
    "content-type": "application/json",
    "sec-ch-ua-mobile": "?0",
    "accept": "*/*",
    "origin": "http://localhost:5173",
    "sec-fetch-site": "same-site",
    "sec-fetch-mode": "cors",
    "sec-fetch-dest": "empty",
    "referer": "http://localhost:5173/",
    "accept-encoding": "gzip, deflate, br, zstd",
    "accept-language": "en-GB,en-US;q=0.9,en;q=0.8",
    "if-none-match": "W/\"20d-CJkTMrBo0FjXMWZqToJqFNJMPXc\""
  },
  "query": {},
  "params": {}
}
[2025-04-11T18:11:13.855Z] [DEBUG] Checking authentication headers {
  "url": "/api/jobs",
  "headers": "Authorization header present"
}
[2025-04-11T18:11:13.855Z] [DEBUG] Token extracted from header {
  "url": "/api/jobs"
}
[2025-04-11T18:11:13.858Z] [DEBUG] Token verified successfully {
  "userId": "67f922e34e81393cc5253968"
}
[2025-04-11T18:11:13.912Z] [DEBUG] User attached to request {
  "userId": "67f922e34e81393cc5253968",
  "route": "/api/jobs"
}
[2025-04-11T18:11:13.956Z] [INFO] GET /api/jobs 200 - 102ms {
  "method": "GET",
  "url": "/api/jobs",
  "status": 200,
  "duration": 102,
  "ip": "::1",
  "userAgent": "Mozilla/5.0 (Macintosh; Intel Mac OS X 10_15_7) AppleWebKit/537.36 (KHTML, like Gecko) Chrome/134.0.0.0 Safari/537.36",
  "userId": "67f922e34e81393cc5253968"
}
[2025-04-11T18:11:13.957Z] [DEBUG] [testing] Incoming request: GET /api/jobs {
  "headers": {
    "host": "localhost:3000",
    "connection": "keep-alive",
    "sec-ch-ua-platform": "\"macOS\"",
    "authorization": "Bearer eyJhbGciOiJIUzI1NiIsInR5cCI6IkpXVCJ9.eyJ1c2VySWQiOiI2N2Y5MjJlMzRlODEzOTNjYzUyNTM5NjgiLCJpYXQiOjE3NDQzOTM3MzUsImV4cCI6MTc0Njk4NTczNX0.db-uxCDrqc2Wbn9bzbH1ijCV3n1fCai0zks3AEG-NBA",
    "user-agent": "Mozilla/5.0 (Macintosh; Intel Mac OS X 10_15_7) AppleWebKit/537.36 (KHTML, like Gecko) Chrome/134.0.0.0 Safari/537.36",
    "sec-ch-ua": "\"Chromium\";v=\"134\", \"Not:A-Brand\";v=\"24\", \"Google Chrome\";v=\"134\"",
    "content-type": "application/json",
    "sec-ch-ua-mobile": "?0",
    "accept": "*/*",
    "origin": "http://localhost:5173",
    "sec-fetch-site": "same-site",
    "sec-fetch-mode": "cors",
    "sec-fetch-dest": "empty",
    "referer": "http://localhost:5173/",
    "accept-encoding": "gzip, deflate, br, zstd",
    "accept-language": "en-GB,en-US;q=0.9,en;q=0.8",
    "if-none-match": "W/\"20d-xQLibVGmfBEfSeO6hF0T/QxbKdY\""
  },
  "query": {},
  "params": {}
}
[2025-04-11T18:11:13.957Z] [DEBUG] Checking authentication headers {
  "url": "/api/jobs",
  "headers": "Authorization header present"
}
[2025-04-11T18:11:13.957Z] [DEBUG] Token extracted from header {
  "url": "/api/jobs"
}
[2025-04-11T18:11:13.958Z] [DEBUG] Token verified successfully {
  "userId": "67f922e34e81393cc5253968"
}
[2025-04-11T18:11:14.000Z] [DEBUG] User attached to request {
  "userId": "67f922e34e81393cc5253968",
  "route": "/api/jobs"
}
[2025-04-11T18:11:14.044Z] [INFO] GET /api/jobs 304 - 87ms {
  "method": "GET",
  "url": "/api/jobs",
  "status": 304,
  "duration": 87,
  "ip": "::1",
  "userAgent": "Mozilla/5.0 (Macintosh; Intel Mac OS X 10_15_7) AppleWebKit/537.36 (KHTML, like Gecko) Chrome/134.0.0.0 Safari/537.36",
  "userId": "67f922e34e81393cc5253968"
}
[2025-04-11T18:11:18.162Z] [DEBUG] [testing] Incoming request: DELETE /api/jobs/67f9563675e0453dec95ef3b {
  "headers": {
    "host": "localhost:3000",
    "connection": "keep-alive",
    "sec-ch-ua-platform": "\"macOS\"",
    "authorization": "Bearer eyJhbGciOiJIUzI1NiIsInR5cCI6IkpXVCJ9.eyJ1c2VySWQiOiI2N2Y5MjJlMzRlODEzOTNjYzUyNTM5NjgiLCJpYXQiOjE3NDQzOTM3MzUsImV4cCI6MTc0Njk4NTczNX0.db-uxCDrqc2Wbn9bzbH1ijCV3n1fCai0zks3AEG-NBA",
    "user-agent": "Mozilla/5.0 (Macintosh; Intel Mac OS X 10_15_7) AppleWebKit/537.36 (KHTML, like Gecko) Chrome/134.0.0.0 Safari/537.36",
    "sec-ch-ua": "\"Chromium\";v=\"134\", \"Not:A-Brand\";v=\"24\", \"Google Chrome\";v=\"134\"",
    "content-type": "application/json",
    "sec-ch-ua-mobile": "?0",
    "accept": "*/*",
    "origin": "http://localhost:5173",
    "sec-fetch-site": "same-site",
    "sec-fetch-mode": "cors",
    "sec-fetch-dest": "empty",
    "referer": "http://localhost:5173/",
    "accept-encoding": "gzip, deflate, br, zstd",
    "accept-language": "en-GB,en-US;q=0.9,en;q=0.8"
  },
  "query": {},
  "params": {}
}
[2025-04-11T18:11:18.164Z] [DEBUG] Token verified successfully {
  "userId": "67f922e34e81393cc5253968"
}
[2025-04-11T18:11:18.162Z] [DEBUG] Checking authentication headers {
  "url": "/api/jobs/67f9563675e0453dec95ef3b",
  "headers": "Authorization header present"
}
[2025-04-11T18:11:18.162Z] [DEBUG] Token extracted from header {
  "url": "/api/jobs/67f9563675e0453dec95ef3b"
}
[2025-04-11T18:11:18.162Z] [DEBUG] [testing] Request body {
  "url": "/api/jobs/67f9563675e0453dec95ef3b",
  "method": "DELETE"
}
[2025-04-11T18:11:18.217Z] [DEBUG] User attached to request {
  "userId": "67f922e34e81393cc5253968",
  "route": "/api/jobs/67f9563675e0453dec95ef3b"
}
[2025-04-11T18:11:18.313Z] [INFO] DELETE /api/jobs/67f9563675e0453dec95ef3b 200 - 151ms {
  "method": "DELETE",
  "url": "/api/jobs/67f9563675e0453dec95ef3b",
  "status": 200,
  "duration": 151,
  "ip": "::1",
  "userAgent": "Mozilla/5.0 (Macintosh; Intel Mac OS X 10_15_7) AppleWebKit/537.36 (KHTML, like Gecko) Chrome/134.0.0.0 Safari/537.36",
  "userId": "67f922e34e81393cc5253968"
}
[2025-04-11T18:11:50.578Z] [DEBUG] [testing] Incoming request: POST /api/jobs {
  "headers": {
    "host": "localhost:3000",
    "connection": "keep-alive",
    "content-length": "364",
    "sec-ch-ua-platform": "\"macOS\"",
    "authorization": "Bearer eyJhbGciOiJIUzI1NiIsInR5cCI6IkpXVCJ9.eyJ1c2VySWQiOiI2N2Y5MjJlMzRlODEzOTNjYzUyNTM5NjgiLCJpYXQiOjE3NDQzOTM3MzUsImV4cCI6MTc0Njk4NTczNX0.db-uxCDrqc2Wbn9bzbH1ijCV3n1fCai0zks3AEG-NBA",
    "user-agent": "Mozilla/5.0 (Macintosh; Intel Mac OS X 10_15_7) AppleWebKit/537.36 (KHTML, like Gecko) Chrome/134.0.0.0 Safari/537.36",
    "sec-ch-ua": "\"Chromium\";v=\"134\", \"Not:A-Brand\";v=\"24\", \"Google Chrome\";v=\"134\"",
    "content-type": "application/json",
    "sec-ch-ua-mobile": "?0",
    "accept": "*/*",
    "origin": "http://localhost:5173",
    "sec-fetch-site": "same-site",
    "sec-fetch-mode": "cors",
    "sec-fetch-dest": "empty",
    "referer": "http://localhost:5173/",
    "accept-encoding": "gzip, deflate, br, zstd",
    "accept-language": "en-GB,en-US;q=0.9,en;q=0.8"
  },
  "body": {
    "position": "frontend engineer",
    "company": "swiggy",
    "jobLocation": "Remote",
    "status": "interview",
    "jobType": "internship",
    "dateOfApplication": "2025-05-13",
    "link": "https://ride.swiggy.com/?utm_source=Google-Sok&utm_medium=cpc&utm_campaign=de-brand-dehradun&gad_source=1&gclid=CjwKCAjw--K_BhB5EiwAuwYoysCNl17QgrE5-viehnVJOqYM5t5sqG0_MDkfcyQYIGBQvTX-MQZcLRoClegQAvD_BwE"
  },
  "query": {},
  "params": {}
}
[2025-04-11T18:11:50.581Z] [DEBUG] Token verified successfully {
  "userId": "67f922e34e81393cc5253968"
}
[2025-04-11T18:11:50.579Z] [DEBUG] [testing] Request body {
  "url": "/api/jobs",
  "method": "POST",
  "body": {
    "position": "frontend engineer",
    "company": "swiggy",
    "jobLocation": "Remote",
    "status": "interview",
    "jobType": "internship",
    "dateOfApplication": "2025-05-13",
    "link": "https://ride.swiggy.com/?utm_source=Google-Sok&utm_medium=cpc&utm_campaign=de-brand-dehradun&gad_source=1&gclid=CjwKCAjw--K_BhB5EiwAuwYoysCNl17QgrE5-viehnVJOqYM5t5sqG0_MDkfcyQYIGBQvTX-MQZcLRoClegQAvD_BwE"
  }
}
[2025-04-11T18:11:50.579Z] [DEBUG] Checking authentication headers {
  "url": "/api/jobs",
  "headers": "Authorization header present"
}
[2025-04-11T18:11:50.579Z] [DEBUG] Token extracted from header {
  "url": "/api/jobs"
}
[2025-04-11T18:11:50.633Z] [DEBUG] User attached to request {
  "userId": "67f922e34e81393cc5253968",
  "route": "/api/jobs"
}
[2025-04-11T18:11:50.689Z] [INFO] POST /api/jobs 201 - 112ms {
  "method": "POST",
  "url": "/api/jobs",
  "status": 201,
  "duration": 112,
  "ip": "::1",
  "userAgent": "Mozilla/5.0 (Macintosh; Intel Mac OS X 10_15_7) AppleWebKit/537.36 (KHTML, like Gecko) Chrome/134.0.0.0 Safari/537.36",
  "userId": "67f922e34e81393cc5253968"
}
[2025-04-11T18:11:50.702Z] [DEBUG] [testing] Incoming request: GET /api/jobs {
  "headers": {
    "host": "localhost:3000",
    "connection": "keep-alive",
    "sec-ch-ua-platform": "\"macOS\"",
    "authorization": "Bearer eyJhbGciOiJIUzI1NiIsInR5cCI6IkpXVCJ9.eyJ1c2VySWQiOiI2N2Y5MjJlMzRlODEzOTNjYzUyNTM5NjgiLCJpYXQiOjE3NDQzOTM3MzUsImV4cCI6MTc0Njk4NTczNX0.db-uxCDrqc2Wbn9bzbH1ijCV3n1fCai0zks3AEG-NBA",
    "user-agent": "Mozilla/5.0 (Macintosh; Intel Mac OS X 10_15_7) AppleWebKit/537.36 (KHTML, like Gecko) Chrome/134.0.0.0 Safari/537.36",
    "sec-ch-ua": "\"Chromium\";v=\"134\", \"Not:A-Brand\";v=\"24\", \"Google Chrome\";v=\"134\"",
    "content-type": "application/json",
    "sec-ch-ua-mobile": "?0",
    "accept": "*/*",
    "origin": "http://localhost:5173",
    "sec-fetch-site": "same-site",
    "sec-fetch-mode": "cors",
    "sec-fetch-dest": "empty",
    "referer": "http://localhost:5173/",
    "accept-encoding": "gzip, deflate, br, zstd",
    "accept-language": "en-GB,en-US;q=0.9,en;q=0.8"
  },
  "query": {},
  "params": {}
}
[2025-04-11T18:11:50.703Z] [DEBUG] Checking authentication headers {
  "url": "/api/jobs",
  "headers": "Authorization header present"
}
[2025-04-11T18:11:50.703Z] [DEBUG] Token extracted from header {
  "url": "/api/jobs"
}
[2025-04-11T18:11:50.706Z] [DEBUG] Token verified successfully {
  "userId": "67f922e34e81393cc5253968"
}
[2025-04-11T18:11:50.749Z] [DEBUG] User attached to request {
  "userId": "67f922e34e81393cc5253968",
  "route": "/api/jobs"
}
[2025-04-11T18:11:50.793Z] [INFO] GET /api/jobs 200 - 91ms {
  "method": "GET",
  "url": "/api/jobs",
  "status": 200,
  "duration": 91,
  "ip": "::1",
  "userAgent": "Mozilla/5.0 (Macintosh; Intel Mac OS X 10_15_7) AppleWebKit/537.36 (KHTML, like Gecko) Chrome/134.0.0.0 Safari/537.36",
  "userId": "67f922e34e81393cc5253968"
}
[2025-04-11T18:11:50.795Z] [DEBUG] [testing] Incoming request: GET /api/jobs {
  "headers": {
    "host": "localhost:3000",
    "connection": "keep-alive",
    "sec-ch-ua-platform": "\"macOS\"",
    "authorization": "Bearer eyJhbGciOiJIUzI1NiIsInR5cCI6IkpXVCJ9.eyJ1c2VySWQiOiI2N2Y5MjJlMzRlODEzOTNjYzUyNTM5NjgiLCJpYXQiOjE3NDQzOTM3MzUsImV4cCI6MTc0Njk4NTczNX0.db-uxCDrqc2Wbn9bzbH1ijCV3n1fCai0zks3AEG-NBA",
    "user-agent": "Mozilla/5.0 (Macintosh; Intel Mac OS X 10_15_7) AppleWebKit/537.36 (KHTML, like Gecko) Chrome/134.0.0.0 Safari/537.36",
    "sec-ch-ua": "\"Chromium\";v=\"134\", \"Not:A-Brand\";v=\"24\", \"Google Chrome\";v=\"134\"",
    "content-type": "application/json",
    "sec-ch-ua-mobile": "?0",
    "accept": "*/*",
    "origin": "http://localhost:5173",
    "sec-fetch-site": "same-site",
    "sec-fetch-mode": "cors",
    "sec-fetch-dest": "empty",
    "referer": "http://localhost:5173/",
    "accept-encoding": "gzip, deflate, br, zstd",
    "accept-language": "en-GB,en-US;q=0.9,en;q=0.8",
    "if-none-match": "W/\"21a-Yj48KJfMNyeoFyT5YKwOHqtAPvs\""
  },
  "query": {},
  "params": {}
}
[2025-04-11T18:11:50.795Z] [DEBUG] Checking authentication headers {
  "url": "/api/jobs",
  "headers": "Authorization header present"
}
[2025-04-11T18:11:50.795Z] [DEBUG] Token extracted from header {
  "url": "/api/jobs"
}
[2025-04-11T18:11:50.797Z] [DEBUG] Token verified successfully {
  "userId": "67f922e34e81393cc5253968"
}
[2025-04-11T18:11:50.840Z] [DEBUG] User attached to request {
  "userId": "67f922e34e81393cc5253968",
  "route": "/api/jobs"
}
[2025-04-11T18:11:50.886Z] [INFO] GET /api/jobs 304 - 91ms {
  "method": "GET",
  "url": "/api/jobs",
  "status": 304,
  "duration": 91,
  "ip": "::1",
  "userAgent": "Mozilla/5.0 (Macintosh; Intel Mac OS X 10_15_7) AppleWebKit/537.36 (KHTML, like Gecko) Chrome/134.0.0.0 Safari/537.36",
  "userId": "67f922e34e81393cc5253968"
}
[2025-04-11T18:17:25.241Z] [DEBUG] [testing] Incoming request: PUT /api/jobs/67f95b6675e0453dec95ef56 {
  "headers": {
    "host": "localhost:3000",
    "connection": "keep-alive",
    "content-length": "20",
    "sec-ch-ua-platform": "\"macOS\"",
    "authorization": "Bearer eyJhbGciOiJIUzI1NiIsInR5cCI6IkpXVCJ9.eyJ1c2VySWQiOiI2N2Y5MjJlMzRlODEzOTNjYzUyNTM5NjgiLCJpYXQiOjE3NDQzOTM3MzUsImV4cCI6MTc0Njk4NTczNX0.db-uxCDrqc2Wbn9bzbH1ijCV3n1fCai0zks3AEG-NBA",
    "user-agent": "Mozilla/5.0 (Macintosh; Intel Mac OS X 10_15_7) AppleWebKit/537.36 (KHTML, like Gecko) Chrome/134.0.0.0 Safari/537.36",
    "sec-ch-ua": "\"Chromium\";v=\"134\", \"Not:A-Brand\";v=\"24\", \"Google Chrome\";v=\"134\"",
    "content-type": "application/json",
    "sec-ch-ua-mobile": "?0",
    "accept": "*/*",
    "origin": "http://localhost:5173",
    "sec-fetch-site": "same-site",
    "sec-fetch-mode": "cors",
    "sec-fetch-dest": "empty",
    "referer": "http://localhost:5173/",
    "accept-encoding": "gzip, deflate, br, zstd",
    "accept-language": "en-GB,en-US;q=0.9,en;q=0.8"
  },
  "body": {
    "status": "pending"
  },
  "query": {},
  "params": {}
}
[2025-04-11T18:17:25.244Z] [DEBUG] Token verified successfully {
  "userId": "67f922e34e81393cc5253968"
}
[2025-04-11T18:17:25.242Z] [DEBUG] Checking authentication headers {
  "url": "/api/jobs/67f95b6675e0453dec95ef56",
  "headers": "Authorization header present"
}
[2025-04-11T18:17:25.242Z] [DEBUG] Token extracted from header {
  "url": "/api/jobs/67f95b6675e0453dec95ef56"
}
[2025-04-11T18:17:25.241Z] [DEBUG] [testing] Request body {
  "url": "/api/jobs/67f95b6675e0453dec95ef56",
  "method": "PUT",
  "body": {
    "status": "pending"
  }
}
[2025-04-11T18:17:25.291Z] [DEBUG] User attached to request {
  "userId": "67f922e34e81393cc5253968",
  "route": "/api/jobs/67f95b6675e0453dec95ef56"
}
[2025-04-11T18:17:25.391Z] [INFO] PUT /api/jobs/67f95b6675e0453dec95ef56 200 - 150ms {
  "method": "PUT",
  "url": "/api/jobs/67f95b6675e0453dec95ef56",
  "status": 200,
  "duration": 150,
  "ip": "::1",
  "userAgent": "Mozilla/5.0 (Macintosh; Intel Mac OS X 10_15_7) AppleWebKit/537.36 (KHTML, like Gecko) Chrome/134.0.0.0 Safari/537.36",
  "userId": "67f922e34e81393cc5253968"
}
[2025-04-11T18:18:12.530Z] [DEBUG] [testing] Incoming request: PUT /api/jobs/67f95b6675e0453dec95ef56 {
  "headers": {
    "host": "localhost:3000",
    "connection": "keep-alive",
    "content-length": "22",
    "sec-ch-ua-platform": "\"macOS\"",
    "authorization": "Bearer eyJhbGciOiJIUzI1NiIsInR5cCI6IkpXVCJ9.eyJ1c2VySWQiOiI2N2Y5MjJlMzRlODEzOTNjYzUyNTM5NjgiLCJpYXQiOjE3NDQzOTM3MzUsImV4cCI6MTc0Njk4NTczNX0.db-uxCDrqc2Wbn9bzbH1ijCV3n1fCai0zks3AEG-NBA",
    "user-agent": "Mozilla/5.0 (Macintosh; Intel Mac OS X 10_15_7) AppleWebKit/537.36 (KHTML, like Gecko) Chrome/134.0.0.0 Safari/537.36",
    "sec-ch-ua": "\"Chromium\";v=\"134\", \"Not:A-Brand\";v=\"24\", \"Google Chrome\";v=\"134\"",
    "content-type": "application/json",
    "sec-ch-ua-mobile": "?0",
    "accept": "*/*",
    "origin": "http://localhost:5173",
    "sec-fetch-site": "same-site",
    "sec-fetch-mode": "cors",
    "sec-fetch-dest": "empty",
    "referer": "http://localhost:5173/",
    "accept-encoding": "gzip, deflate, br, zstd",
    "accept-language": "en-GB,en-US;q=0.9,en;q=0.8"
  },
  "body": {
    "status": "interview"
  },
  "query": {},
  "params": {}
}
[2025-04-11T18:18:12.535Z] [DEBUG] Token verified successfully {
  "userId": "67f922e34e81393cc5253968"
}
[2025-04-11T18:18:12.532Z] [DEBUG] Checking authentication headers {
  "url": "/api/jobs/67f95b6675e0453dec95ef56",
  "headers": "Authorization header present"
}
[2025-04-11T18:18:12.533Z] [DEBUG] Token extracted from header {
  "url": "/api/jobs/67f95b6675e0453dec95ef56"
}
[2025-04-11T18:18:12.531Z] [DEBUG] [testing] Request body {
  "url": "/api/jobs/67f95b6675e0453dec95ef56",
  "method": "PUT",
  "body": {
    "status": "interview"
  }
}
[2025-04-11T18:18:12.588Z] [DEBUG] User attached to request {
  "userId": "67f922e34e81393cc5253968",
  "route": "/api/jobs/67f95b6675e0453dec95ef56"
}
[2025-04-11T18:18:12.682Z] [INFO] PUT /api/jobs/67f95b6675e0453dec95ef56 200 - 152ms {
  "method": "PUT",
  "url": "/api/jobs/67f95b6675e0453dec95ef56",
  "status": 200,
  "duration": 152,
  "ip": "::1",
  "userAgent": "Mozilla/5.0 (Macintosh; Intel Mac OS X 10_15_7) AppleWebKit/537.36 (KHTML, like Gecko) Chrome/134.0.0.0 Safari/537.36",
  "userId": "67f922e34e81393cc5253968"
}
[2025-04-11T18:22:32.202Z] [DEBUG] [testing] Incoming request: GET /api/jobs {
  "headers": {
    "host": "localhost:3000",
    "connection": "keep-alive",
    "sec-ch-ua-platform": "\"macOS\"",
    "authorization": "Bearer eyJhbGciOiJIUzI1NiIsInR5cCI6IkpXVCJ9.eyJ1c2VySWQiOiI2N2Y5MjJlMzRlODEzOTNjYzUyNTM5NjgiLCJpYXQiOjE3NDQzOTM3MzUsImV4cCI6MTc0Njk4NTczNX0.db-uxCDrqc2Wbn9bzbH1ijCV3n1fCai0zks3AEG-NBA",
    "user-agent": "Mozilla/5.0 (Macintosh; Intel Mac OS X 10_15_7) AppleWebKit/537.36 (KHTML, like Gecko) Chrome/134.0.0.0 Safari/537.36",
    "sec-ch-ua": "\"Chromium\";v=\"134\", \"Not:A-Brand\";v=\"24\", \"Google Chrome\";v=\"134\"",
    "content-type": "application/json",
    "sec-ch-ua-mobile": "?0",
    "accept": "*/*",
    "origin": "http://localhost:5173",
    "sec-fetch-site": "same-site",
    "sec-fetch-mode": "cors",
    "sec-fetch-dest": "empty",
    "referer": "http://localhost:5173/",
    "accept-encoding": "gzip, deflate, br, zstd",
    "accept-language": "en-GB,en-US;q=0.9,en;q=0.8",
    "if-none-match": "W/\"21a-Yj48KJfMNyeoFyT5YKwOHqtAPvs\""
  },
  "query": {},
  "params": {}
}
[2025-04-11T18:22:32.202Z] [DEBUG] Checking authentication headers {
  "url": "/api/jobs",
  "headers": "Authorization header present"
}
[2025-04-11T18:22:32.202Z] [DEBUG] Token extracted from header {
  "url": "/api/jobs"
}
[2025-04-11T18:22:32.204Z] [DEBUG] Token verified successfully {
  "userId": "67f922e34e81393cc5253968"
}
[2025-04-11T18:22:32.248Z] [DEBUG] User attached to request {
  "userId": "67f922e34e81393cc5253968",
  "route": "/api/jobs"
}
[2025-04-11T18:22:32.290Z] [INFO] GET /api/jobs 200 - 89ms {
  "method": "GET",
  "url": "/api/jobs",
  "status": 200,
  "duration": 89,
  "ip": "::1",
  "userAgent": "Mozilla/5.0 (Macintosh; Intel Mac OS X 10_15_7) AppleWebKit/537.36 (KHTML, like Gecko) Chrome/134.0.0.0 Safari/537.36",
  "userId": "67f922e34e81393cc5253968"
}
[2025-04-11T18:22:48.528Z] [DEBUG] [testing] Incoming request: GET /api/jobs {
  "headers": {
    "host": "localhost:3000",
    "connection": "keep-alive",
    "sec-ch-ua-platform": "\"macOS\"",
    "authorization": "Bearer eyJhbGciOiJIUzI1NiIsInR5cCI6IkpXVCJ9.eyJ1c2VySWQiOiI2N2Y5MjJlMzRlODEzOTNjYzUyNTM5NjgiLCJpYXQiOjE3NDQzOTM3MzUsImV4cCI6MTc0Njk4NTczNX0.db-uxCDrqc2Wbn9bzbH1ijCV3n1fCai0zks3AEG-NBA",
    "user-agent": "Mozilla/5.0 (Macintosh; Intel Mac OS X 10_15_7) AppleWebKit/537.36 (KHTML, like Gecko) Chrome/134.0.0.0 Safari/537.36",
    "sec-ch-ua": "\"Chromium\";v=\"134\", \"Not:A-Brand\";v=\"24\", \"Google Chrome\";v=\"134\"",
    "content-type": "application/json",
    "sec-ch-ua-mobile": "?0",
    "accept": "*/*",
    "origin": "http://localhost:5173",
    "sec-fetch-site": "same-site",
    "sec-fetch-mode": "cors",
    "sec-fetch-dest": "empty",
    "referer": "http://localhost:5173/",
    "accept-encoding": "gzip, deflate, br, zstd",
    "accept-language": "en-GB,en-US;q=0.9,en;q=0.8",
    "if-none-match": "W/\"21a-Glku1LJLY/MPC3bTQxl1BFe+VjI\""
  },
  "query": {},
  "params": {}
}
[2025-04-11T18:22:48.529Z] [DEBUG] Checking authentication headers {
  "url": "/api/jobs",
  "headers": "Authorization header present"
}
[2025-04-11T18:22:48.529Z] [DEBUG] Token extracted from header {
  "url": "/api/jobs"
}
[2025-04-11T18:22:48.530Z] [DEBUG] Token verified successfully {
  "userId": "67f922e34e81393cc5253968"
}
[2025-04-11T18:22:48.581Z] [DEBUG] User attached to request {
  "userId": "67f922e34e81393cc5253968",
  "route": "/api/jobs"
}
[2025-04-11T18:22:48.624Z] [INFO] GET /api/jobs 304 - 96ms {
  "method": "GET",
  "url": "/api/jobs",
  "status": 304,
  "duration": 96,
  "ip": "::1",
  "userAgent": "Mozilla/5.0 (Macintosh; Intel Mac OS X 10_15_7) AppleWebKit/537.36 (KHTML, like Gecko) Chrome/134.0.0.0 Safari/537.36",
  "userId": "67f922e34e81393cc5253968"
}
[2025-04-11T18:22:50.945Z] [DEBUG] [testing] Incoming request: GET /api/jobs {
  "headers": {
    "host": "localhost:3000",
    "connection": "keep-alive",
    "sec-ch-ua-platform": "\"macOS\"",
    "authorization": "Bearer eyJhbGciOiJIUzI1NiIsInR5cCI6IkpXVCJ9.eyJ1c2VySWQiOiI2N2Y5MjJlMzRlODEzOTNjYzUyNTM5NjgiLCJpYXQiOjE3NDQzOTM3MzUsImV4cCI6MTc0Njk4NTczNX0.db-uxCDrqc2Wbn9bzbH1ijCV3n1fCai0zks3AEG-NBA",
    "user-agent": "Mozilla/5.0 (Macintosh; Intel Mac OS X 10_15_7) AppleWebKit/537.36 (KHTML, like Gecko) Chrome/134.0.0.0 Safari/537.36",
    "sec-ch-ua": "\"Chromium\";v=\"134\", \"Not:A-Brand\";v=\"24\", \"Google Chrome\";v=\"134\"",
    "content-type": "application/json",
    "sec-ch-ua-mobile": "?0",
    "accept": "*/*",
    "origin": "http://localhost:5173",
    "sec-fetch-site": "same-site",
    "sec-fetch-mode": "cors",
    "sec-fetch-dest": "empty",
    "referer": "http://localhost:5173/",
    "accept-encoding": "gzip, deflate, br, zstd",
    "accept-language": "en-GB,en-US;q=0.9,en;q=0.8",
    "if-none-match": "W/\"21a-Glku1LJLY/MPC3bTQxl1BFe+VjI\""
  },
  "query": {},
  "params": {}
}
[2025-04-11T18:22:50.945Z] [DEBUG] Checking authentication headers {
  "url": "/api/jobs",
  "headers": "Authorization header present"
}
[2025-04-11T18:22:50.945Z] [DEBUG] Token extracted from header {
  "url": "/api/jobs"
}
[2025-04-11T18:22:50.947Z] [DEBUG] Token verified successfully {
  "userId": "67f922e34e81393cc5253968"
}
[2025-04-11T18:22:50.990Z] [DEBUG] User attached to request {
  "userId": "67f922e34e81393cc5253968",
  "route": "/api/jobs"
}
[2025-04-11T18:22:51.034Z] [INFO] GET /api/jobs 304 - 89ms {
  "method": "GET",
  "url": "/api/jobs",
  "status": 304,
  "duration": 89,
  "ip": "::1",
  "userAgent": "Mozilla/5.0 (Macintosh; Intel Mac OS X 10_15_7) AppleWebKit/537.36 (KHTML, like Gecko) Chrome/134.0.0.0 Safari/537.36",
  "userId": "67f922e34e81393cc5253968"
}
[2025-04-11T18:22:51.037Z] [DEBUG] Token verified successfully {
  "userId": "67f922e34e81393cc5253968"
}
[2025-04-11T18:22:51.035Z] [DEBUG] Checking authentication headers {
  "url": "/api/jobs",
  "headers": "Authorization header present"
}
[2025-04-11T18:22:51.035Z] [DEBUG] Token extracted from header {
  "url": "/api/jobs"
}
[2025-04-11T18:22:51.035Z] [DEBUG] [testing] Incoming request: GET /api/jobs {
  "headers": {
    "host": "localhost:3000",
    "connection": "keep-alive",
    "sec-ch-ua-platform": "\"macOS\"",
    "authorization": "Bearer eyJhbGciOiJIUzI1NiIsInR5cCI6IkpXVCJ9.eyJ1c2VySWQiOiI2N2Y5MjJlMzRlODEzOTNjYzUyNTM5NjgiLCJpYXQiOjE3NDQzOTM3MzUsImV4cCI6MTc0Njk4NTczNX0.db-uxCDrqc2Wbn9bzbH1ijCV3n1fCai0zks3AEG-NBA",
    "user-agent": "Mozilla/5.0 (Macintosh; Intel Mac OS X 10_15_7) AppleWebKit/537.36 (KHTML, like Gecko) Chrome/134.0.0.0 Safari/537.36",
    "sec-ch-ua": "\"Chromium\";v=\"134\", \"Not:A-Brand\";v=\"24\", \"Google Chrome\";v=\"134\"",
    "content-type": "application/json",
    "sec-ch-ua-mobile": "?0",
    "accept": "*/*",
    "origin": "http://localhost:5173",
    "sec-fetch-site": "same-site",
    "sec-fetch-mode": "cors",
    "sec-fetch-dest": "empty",
    "referer": "http://localhost:5173/",
    "accept-encoding": "gzip, deflate, br, zstd",
    "accept-language": "en-GB,en-US;q=0.9,en;q=0.8",
    "if-none-match": "W/\"21a-Glku1LJLY/MPC3bTQxl1BFe+VjI\""
  },
  "query": {},
  "params": {}
}
[2025-04-11T18:22:51.082Z] [DEBUG] User attached to request {
  "userId": "67f922e34e81393cc5253968",
  "route": "/api/jobs"
}
[2025-04-11T18:22:51.127Z] [INFO] GET /api/jobs 304 - 91ms {
  "method": "GET",
  "url": "/api/jobs",
  "status": 304,
  "duration": 91,
  "ip": "::1",
  "userAgent": "Mozilla/5.0 (Macintosh; Intel Mac OS X 10_15_7) AppleWebKit/537.36 (KHTML, like Gecko) Chrome/134.0.0.0 Safari/537.36",
  "userId": "67f922e34e81393cc5253968"
}
[2025-04-11T18:23:32.161Z] [DEBUG] Checking authentication headers {
  "url": "/api/jobs",
  "headers": "Authorization header present"
}
[2025-04-11T18:23:32.161Z] [DEBUG] Token extracted from header {
  "url": "/api/jobs"
}
[2025-04-11T18:23:32.161Z] [DEBUG] [testing] Incoming request: GET /api/jobs {
  "headers": {
    "host": "localhost:3000",
    "connection": "keep-alive",
    "sec-ch-ua-platform": "\"macOS\"",
    "authorization": "Bearer eyJhbGciOiJIUzI1NiIsInR5cCI6IkpXVCJ9.eyJ1c2VySWQiOiI2N2Y5MjJlMzRlODEzOTNjYzUyNTM5NjgiLCJpYXQiOjE3NDQzOTM3MzUsImV4cCI6MTc0Njk4NTczNX0.db-uxCDrqc2Wbn9bzbH1ijCV3n1fCai0zks3AEG-NBA",
    "user-agent": "Mozilla/5.0 (Macintosh; Intel Mac OS X 10_15_7) AppleWebKit/537.36 (KHTML, like Gecko) Chrome/134.0.0.0 Safari/537.36",
    "sec-ch-ua": "\"Chromium\";v=\"134\", \"Not:A-Brand\";v=\"24\", \"Google Chrome\";v=\"134\"",
    "content-type": "application/json",
    "sec-ch-ua-mobile": "?0",
    "accept": "*/*",
    "origin": "http://localhost:5173",
    "sec-fetch-site": "same-site",
    "sec-fetch-mode": "cors",
    "sec-fetch-dest": "empty",
    "referer": "http://localhost:5173/",
    "accept-encoding": "gzip, deflate, br, zstd",
    "accept-language": "en-GB,en-US;q=0.9,en;q=0.8",
    "if-none-match": "W/\"21a-Glku1LJLY/MPC3bTQxl1BFe+VjI\""
  },
  "query": {},
  "params": {}
}
[2025-04-11T18:23:32.162Z] [DEBUG] Token verified successfully {
  "userId": "67f922e34e81393cc5253968"
}
[2025-04-11T18:23:32.213Z] [DEBUG] User attached to request {
  "userId": "67f922e34e81393cc5253968",
  "route": "/api/jobs"
}
[2025-04-11T18:23:32.255Z] [INFO] GET /api/jobs 304 - 94ms {
  "method": "GET",
  "url": "/api/jobs",
  "status": 304,
  "duration": 94,
  "ip": "::1",
  "userAgent": "Mozilla/5.0 (Macintosh; Intel Mac OS X 10_15_7) AppleWebKit/537.36 (KHTML, like Gecko) Chrome/134.0.0.0 Safari/537.36",
  "userId": "67f922e34e81393cc5253968"
}
[2025-04-11T18:23:32.256Z] [DEBUG] [testing] Incoming request: GET /api/jobs {
  "headers": {
    "host": "localhost:3000",
    "connection": "keep-alive",
    "sec-ch-ua-platform": "\"macOS\"",
    "authorization": "Bearer eyJhbGciOiJIUzI1NiIsInR5cCI6IkpXVCJ9.eyJ1c2VySWQiOiI2N2Y5MjJlMzRlODEzOTNjYzUyNTM5NjgiLCJpYXQiOjE3NDQzOTM3MzUsImV4cCI6MTc0Njk4NTczNX0.db-uxCDrqc2Wbn9bzbH1ijCV3n1fCai0zks3AEG-NBA",
    "user-agent": "Mozilla/5.0 (Macintosh; Intel Mac OS X 10_15_7) AppleWebKit/537.36 (KHTML, like Gecko) Chrome/134.0.0.0 Safari/537.36",
    "sec-ch-ua": "\"Chromium\";v=\"134\", \"Not:A-Brand\";v=\"24\", \"Google Chrome\";v=\"134\"",
    "content-type": "application/json",
    "sec-ch-ua-mobile": "?0",
    "accept": "*/*",
    "origin": "http://localhost:5173",
    "sec-fetch-site": "same-site",
    "sec-fetch-mode": "cors",
    "sec-fetch-dest": "empty",
    "referer": "http://localhost:5173/",
    "accept-encoding": "gzip, deflate, br, zstd",
    "accept-language": "en-GB,en-US;q=0.9,en;q=0.8",
    "if-none-match": "W/\"21a-Glku1LJLY/MPC3bTQxl1BFe+VjI\""
  },
  "query": {},
  "params": {}
}
[2025-04-11T18:23:32.256Z] [DEBUG] Checking authentication headers {
  "url": "/api/jobs",
  "headers": "Authorization header present"
}
[2025-04-11T18:23:32.256Z] [DEBUG] Token extracted from header {
  "url": "/api/jobs"
}
[2025-04-11T18:23:32.257Z] [DEBUG] Token verified successfully {
  "userId": "67f922e34e81393cc5253968"
}
[2025-04-11T18:23:32.300Z] [DEBUG] User attached to request {
  "userId": "67f922e34e81393cc5253968",
  "route": "/api/jobs"
}
[2025-04-11T18:23:32.342Z] [INFO] GET /api/jobs 304 - 86ms {
  "method": "GET",
  "url": "/api/jobs",
  "status": 304,
  "duration": 86,
  "ip": "::1",
  "userAgent": "Mozilla/5.0 (Macintosh; Intel Mac OS X 10_15_7) AppleWebKit/537.36 (KHTML, like Gecko) Chrome/134.0.0.0 Safari/537.36",
  "userId": "67f922e34e81393cc5253968"
}
[2025-04-11T18:23:41.578Z] [DEBUG] [testing] Incoming request: GET /api/jobs {
  "headers": {
    "host": "localhost:3000",
    "connection": "keep-alive",
    "sec-ch-ua-platform": "\"macOS\"",
    "authorization": "Bearer eyJhbGciOiJIUzI1NiIsInR5cCI6IkpXVCJ9.eyJ1c2VySWQiOiI2N2Y5MjJlMzRlODEzOTNjYzUyNTM5NjgiLCJpYXQiOjE3NDQzOTM3MzUsImV4cCI6MTc0Njk4NTczNX0.db-uxCDrqc2Wbn9bzbH1ijCV3n1fCai0zks3AEG-NBA",
    "user-agent": "Mozilla/5.0 (Macintosh; Intel Mac OS X 10_15_7) AppleWebKit/537.36 (KHTML, like Gecko) Chrome/134.0.0.0 Safari/537.36",
    "sec-ch-ua": "\"Chromium\";v=\"134\", \"Not:A-Brand\";v=\"24\", \"Google Chrome\";v=\"134\"",
    "content-type": "application/json",
    "sec-ch-ua-mobile": "?0",
    "accept": "*/*",
    "origin": "http://localhost:5173",
    "sec-fetch-site": "same-site",
    "sec-fetch-mode": "cors",
    "sec-fetch-dest": "empty",
    "referer": "http://localhost:5173/",
    "accept-encoding": "gzip, deflate, br, zstd",
    "accept-language": "en-GB,en-US;q=0.9,en;q=0.8",
    "if-none-match": "W/\"21a-Glku1LJLY/MPC3bTQxl1BFe+VjI\""
  },
  "query": {},
  "params": {}
}
[2025-04-11T18:23:41.579Z] [DEBUG] Token verified successfully {
  "userId": "67f922e34e81393cc5253968"
}
[2025-04-11T18:23:41.578Z] [DEBUG] Token extracted from header {
  "url": "/api/jobs"
}
[2025-04-11T18:23:41.578Z] [DEBUG] Checking authentication headers {
  "url": "/api/jobs",
  "headers": "Authorization header present"
}
[2025-04-11T18:23:41.629Z] [DEBUG] User attached to request {
  "userId": "67f922e34e81393cc5253968",
  "route": "/api/jobs"
}
[2025-04-11T18:23:41.672Z] [INFO] GET /api/jobs 304 - 95ms {
  "method": "GET",
  "url": "/api/jobs",
  "status": 304,
  "duration": 95,
  "ip": "::1",
  "userAgent": "Mozilla/5.0 (Macintosh; Intel Mac OS X 10_15_7) AppleWebKit/537.36 (KHTML, like Gecko) Chrome/134.0.0.0 Safari/537.36",
  "userId": "67f922e34e81393cc5253968"
}
[2025-04-11T18:23:47.869Z] [DEBUG] [testing] Incoming request: PUT /api/jobs/67f95b6675e0453dec95ef56 {
  "headers": {
    "host": "localhost:3000",
    "connection": "keep-alive",
    "content-length": "20",
    "sec-ch-ua-platform": "\"macOS\"",
    "authorization": "Bearer eyJhbGciOiJIUzI1NiIsInR5cCI6IkpXVCJ9.eyJ1c2VySWQiOiI2N2Y5MjJlMzRlODEzOTNjYzUyNTM5NjgiLCJpYXQiOjE3NDQzOTM3MzUsImV4cCI6MTc0Njk4NTczNX0.db-uxCDrqc2Wbn9bzbH1ijCV3n1fCai0zks3AEG-NBA",
    "user-agent": "Mozilla/5.0 (Macintosh; Intel Mac OS X 10_15_7) AppleWebKit/537.36 (KHTML, like Gecko) Chrome/134.0.0.0 Safari/537.36",
    "sec-ch-ua": "\"Chromium\";v=\"134\", \"Not:A-Brand\";v=\"24\", \"Google Chrome\";v=\"134\"",
    "content-type": "application/json",
    "sec-ch-ua-mobile": "?0",
    "accept": "*/*",
    "origin": "http://localhost:5173",
    "sec-fetch-site": "same-site",
    "sec-fetch-mode": "cors",
    "sec-fetch-dest": "empty",
    "referer": "http://localhost:5173/",
    "accept-encoding": "gzip, deflate, br, zstd",
    "accept-language": "en-GB,en-US;q=0.9,en;q=0.8"
  },
  "body": {
    "status": "pending"
  },
  "query": {},
  "params": {}
}
[2025-04-11T18:23:47.871Z] [DEBUG] Token verified successfully {
  "userId": "67f922e34e81393cc5253968"
}
[2025-04-11T18:23:47.869Z] [DEBUG] [testing] Request body {
  "url": "/api/jobs/67f95b6675e0453dec95ef56",
  "method": "PUT",
  "body": {
    "status": "pending"
  }
}
[2025-04-11T18:23:47.869Z] [DEBUG] Token extracted from header {
  "url": "/api/jobs/67f95b6675e0453dec95ef56"
}
[2025-04-11T18:23:47.869Z] [DEBUG] Checking authentication headers {
  "url": "/api/jobs/67f95b6675e0453dec95ef56",
  "headers": "Authorization header present"
}
[2025-04-11T18:23:47.925Z] [DEBUG] User attached to request {
  "userId": "67f922e34e81393cc5253968",
  "route": "/api/jobs/67f95b6675e0453dec95ef56"
}
[2025-04-11T18:23:48.029Z] [INFO] PUT /api/jobs/67f95b6675e0453dec95ef56 200 - 161ms {
  "method": "PUT",
  "url": "/api/jobs/67f95b6675e0453dec95ef56",
  "status": 200,
  "duration": 161,
  "ip": "::1",
  "userAgent": "Mozilla/5.0 (Macintosh; Intel Mac OS X 10_15_7) AppleWebKit/537.36 (KHTML, like Gecko) Chrome/134.0.0.0 Safari/537.36",
  "userId": "67f922e34e81393cc5253968"
}
[2025-04-11T18:23:49.750Z] [DEBUG] [testing] Incoming request: PUT /api/jobs/67f95b6675e0453dec95ef56 {
  "headers": {
    "host": "localhost:3000",
    "connection": "keep-alive",
    "content-length": "21",
    "sec-ch-ua-platform": "\"macOS\"",
    "authorization": "Bearer eyJhbGciOiJIUzI1NiIsInR5cCI6IkpXVCJ9.eyJ1c2VySWQiOiI2N2Y5MjJlMzRlODEzOTNjYzUyNTM5NjgiLCJpYXQiOjE3NDQzOTM3MzUsImV4cCI6MTc0Njk4NTczNX0.db-uxCDrqc2Wbn9bzbH1ijCV3n1fCai0zks3AEG-NBA",
    "user-agent": "Mozilla/5.0 (Macintosh; Intel Mac OS X 10_15_7) AppleWebKit/537.36 (KHTML, like Gecko) Chrome/134.0.0.0 Safari/537.36",
    "sec-ch-ua": "\"Chromium\";v=\"134\", \"Not:A-Brand\";v=\"24\", \"Google Chrome\";v=\"134\"",
    "content-type": "application/json",
    "sec-ch-ua-mobile": "?0",
    "accept": "*/*",
    "origin": "http://localhost:5173",
    "sec-fetch-site": "same-site",
    "sec-fetch-mode": "cors",
    "sec-fetch-dest": "empty",
    "referer": "http://localhost:5173/",
    "accept-encoding": "gzip, deflate, br, zstd",
    "accept-language": "en-GB,en-US;q=0.9,en;q=0.8"
  },
  "body": {
    "status": "declined"
  },
  "query": {},
  "params": {}
}
[2025-04-11T18:23:49.752Z] [DEBUG] Token verified successfully {
  "userId": "67f922e34e81393cc5253968"
}
[2025-04-11T18:23:49.750Z] [DEBUG] [testing] Request body {
  "url": "/api/jobs/67f95b6675e0453dec95ef56",
  "method": "PUT",
  "body": {
    "status": "declined"
  }
}
[2025-04-11T18:23:49.750Z] [DEBUG] Token extracted from header {
  "url": "/api/jobs/67f95b6675e0453dec95ef56"
}
[2025-04-11T18:23:49.750Z] [DEBUG] Checking authentication headers {
  "url": "/api/jobs/67f95b6675e0453dec95ef56",
  "headers": "Authorization header present"
}
[2025-04-11T18:23:49.805Z] [DEBUG] User attached to request {
  "userId": "67f922e34e81393cc5253968",
  "route": "/api/jobs/67f95b6675e0453dec95ef56"
}
[2025-04-11T18:23:49.898Z] [INFO] PUT /api/jobs/67f95b6675e0453dec95ef56 200 - 149ms {
  "method": "PUT",
  "url": "/api/jobs/67f95b6675e0453dec95ef56",
  "status": 200,
  "duration": 149,
  "ip": "::1",
  "userAgent": "Mozilla/5.0 (Macintosh; Intel Mac OS X 10_15_7) AppleWebKit/537.36 (KHTML, like Gecko) Chrome/134.0.0.0 Safari/537.36",
  "userId": "67f922e34e81393cc5253968"
}
[2025-04-11T18:23:52.233Z] [DEBUG] Token extracted from header {
  "url": "/api/jobs/67f95b6675e0453dec95ef56"
}
[2025-04-11T18:23:52.235Z] [DEBUG] Token verified successfully {
  "userId": "67f922e34e81393cc5253968"
}
[2025-04-11T18:23:52.233Z] [DEBUG] [testing] Request body {
  "url": "/api/jobs/67f95b6675e0453dec95ef56",
  "method": "PUT",
  "body": {
    "status": "pending"
  }
}
[2025-04-11T18:23:52.233Z] [DEBUG] Checking authentication headers {
  "url": "/api/jobs/67f95b6675e0453dec95ef56",
  "headers": "Authorization header present"
}
[2025-04-11T18:23:52.232Z] [DEBUG] [testing] Incoming request: PUT /api/jobs/67f95b6675e0453dec95ef56 {
  "headers": {
    "host": "localhost:3000",
    "connection": "keep-alive",
    "content-length": "20",
    "sec-ch-ua-platform": "\"macOS\"",
    "authorization": "Bearer eyJhbGciOiJIUzI1NiIsInR5cCI6IkpXVCJ9.eyJ1c2VySWQiOiI2N2Y5MjJlMzRlODEzOTNjYzUyNTM5NjgiLCJpYXQiOjE3NDQzOTM3MzUsImV4cCI6MTc0Njk4NTczNX0.db-uxCDrqc2Wbn9bzbH1ijCV3n1fCai0zks3AEG-NBA",
    "user-agent": "Mozilla/5.0 (Macintosh; Intel Mac OS X 10_15_7) AppleWebKit/537.36 (KHTML, like Gecko) Chrome/134.0.0.0 Safari/537.36",
    "sec-ch-ua": "\"Chromium\";v=\"134\", \"Not:A-Brand\";v=\"24\", \"Google Chrome\";v=\"134\"",
    "content-type": "application/json",
    "sec-ch-ua-mobile": "?0",
    "accept": "*/*",
    "origin": "http://localhost:5173",
    "sec-fetch-site": "same-site",
    "sec-fetch-mode": "cors",
    "sec-fetch-dest": "empty",
    "referer": "http://localhost:5173/",
    "accept-encoding": "gzip, deflate, br, zstd",
    "accept-language": "en-GB,en-US;q=0.9,en;q=0.8"
  },
  "body": {
    "status": "pending"
  },
  "query": {},
  "params": {}
}
[2025-04-11T18:23:52.288Z] [DEBUG] User attached to request {
  "userId": "67f922e34e81393cc5253968",
  "route": "/api/jobs/67f95b6675e0453dec95ef56"
}
[2025-04-11T18:23:52.381Z] [INFO] PUT /api/jobs/67f95b6675e0453dec95ef56 200 - 149ms {
  "method": "PUT",
  "url": "/api/jobs/67f95b6675e0453dec95ef56",
  "status": 200,
  "duration": 149,
  "ip": "::1",
  "userAgent": "Mozilla/5.0 (Macintosh; Intel Mac OS X 10_15_7) AppleWebKit/537.36 (KHTML, like Gecko) Chrome/134.0.0.0 Safari/537.36",
  "userId": "67f922e34e81393cc5253968"
}
[2025-04-11T18:24:37.942Z] [DEBUG] [testing] Incoming request: GET /api/jobs {
  "headers": {
    "host": "localhost:3000",
    "connection": "keep-alive",
    "sec-ch-ua-platform": "\"macOS\"",
    "authorization": "Bearer eyJhbGciOiJIUzI1NiIsInR5cCI6IkpXVCJ9.eyJ1c2VySWQiOiI2N2Y5MjJlMzRlODEzOTNjYzUyNTM5NjgiLCJpYXQiOjE3NDQzOTM3MzUsImV4cCI6MTc0Njk4NTczNX0.db-uxCDrqc2Wbn9bzbH1ijCV3n1fCai0zks3AEG-NBA",
    "user-agent": "Mozilla/5.0 (Macintosh; Intel Mac OS X 10_15_7) AppleWebKit/537.36 (KHTML, like Gecko) Chrome/134.0.0.0 Safari/537.36",
    "sec-ch-ua": "\"Chromium\";v=\"134\", \"Not:A-Brand\";v=\"24\", \"Google Chrome\";v=\"134\"",
    "content-type": "application/json",
    "sec-ch-ua-mobile": "?0",
    "accept": "*/*",
    "origin": "http://localhost:5173",
    "sec-fetch-site": "same-site",
    "sec-fetch-mode": "cors",
    "sec-fetch-dest": "empty",
    "referer": "http://localhost:5173/",
    "accept-encoding": "gzip, deflate, br, zstd",
    "accept-language": "en-GB,en-US;q=0.9,en;q=0.8",
    "if-none-match": "W/\"21a-Glku1LJLY/MPC3bTQxl1BFe+VjI\""
  },
  "query": {},
  "params": {}
}
[2025-04-11T18:24:37.942Z] [DEBUG] Checking authentication headers {
  "url": "/api/jobs",
  "headers": "Authorization header present"
}
[2025-04-11T18:24:37.942Z] [DEBUG] Token extracted from header {
  "url": "/api/jobs"
}
[2025-04-11T18:24:37.943Z] [DEBUG] Token verified successfully {
  "userId": "67f922e34e81393cc5253968"
}
[2025-04-11T18:24:37.987Z] [DEBUG] User attached to request {
  "userId": "67f922e34e81393cc5253968",
  "route": "/api/jobs"
}
[2025-04-11T18:24:38.034Z] [INFO] GET /api/jobs 200 - 93ms {
  "method": "GET",
  "url": "/api/jobs",
  "status": 200,
  "duration": 93,
  "ip": "::1",
  "userAgent": "Mozilla/5.0 (Macintosh; Intel Mac OS X 10_15_7) AppleWebKit/537.36 (KHTML, like Gecko) Chrome/134.0.0.0 Safari/537.36",
  "userId": "67f922e34e81393cc5253968"
}
[2025-04-11T18:24:38.036Z] [DEBUG] Checking authentication headers {
  "url": "/api/jobs",
  "headers": "Authorization header present"
}
[2025-04-11T18:24:38.038Z] [DEBUG] Token verified successfully {
  "userId": "67f922e34e81393cc5253968"
}
[2025-04-11T18:24:38.036Z] [DEBUG] [testing] Incoming request: GET /api/jobs {
  "headers": {
    "host": "localhost:3000",
    "connection": "keep-alive",
    "sec-ch-ua-platform": "\"macOS\"",
    "authorization": "Bearer eyJhbGciOiJIUzI1NiIsInR5cCI6IkpXVCJ9.eyJ1c2VySWQiOiI2N2Y5MjJlMzRlODEzOTNjYzUyNTM5NjgiLCJpYXQiOjE3NDQzOTM3MzUsImV4cCI6MTc0Njk4NTczNX0.db-uxCDrqc2Wbn9bzbH1ijCV3n1fCai0zks3AEG-NBA",
    "user-agent": "Mozilla/5.0 (Macintosh; Intel Mac OS X 10_15_7) AppleWebKit/537.36 (KHTML, like Gecko) Chrome/134.0.0.0 Safari/537.36",
    "sec-ch-ua": "\"Chromium\";v=\"134\", \"Not:A-Brand\";v=\"24\", \"Google Chrome\";v=\"134\"",
    "content-type": "application/json",
    "sec-ch-ua-mobile": "?0",
    "accept": "*/*",
    "origin": "http://localhost:5173",
    "sec-fetch-site": "same-site",
    "sec-fetch-mode": "cors",
    "sec-fetch-dest": "empty",
    "referer": "http://localhost:5173/",
    "accept-encoding": "gzip, deflate, br, zstd",
    "accept-language": "en-GB,en-US;q=0.9,en;q=0.8",
    "if-none-match": "W/\"218-82bIF4KvvcH8yRBglbQOehL1Mtw\""
  },
  "query": {},
  "params": {}
}
[2025-04-11T18:24:38.036Z] [DEBUG] Token extracted from header {
  "url": "/api/jobs"
}
[2025-04-11T18:24:38.082Z] [DEBUG] User attached to request {
  "userId": "67f922e34e81393cc5253968",
  "route": "/api/jobs"
}
[2025-04-11T18:24:38.128Z] [INFO] GET /api/jobs 304 - 91ms {
  "method": "GET",
  "url": "/api/jobs",
  "status": 304,
  "duration": 91,
  "ip": "::1",
  "userAgent": "Mozilla/5.0 (Macintosh; Intel Mac OS X 10_15_7) AppleWebKit/537.36 (KHTML, like Gecko) Chrome/134.0.0.0 Safari/537.36",
  "userId": "67f922e34e81393cc5253968"
}
[2025-04-11T18:24:41.317Z] [DEBUG] [testing] Request body {
  "url": "/api/jobs/67f95b6675e0453dec95ef56",
  "method": "PUT",
  "body": {
    "status": "interview"
  }
}
[2025-04-11T18:24:41.319Z] [DEBUG] Token verified successfully {
  "userId": "67f922e34e81393cc5253968"
}
[2025-04-11T18:24:41.317Z] [DEBUG] Checking authentication headers {
  "url": "/api/jobs/67f95b6675e0453dec95ef56",
  "headers": "Authorization header present"
}
[2025-04-11T18:24:41.317Z] [DEBUG] Token extracted from header {
  "url": "/api/jobs/67f95b6675e0453dec95ef56"
}
[2025-04-11T18:24:41.316Z] [DEBUG] [testing] Incoming request: PUT /api/jobs/67f95b6675e0453dec95ef56 {
  "headers": {
    "host": "localhost:3000",
    "connection": "keep-alive",
    "content-length": "22",
    "sec-ch-ua-platform": "\"macOS\"",
    "authorization": "Bearer eyJhbGciOiJIUzI1NiIsInR5cCI6IkpXVCJ9.eyJ1c2VySWQiOiI2N2Y5MjJlMzRlODEzOTNjYzUyNTM5NjgiLCJpYXQiOjE3NDQzOTM3MzUsImV4cCI6MTc0Njk4NTczNX0.db-uxCDrqc2Wbn9bzbH1ijCV3n1fCai0zks3AEG-NBA",
    "user-agent": "Mozilla/5.0 (Macintosh; Intel Mac OS X 10_15_7) AppleWebKit/537.36 (KHTML, like Gecko) Chrome/134.0.0.0 Safari/537.36",
    "sec-ch-ua": "\"Chromium\";v=\"134\", \"Not:A-Brand\";v=\"24\", \"Google Chrome\";v=\"134\"",
    "content-type": "application/json",
    "sec-ch-ua-mobile": "?0",
    "accept": "*/*",
    "origin": "http://localhost:5173",
    "sec-fetch-site": "same-site",
    "sec-fetch-mode": "cors",
    "sec-fetch-dest": "empty",
    "referer": "http://localhost:5173/",
    "accept-encoding": "gzip, deflate, br, zstd",
    "accept-language": "en-GB,en-US;q=0.9,en;q=0.8"
  },
  "body": {
    "status": "interview"
  },
  "query": {},
  "params": {}
}
[2025-04-11T18:24:41.365Z] [DEBUG] User attached to request {
  "userId": "67f922e34e81393cc5253968",
  "route": "/api/jobs/67f95b6675e0453dec95ef56"
}
[2025-04-11T18:24:41.456Z] [INFO] PUT /api/jobs/67f95b6675e0453dec95ef56 200 - 141ms {
  "method": "PUT",
  "url": "/api/jobs/67f95b6675e0453dec95ef56",
  "status": 200,
  "duration": 141,
  "ip": "::1",
  "userAgent": "Mozilla/5.0 (Macintosh; Intel Mac OS X 10_15_7) AppleWebKit/537.36 (KHTML, like Gecko) Chrome/134.0.0.0 Safari/537.36",
  "userId": "67f922e34e81393cc5253968"
}
[2025-04-11T18:25:14.672Z] [DEBUG] [testing] Incoming request: GET /api/jobs {
  "headers": {
    "host": "localhost:3000",
    "connection": "keep-alive",
    "sec-ch-ua-platform": "\"macOS\"",
    "authorization": "Bearer eyJhbGciOiJIUzI1NiIsInR5cCI6IkpXVCJ9.eyJ1c2VySWQiOiI2N2Y5MjJlMzRlODEzOTNjYzUyNTM5NjgiLCJpYXQiOjE3NDQzOTM3MzUsImV4cCI6MTc0Njk4NTczNX0.db-uxCDrqc2Wbn9bzbH1ijCV3n1fCai0zks3AEG-NBA",
    "user-agent": "Mozilla/5.0 (Macintosh; Intel Mac OS X 10_15_7) AppleWebKit/537.36 (KHTML, like Gecko) Chrome/134.0.0.0 Safari/537.36",
    "sec-ch-ua": "\"Chromium\";v=\"134\", \"Not:A-Brand\";v=\"24\", \"Google Chrome\";v=\"134\"",
    "content-type": "application/json",
    "sec-ch-ua-mobile": "?0",
    "accept": "*/*",
    "origin": "http://localhost:5173",
    "sec-fetch-site": "same-site",
    "sec-fetch-mode": "cors",
    "sec-fetch-dest": "empty",
    "referer": "http://localhost:5173/",
    "accept-encoding": "gzip, deflate, br, zstd",
    "accept-language": "en-GB,en-US;q=0.9,en;q=0.8",
    "if-none-match": "W/\"218-82bIF4KvvcH8yRBglbQOehL1Mtw\""
  },
  "query": {},
  "params": {}
}
[2025-04-11T18:25:14.673Z] [DEBUG] Checking authentication headers {
  "url": "/api/jobs",
  "headers": "Authorization header present"
}
[2025-04-11T18:25:14.673Z] [DEBUG] Token extracted from header {
  "url": "/api/jobs"
}
[2025-04-11T18:25:14.674Z] [DEBUG] Token verified successfully {
  "userId": "67f922e34e81393cc5253968"
}
[2025-04-11T18:25:14.727Z] [DEBUG] User attached to request {
  "userId": "67f922e34e81393cc5253968",
  "route": "/api/jobs"
}
[2025-04-11T18:25:14.770Z] [INFO] GET /api/jobs 200 - 98ms {
  "method": "GET",
  "url": "/api/jobs",
  "status": 200,
  "duration": 98,
  "ip": "::1",
  "userAgent": "Mozilla/5.0 (Macintosh; Intel Mac OS X 10_15_7) AppleWebKit/537.36 (KHTML, like Gecko) Chrome/134.0.0.0 Safari/537.36",
  "userId": "67f922e34e81393cc5253968"
}
[2025-04-11T18:25:14.771Z] [DEBUG] [testing] Incoming request: GET /api/jobs {
  "headers": {
    "host": "localhost:3000",
    "connection": "keep-alive",
    "sec-ch-ua-platform": "\"macOS\"",
    "authorization": "Bearer eyJhbGciOiJIUzI1NiIsInR5cCI6IkpXVCJ9.eyJ1c2VySWQiOiI2N2Y5MjJlMzRlODEzOTNjYzUyNTM5NjgiLCJpYXQiOjE3NDQzOTM3MzUsImV4cCI6MTc0Njk4NTczNX0.db-uxCDrqc2Wbn9bzbH1ijCV3n1fCai0zks3AEG-NBA",
    "user-agent": "Mozilla/5.0 (Macintosh; Intel Mac OS X 10_15_7) AppleWebKit/537.36 (KHTML, like Gecko) Chrome/134.0.0.0 Safari/537.36",
    "sec-ch-ua": "\"Chromium\";v=\"134\", \"Not:A-Brand\";v=\"24\", \"Google Chrome\";v=\"134\"",
    "content-type": "application/json",
    "sec-ch-ua-mobile": "?0",
    "accept": "*/*",
    "origin": "http://localhost:5173",
    "sec-fetch-site": "same-site",
    "sec-fetch-mode": "cors",
    "sec-fetch-dest": "empty",
    "referer": "http://localhost:5173/",
    "accept-encoding": "gzip, deflate, br, zstd",
    "accept-language": "en-GB,en-US;q=0.9,en;q=0.8",
    "if-none-match": "W/\"21a-UBNw4VJmZsgTtecQMmbT//nLWSY\""
  },
  "query": {},
  "params": {}
}
[2025-04-11T18:25:14.771Z] [DEBUG] Token verified successfully {
  "userId": "67f922e34e81393cc5253968"
}
[2025-04-11T18:25:14.771Z] [DEBUG] Token extracted from header {
  "url": "/api/jobs"
}
[2025-04-11T18:25:14.771Z] [DEBUG] Checking authentication headers {
  "url": "/api/jobs",
  "headers": "Authorization header present"
}
[2025-04-11T18:25:14.815Z] [DEBUG] User attached to request {
  "userId": "67f922e34e81393cc5253968",
  "route": "/api/jobs"
}
[2025-04-11T18:25:14.859Z] [INFO] GET /api/jobs 304 - 88ms {
  "method": "GET",
  "url": "/api/jobs",
  "status": 304,
  "duration": 88,
  "ip": "::1",
  "userAgent": "Mozilla/5.0 (Macintosh; Intel Mac OS X 10_15_7) AppleWebKit/537.36 (KHTML, like Gecko) Chrome/134.0.0.0 Safari/537.36",
  "userId": "67f922e34e81393cc5253968"
}
[2025-04-11T18:30:33.228Z] [DEBUG] [testing] Incoming request: GET /api/jobs {
  "headers": {
    "host": "localhost:3000",
    "connection": "keep-alive",
    "sec-ch-ua-platform": "\"macOS\"",
    "authorization": "Bearer eyJhbGciOiJIUzI1NiIsInR5cCI6IkpXVCJ9.eyJ1c2VySWQiOiI2N2Y5MjJlMzRlODEzOTNjYzUyNTM5NjgiLCJpYXQiOjE3NDQzOTM3MzUsImV4cCI6MTc0Njk4NTczNX0.db-uxCDrqc2Wbn9bzbH1ijCV3n1fCai0zks3AEG-NBA",
    "user-agent": "Mozilla/5.0 (Macintosh; Intel Mac OS X 10_15_7) AppleWebKit/537.36 (KHTML, like Gecko) Chrome/134.0.0.0 Safari/537.36",
    "sec-ch-ua": "\"Chromium\";v=\"134\", \"Not:A-Brand\";v=\"24\", \"Google Chrome\";v=\"134\"",
    "content-type": "application/json",
    "sec-ch-ua-mobile": "?0",
    "accept": "*/*",
    "origin": "http://localhost:5173",
    "sec-fetch-site": "same-site",
    "sec-fetch-mode": "cors",
    "sec-fetch-dest": "empty",
    "referer": "http://localhost:5173/",
    "accept-encoding": "gzip, deflate, br, zstd",
    "accept-language": "en-GB,en-US;q=0.9,en;q=0.8",
    "if-none-match": "W/\"21a-UBNw4VJmZsgTtecQMmbT//nLWSY\""
  },
  "query": {},
  "params": {}
}
[2025-04-11T18:30:33.228Z] [DEBUG] Checking authentication headers {
  "url": "/api/jobs",
  "headers": "Authorization header present"
}
[2025-04-11T18:30:33.229Z] [DEBUG] Token extracted from header {
  "url": "/api/jobs"
}
[2025-04-11T18:30:33.239Z] [DEBUG] Token verified successfully {
  "userId": "67f922e34e81393cc5253968"
}
[2025-04-11T18:30:33.295Z] [DEBUG] User attached to request {
  "userId": "67f922e34e81393cc5253968",
  "route": "/api/jobs"
}
[2025-04-11T18:30:33.341Z] [INFO] GET /api/jobs 304 - 116ms {
  "method": "GET",
  "url": "/api/jobs",
  "status": 304,
  "duration": 116,
  "ip": "::1",
  "userAgent": "Mozilla/5.0 (Macintosh; Intel Mac OS X 10_15_7) AppleWebKit/537.36 (KHTML, like Gecko) Chrome/134.0.0.0 Safari/537.36",
  "userId": "67f922e34e81393cc5253968"
}
[2025-04-11T18:31:13.175Z] [DEBUG] [testing] Incoming request: GET /api/jobs {
  "headers": {
    "host": "localhost:3000",
    "connection": "keep-alive",
    "sec-ch-ua-platform": "\"macOS\"",
    "authorization": "Bearer eyJhbGciOiJIUzI1NiIsInR5cCI6IkpXVCJ9.eyJ1c2VySWQiOiI2N2Y5MjJlMzRlODEzOTNjYzUyNTM5NjgiLCJpYXQiOjE3NDQzOTM3MzUsImV4cCI6MTc0Njk4NTczNX0.db-uxCDrqc2Wbn9bzbH1ijCV3n1fCai0zks3AEG-NBA",
    "user-agent": "Mozilla/5.0 (Macintosh; Intel Mac OS X 10_15_7) AppleWebKit/537.36 (KHTML, like Gecko) Chrome/134.0.0.0 Safari/537.36",
    "sec-ch-ua": "\"Chromium\";v=\"134\", \"Not:A-Brand\";v=\"24\", \"Google Chrome\";v=\"134\"",
    "content-type": "application/json",
    "sec-ch-ua-mobile": "?0",
    "accept": "*/*",
    "origin": "http://localhost:5173",
    "sec-fetch-site": "same-site",
    "sec-fetch-mode": "cors",
    "sec-fetch-dest": "empty",
    "referer": "http://localhost:5173/",
    "accept-encoding": "gzip, deflate, br, zstd",
    "accept-language": "en-GB,en-US;q=0.9,en;q=0.8",
    "if-none-match": "W/\"21a-UBNw4VJmZsgTtecQMmbT//nLWSY\""
  },
  "query": {},
  "params": {}
}
[2025-04-11T18:31:13.176Z] [DEBUG] Checking authentication headers {
  "url": "/api/jobs",
  "headers": "Authorization header present"
}
[2025-04-11T18:31:13.176Z] [DEBUG] Token extracted from header {
  "url": "/api/jobs"
}
[2025-04-11T18:31:13.178Z] [DEBUG] Token verified successfully {
  "userId": "67f922e34e81393cc5253968"
}
[2025-04-11T18:31:13.231Z] [DEBUG] User attached to request {
  "userId": "67f922e34e81393cc5253968",
  "route": "/api/jobs"
}
[2025-04-11T18:31:13.274Z] [INFO] GET /api/jobs 304 - 99ms {
  "method": "GET",
  "url": "/api/jobs",
  "status": 304,
  "duration": 99,
  "ip": "::1",
  "userAgent": "Mozilla/5.0 (Macintosh; Intel Mac OS X 10_15_7) AppleWebKit/537.36 (KHTML, like Gecko) Chrome/134.0.0.0 Safari/537.36",
  "userId": "67f922e34e81393cc5253968"
}
[2025-04-11T18:31:13.276Z] [DEBUG] [testing] Incoming request: GET /api/jobs {
  "headers": {
    "host": "localhost:3000",
    "connection": "keep-alive",
    "sec-ch-ua-platform": "\"macOS\"",
    "authorization": "Bearer eyJhbGciOiJIUzI1NiIsInR5cCI6IkpXVCJ9.eyJ1c2VySWQiOiI2N2Y5MjJlMzRlODEzOTNjYzUyNTM5NjgiLCJpYXQiOjE3NDQzOTM3MzUsImV4cCI6MTc0Njk4NTczNX0.db-uxCDrqc2Wbn9bzbH1ijCV3n1fCai0zks3AEG-NBA",
    "user-agent": "Mozilla/5.0 (Macintosh; Intel Mac OS X 10_15_7) AppleWebKit/537.36 (KHTML, like Gecko) Chrome/134.0.0.0 Safari/537.36",
    "sec-ch-ua": "\"Chromium\";v=\"134\", \"Not:A-Brand\";v=\"24\", \"Google Chrome\";v=\"134\"",
    "content-type": "application/json",
    "sec-ch-ua-mobile": "?0",
    "accept": "*/*",
    "origin": "http://localhost:5173",
    "sec-fetch-site": "same-site",
    "sec-fetch-mode": "cors",
    "sec-fetch-dest": "empty",
    "referer": "http://localhost:5173/",
    "accept-encoding": "gzip, deflate, br, zstd",
    "accept-language": "en-GB,en-US;q=0.9,en;q=0.8",
    "if-none-match": "W/\"21a-UBNw4VJmZsgTtecQMmbT//nLWSY\""
  },
  "query": {},
  "params": {}
}
[2025-04-11T18:31:13.277Z] [DEBUG] Checking authentication headers {
  "url": "/api/jobs",
  "headers": "Authorization header present"
}
[2025-04-11T18:31:13.277Z] [DEBUG] Token extracted from header {
  "url": "/api/jobs"
}
[2025-04-11T18:31:13.278Z] [DEBUG] Token verified successfully {
  "userId": "67f922e34e81393cc5253968"
}
[2025-04-11T18:31:13.323Z] [DEBUG] User attached to request {
  "userId": "67f922e34e81393cc5253968",
  "route": "/api/jobs"
}
[2025-04-11T18:31:13.367Z] [INFO] GET /api/jobs 304 - 91ms {
  "method": "GET",
  "url": "/api/jobs",
  "status": 304,
  "duration": 91,
  "ip": "::1",
  "userAgent": "Mozilla/5.0 (Macintosh; Intel Mac OS X 10_15_7) AppleWebKit/537.36 (KHTML, like Gecko) Chrome/134.0.0.0 Safari/537.36",
  "userId": "67f922e34e81393cc5253968"
}
[2025-04-11T18:32:19.731Z] [DEBUG] [testing] Incoming request: POST /api/jobs {
  "headers": {
    "host": "localhost:3000",
    "connection": "keep-alive",
    "content-length": "232",
    "sec-ch-ua-platform": "\"macOS\"",
    "authorization": "Bearer eyJhbGciOiJIUzI1NiIsInR5cCI6IkpXVCJ9.eyJ1c2VySWQiOiI2N2Y5MjJlMzRlODEzOTNjYzUyNTM5NjgiLCJpYXQiOjE3NDQzOTM3MzUsImV4cCI6MTc0Njk4NTczNX0.db-uxCDrqc2Wbn9bzbH1ijCV3n1fCai0zks3AEG-NBA",
    "user-agent": "Mozilla/5.0 (Macintosh; Intel Mac OS X 10_15_7) AppleWebKit/537.36 (KHTML, like Gecko) Chrome/134.0.0.0 Safari/537.36",
    "sec-ch-ua": "\"Chromium\";v=\"134\", \"Not:A-Brand\";v=\"24\", \"Google Chrome\";v=\"134\"",
    "content-type": "application/json",
    "sec-ch-ua-mobile": "?0",
    "accept": "*/*",
    "origin": "http://localhost:5173",
    "sec-fetch-site": "same-site",
    "sec-fetch-mode": "cors",
    "sec-fetch-dest": "empty",
    "referer": "http://localhost:5173/",
    "accept-encoding": "gzip, deflate, br, zstd",
    "accept-language": "en-GB,en-US;q=0.9,en;q=0.8"
  },
  "body": {
    "position": "SDE",
    "company": "google",
    "jobLocation": "hyderabad",
    "status": "interview",
    "jobType": "full-time",
    "dateOfApplication": "2026-12-12",
    "link": "https://www.google.com/about/careers/applications/jobs/results#!t=jo&jid=127025001&"
  },
  "query": {},
  "params": {}
}
[2025-04-11T18:32:19.731Z] [DEBUG] Checking authentication headers {
  "url": "/api/jobs",
  "headers": "Authorization header present"
}
[2025-04-11T18:32:19.731Z] [DEBUG] [testing] Request body {
  "url": "/api/jobs",
  "method": "POST",
  "body": {
    "position": "SDE",
    "company": "google",
    "jobLocation": "hyderabad",
    "status": "interview",
    "jobType": "full-time",
    "dateOfApplication": "2026-12-12",
    "link": "https://www.google.com/about/careers/applications/jobs/results#!t=jo&jid=127025001&"
  }
}
[2025-04-11T18:32:19.732Z] [DEBUG] Token extracted from header {
  "url": "/api/jobs"
}
[2025-04-11T18:32:19.732Z] [DEBUG] Token verified successfully {
  "userId": "67f922e34e81393cc5253968"
}
[2025-04-11T18:32:19.775Z] [DEBUG] User attached to request {
  "userId": "67f922e34e81393cc5253968",
  "route": "/api/jobs"
}
[2025-04-11T18:32:19.840Z] [INFO] POST /api/jobs 201 - 109ms {
  "method": "POST",
  "url": "/api/jobs",
  "status": 201,
  "duration": 109,
  "ip": "::1",
  "userAgent": "Mozilla/5.0 (Macintosh; Intel Mac OS X 10_15_7) AppleWebKit/537.36 (KHTML, like Gecko) Chrome/134.0.0.0 Safari/537.36",
  "userId": "67f922e34e81393cc5253968"
}
[2025-04-11T18:32:19.849Z] [DEBUG] [testing] Incoming request: GET /api/jobs {
  "headers": {
    "host": "localhost:3000",
    "connection": "keep-alive",
    "sec-ch-ua-platform": "\"macOS\"",
    "authorization": "Bearer eyJhbGciOiJIUzI1NiIsInR5cCI6IkpXVCJ9.eyJ1c2VySWQiOiI2N2Y5MjJlMzRlODEzOTNjYzUyNTM5NjgiLCJpYXQiOjE3NDQzOTM3MzUsImV4cCI6MTc0Njk4NTczNX0.db-uxCDrqc2Wbn9bzbH1ijCV3n1fCai0zks3AEG-NBA",
    "user-agent": "Mozilla/5.0 (Macintosh; Intel Mac OS X 10_15_7) AppleWebKit/537.36 (KHTML, like Gecko) Chrome/134.0.0.0 Safari/537.36",
    "sec-ch-ua": "\"Chromium\";v=\"134\", \"Not:A-Brand\";v=\"24\", \"Google Chrome\";v=\"134\"",
    "content-type": "application/json",
    "sec-ch-ua-mobile": "?0",
    "accept": "*/*",
    "origin": "http://localhost:5173",
    "sec-fetch-site": "same-site",
    "sec-fetch-mode": "cors",
    "sec-fetch-dest": "empty",
    "referer": "http://localhost:5173/",
    "accept-encoding": "gzip, deflate, br, zstd",
    "accept-language": "en-GB,en-US;q=0.9,en;q=0.8"
  },
  "query": {},
  "params": {}
}
[2025-04-11T18:32:19.849Z] [DEBUG] Checking authentication headers {
  "url": "/api/jobs",
  "headers": "Authorization header present"
}
[2025-04-11T18:32:19.849Z] [DEBUG] Token extracted from header {
  "url": "/api/jobs"
}
[2025-04-11T18:32:19.851Z] [DEBUG] Token verified successfully {
  "userId": "67f922e34e81393cc5253968"
}
[2025-04-11T18:32:19.894Z] [DEBUG] User attached to request {
  "userId": "67f922e34e81393cc5253968",
  "route": "/api/jobs"
}
[2025-04-11T18:32:19.939Z] [INFO] GET /api/jobs 200 - 90ms {
  "method": "GET",
  "url": "/api/jobs",
  "status": 200,
  "duration": 90,
  "ip": "::1",
  "userAgent": "Mozilla/5.0 (Macintosh; Intel Mac OS X 10_15_7) AppleWebKit/537.36 (KHTML, like Gecko) Chrome/134.0.0.0 Safari/537.36",
  "userId": "67f922e34e81393cc5253968"
}
[2025-04-11T18:32:19.940Z] [DEBUG] [testing] Incoming request: GET /api/jobs {
  "headers": {
    "host": "localhost:3000",
    "connection": "keep-alive",
    "sec-ch-ua-platform": "\"macOS\"",
    "authorization": "Bearer eyJhbGciOiJIUzI1NiIsInR5cCI6IkpXVCJ9.eyJ1c2VySWQiOiI2N2Y5MjJlMzRlODEzOTNjYzUyNTM5NjgiLCJpYXQiOjE3NDQzOTM3MzUsImV4cCI6MTc0Njk4NTczNX0.db-uxCDrqc2Wbn9bzbH1ijCV3n1fCai0zks3AEG-NBA",
    "user-agent": "Mozilla/5.0 (Macintosh; Intel Mac OS X 10_15_7) AppleWebKit/537.36 (KHTML, like Gecko) Chrome/134.0.0.0 Safari/537.36",
    "sec-ch-ua": "\"Chromium\";v=\"134\", \"Not:A-Brand\";v=\"24\", \"Google Chrome\";v=\"134\"",
    "content-type": "application/json",
    "sec-ch-ua-mobile": "?0",
    "accept": "*/*",
    "origin": "http://localhost:5173",
    "sec-fetch-site": "same-site",
    "sec-fetch-mode": "cors",
    "sec-fetch-dest": "empty",
    "referer": "http://localhost:5173/",
    "accept-encoding": "gzip, deflate, br, zstd",
    "accept-language": "en-GB,en-US;q=0.9,en;q=0.8",
    "if-none-match": "W/\"3af-n1/xJEoHVR3j+rXeMAUTPjVuulg\""
  },
  "query": {},
  "params": {}
}
[2025-04-11T18:32:19.940Z] [DEBUG] Checking authentication headers {
  "url": "/api/jobs",
  "headers": "Authorization header present"
}
[2025-04-11T18:32:19.940Z] [DEBUG] Token extracted from header {
  "url": "/api/jobs"
}
[2025-04-11T18:32:19.941Z] [DEBUG] Token verified successfully {
  "userId": "67f922e34e81393cc5253968"
}
[2025-04-11T18:32:19.988Z] [DEBUG] User attached to request {
  "userId": "67f922e34e81393cc5253968",
  "route": "/api/jobs"
}
[2025-04-11T18:32:20.031Z] [INFO] GET /api/jobs 304 - 92ms {
  "method": "GET",
  "url": "/api/jobs",
  "status": 304,
  "duration": 92,
  "ip": "::1",
  "userAgent": "Mozilla/5.0 (Macintosh; Intel Mac OS X 10_15_7) AppleWebKit/537.36 (KHTML, like Gecko) Chrome/134.0.0.0 Safari/537.36",
  "userId": "67f922e34e81393cc5253968"
}
[2025-04-11T18:32:28.874Z] [DEBUG] [testing] Request body {
  "url": "/api/jobs/67f9603375e0453dec95ef8b",
  "method": "PUT",
  "body": {
    "status": "pending"
  }
}
[2025-04-11T18:32:28.876Z] [DEBUG] Token verified successfully {
  "userId": "67f922e34e81393cc5253968"
}
[2025-04-11T18:32:28.874Z] [DEBUG] Checking authentication headers {
  "url": "/api/jobs/67f9603375e0453dec95ef8b",
  "headers": "Authorization header present"
}
[2025-04-11T18:32:28.874Z] [DEBUG] Token extracted from header {
  "url": "/api/jobs/67f9603375e0453dec95ef8b"
}
[2025-04-11T18:32:28.874Z] [DEBUG] [testing] Incoming request: PUT /api/jobs/67f9603375e0453dec95ef8b {
  "headers": {
    "host": "localhost:3000",
    "connection": "keep-alive",
    "content-length": "20",
    "sec-ch-ua-platform": "\"macOS\"",
    "authorization": "Bearer eyJhbGciOiJIUzI1NiIsInR5cCI6IkpXVCJ9.eyJ1c2VySWQiOiI2N2Y5MjJlMzRlODEzOTNjYzUyNTM5NjgiLCJpYXQiOjE3NDQzOTM3MzUsImV4cCI6MTc0Njk4NTczNX0.db-uxCDrqc2Wbn9bzbH1ijCV3n1fCai0zks3AEG-NBA",
    "user-agent": "Mozilla/5.0 (Macintosh; Intel Mac OS X 10_15_7) AppleWebKit/537.36 (KHTML, like Gecko) Chrome/134.0.0.0 Safari/537.36",
    "sec-ch-ua": "\"Chromium\";v=\"134\", \"Not:A-Brand\";v=\"24\", \"Google Chrome\";v=\"134\"",
    "content-type": "application/json",
    "sec-ch-ua-mobile": "?0",
    "accept": "*/*",
    "origin": "http://localhost:5173",
    "sec-fetch-site": "same-site",
    "sec-fetch-mode": "cors",
    "sec-fetch-dest": "empty",
    "referer": "http://localhost:5173/",
    "accept-encoding": "gzip, deflate, br, zstd",
    "accept-language": "en-GB,en-US;q=0.9,en;q=0.8"
  },
  "body": {
    "status": "pending"
  },
  "query": {},
  "params": {}
}
[2025-04-11T18:32:28.921Z] [DEBUG] User attached to request {
  "userId": "67f922e34e81393cc5253968",
  "route": "/api/jobs/67f9603375e0453dec95ef8b"
}
[2025-04-11T18:32:29.017Z] [INFO] PUT /api/jobs/67f9603375e0453dec95ef8b 200 - 145ms {
  "method": "PUT",
  "url": "/api/jobs/67f9603375e0453dec95ef8b",
  "status": 200,
  "duration": 145,
  "ip": "::1",
  "userAgent": "Mozilla/5.0 (Macintosh; Intel Mac OS X 10_15_7) AppleWebKit/537.36 (KHTML, like Gecko) Chrome/134.0.0.0 Safari/537.36",
  "userId": "67f922e34e81393cc5253968"
}
[2025-04-11T18:38:32.728Z] [DEBUG] [testing] Incoming request: GET /api/jobs {
  "headers": {
    "host": "localhost:3000",
    "connection": "keep-alive",
    "sec-ch-ua-platform": "\"macOS\"",
    "authorization": "Bearer eyJhbGciOiJIUzI1NiIsInR5cCI6IkpXVCJ9.eyJ1c2VySWQiOiI2N2Y5MjJlMzRlODEzOTNjYzUyNTM5NjgiLCJpYXQiOjE3NDQzOTM3MzUsImV4cCI6MTc0Njk4NTczNX0.db-uxCDrqc2Wbn9bzbH1ijCV3n1fCai0zks3AEG-NBA",
    "user-agent": "Mozilla/5.0 (Macintosh; Intel Mac OS X 10_15_7) AppleWebKit/537.36 (KHTML, like Gecko) Chrome/134.0.0.0 Safari/537.36",
    "sec-ch-ua": "\"Chromium\";v=\"134\", \"Not:A-Brand\";v=\"24\", \"Google Chrome\";v=\"134\"",
    "content-type": "application/json",
    "sec-ch-ua-mobile": "?0",
    "accept": "*/*",
    "origin": "http://localhost:5173",
    "sec-fetch-site": "same-site",
    "sec-fetch-mode": "cors",
    "sec-fetch-dest": "empty",
    "referer": "http://localhost:5173/",
    "accept-encoding": "gzip, deflate, br, zstd",
    "accept-language": "en-GB,en-US;q=0.9,en;q=0.8",
    "if-none-match": "W/\"3af-n1/xJEoHVR3j+rXeMAUTPjVuulg\""
  },
  "query": {},
  "params": {}
}
[2025-04-11T18:38:32.743Z] [DEBUG] Checking authentication headers {
  "url": "/api/jobs",
  "headers": "Authorization header present"
}
[2025-04-11T18:38:32.743Z] [DEBUG] Token extracted from header {
  "url": "/api/jobs"
}
[2025-04-11T18:38:32.746Z] [DEBUG] Token verified successfully {
  "userId": "67f922e34e81393cc5253968"
}
[2025-04-11T18:38:32.799Z] [DEBUG] User attached to request {
  "userId": "67f922e34e81393cc5253968",
  "route": "/api/jobs"
}
[2025-04-11T18:38:32.845Z] [INFO] GET /api/jobs 200 - 118ms {
  "method": "GET",
  "url": "/api/jobs",
  "status": 200,
  "duration": 118,
  "ip": "::1",
  "userAgent": "Mozilla/5.0 (Macintosh; Intel Mac OS X 10_15_7) AppleWebKit/537.36 (KHTML, like Gecko) Chrome/134.0.0.0 Safari/537.36",
  "userId": "67f922e34e81393cc5253968"
}
[2025-04-11T18:38:32.848Z] [DEBUG] [testing] Incoming request: GET /api/jobs {
  "headers": {
    "host": "localhost:3000",
    "connection": "keep-alive",
    "sec-ch-ua-platform": "\"macOS\"",
    "authorization": "Bearer eyJhbGciOiJIUzI1NiIsInR5cCI6IkpXVCJ9.eyJ1c2VySWQiOiI2N2Y5MjJlMzRlODEzOTNjYzUyNTM5NjgiLCJpYXQiOjE3NDQzOTM3MzUsImV4cCI6MTc0Njk4NTczNX0.db-uxCDrqc2Wbn9bzbH1ijCV3n1fCai0zks3AEG-NBA",
    "user-agent": "Mozilla/5.0 (Macintosh; Intel Mac OS X 10_15_7) AppleWebKit/537.36 (KHTML, like Gecko) Chrome/134.0.0.0 Safari/537.36",
    "sec-ch-ua": "\"Chromium\";v=\"134\", \"Not:A-Brand\";v=\"24\", \"Google Chrome\";v=\"134\"",
    "content-type": "application/json",
    "sec-ch-ua-mobile": "?0",
    "accept": "*/*",
    "origin": "http://localhost:5173",
    "sec-fetch-site": "same-site",
    "sec-fetch-mode": "cors",
    "sec-fetch-dest": "empty",
    "referer": "http://localhost:5173/",
    "accept-encoding": "gzip, deflate, br, zstd",
    "accept-language": "en-GB,en-US;q=0.9,en;q=0.8",
    "if-none-match": "W/\"3ad-0F+uLvjbBKuqKIrfLbFxmAKUTgw\""
  },
  "query": {},
  "params": {}
}
[2025-04-11T18:38:32.848Z] [DEBUG] Checking authentication headers {
  "url": "/api/jobs",
  "headers": "Authorization header present"
}
[2025-04-11T18:38:32.848Z] [DEBUG] Token extracted from header {
  "url": "/api/jobs"
}
[2025-04-11T18:38:32.850Z] [DEBUG] Token verified successfully {
  "userId": "67f922e34e81393cc5253968"
}
[2025-04-11T18:38:32.894Z] [DEBUG] User attached to request {
  "userId": "67f922e34e81393cc5253968",
  "route": "/api/jobs"
}
[2025-04-11T18:38:32.937Z] [INFO] GET /api/jobs 304 - 89ms {
  "method": "GET",
  "url": "/api/jobs",
  "status": 304,
  "duration": 89,
  "ip": "::1",
  "userAgent": "Mozilla/5.0 (Macintosh; Intel Mac OS X 10_15_7) AppleWebKit/537.36 (KHTML, like Gecko) Chrome/134.0.0.0 Safari/537.36",
  "userId": "67f922e34e81393cc5253968"
}
[2025-04-11T18:48:12.756Z] [DEBUG] [testing] Incoming request: POST /api/auth/login {
  "headers": {
    "host": "localhost:3000",
    "connection": "keep-alive",
    "content-length": "65",
    "sec-ch-ua-platform": "\"macOS\"",
    "user-agent": "Mozilla/5.0 (Macintosh; Intel Mac OS X 10_15_7) AppleWebKit/537.36 (KHTML, like Gecko) Chrome/134.0.0.0 Safari/537.36",
    "sec-ch-ua": "\"Chromium\";v=\"134\", \"Not:A-Brand\";v=\"24\", \"Google Chrome\";v=\"134\"",
    "content-type": "application/json",
    "sec-ch-ua-mobile": "?0",
    "accept": "*/*",
    "origin": "http://localhost:5173",
    "sec-fetch-site": "same-site",
    "sec-fetch-mode": "cors",
    "sec-fetch-dest": "empty",
    "referer": "http://localhost:5173/",
    "accept-encoding": "gzip, deflate, br, zstd",
    "accept-language": "en-GB,en-US;q=0.9,en;q=0.8"
  },
  "body": {
    "email": "bailwalsiddharth@gmail.com",
    "password": "siddharth1382"
  },
  "query": {},
  "params": {}
}
[2025-04-11T18:48:12.757Z] [DEBUG] [testing] Request body {
  "url": "/api/auth/login",
  "method": "POST",
  "body": {
    "email": "bailwalsiddharth@gmail.com",
    "password": "siddharth1382"
  }
}
[2025-04-11T18:48:12.759Z] [DEBUG] Login request received {
  "body": {
    "email": "bailwalsiddharth@gmail.com",
    "password": "[REDACTED]"
  }
}
[2025-04-11T18:48:12.891Z] [INFO] User logged in successfully {
  "userId": "67f922e34e81393cc5253968"
}
[2025-04-11T18:48:12.892Z] [INFO] POST /api/auth/login 200 - 141ms {
  "method": "POST",
  "url": "/api/auth/login",
  "status": 200,
  "duration": 141,
  "ip": "::1",
  "userAgent": "Mozilla/5.0 (Macintosh; Intel Mac OS X 10_15_7) AppleWebKit/537.36 (KHTML, like Gecko) Chrome/134.0.0.0 Safari/537.36"
}
[2025-04-11T18:48:12.906Z] [DEBUG] [testing] Incoming request: GET /api/jobs {
  "headers": {
    "host": "localhost:3000",
    "connection": "keep-alive",
    "sec-ch-ua-platform": "\"macOS\"",
    "authorization": "Bearer eyJhbGciOiJIUzI1NiIsInR5cCI6IkpXVCJ9.eyJ1c2VySWQiOiI2N2Y5MjJlMzRlODEzOTNjYzUyNTM5NjgiLCJpYXQiOjE3NDQzOTcyOTIsImV4cCI6MTc0Njk4OTI5Mn0.HlmLMBAMhEnACXVcWXnSAUnkwJWQtnSc-tL93oy1Q6E",
    "user-agent": "Mozilla/5.0 (Macintosh; Intel Mac OS X 10_15_7) AppleWebKit/537.36 (KHTML, like Gecko) Chrome/134.0.0.0 Safari/537.36",
    "sec-ch-ua": "\"Chromium\";v=\"134\", \"Not:A-Brand\";v=\"24\", \"Google Chrome\";v=\"134\"",
    "content-type": "application/json",
    "sec-ch-ua-mobile": "?0",
    "accept": "*/*",
    "origin": "http://localhost:5173",
    "sec-fetch-site": "same-site",
    "sec-fetch-mode": "cors",
    "sec-fetch-dest": "empty",
    "referer": "http://localhost:5173/",
    "accept-encoding": "gzip, deflate, br, zstd",
    "accept-language": "en-GB,en-US;q=0.9,en;q=0.8",
    "if-none-match": "W/\"3ad-0F+uLvjbBKuqKIrfLbFxmAKUTgw\""
  },
  "query": {},
  "params": {}
}
[2025-04-11T18:48:12.906Z] [DEBUG] Token extracted from header {
  "url": "/api/jobs"
}
[2025-04-11T18:48:12.908Z] [DEBUG] Token verified successfully {
  "userId": "67f922e34e81393cc5253968"
}
[2025-04-11T18:48:12.906Z] [DEBUG] Checking authentication headers {
  "url": "/api/jobs",
  "headers": "Authorization header present"
}
[2025-04-11T18:48:12.967Z] [DEBUG] User attached to request {
  "userId": "67f922e34e81393cc5253968",
  "route": "/api/jobs"
}
[2025-04-11T18:48:13.014Z] [INFO] GET /api/jobs 304 - 109ms {
  "method": "GET",
  "url": "/api/jobs",
  "status": 304,
  "duration": 109,
  "ip": "::1",
  "userAgent": "Mozilla/5.0 (Macintosh; Intel Mac OS X 10_15_7) AppleWebKit/537.36 (KHTML, like Gecko) Chrome/134.0.0.0 Safari/537.36",
  "userId": "67f922e34e81393cc5253968"
}
[2025-04-11T18:48:13.015Z] [DEBUG] [testing] Incoming request: GET /api/jobs {
  "headers": {
    "host": "localhost:3000",
    "connection": "keep-alive",
    "sec-ch-ua-platform": "\"macOS\"",
    "authorization": "Bearer eyJhbGciOiJIUzI1NiIsInR5cCI6IkpXVCJ9.eyJ1c2VySWQiOiI2N2Y5MjJlMzRlODEzOTNjYzUyNTM5NjgiLCJpYXQiOjE3NDQzOTcyOTIsImV4cCI6MTc0Njk4OTI5Mn0.HlmLMBAMhEnACXVcWXnSAUnkwJWQtnSc-tL93oy1Q6E",
    "user-agent": "Mozilla/5.0 (Macintosh; Intel Mac OS X 10_15_7) AppleWebKit/537.36 (KHTML, like Gecko) Chrome/134.0.0.0 Safari/537.36",
    "sec-ch-ua": "\"Chromium\";v=\"134\", \"Not:A-Brand\";v=\"24\", \"Google Chrome\";v=\"134\"",
    "content-type": "application/json",
    "sec-ch-ua-mobile": "?0",
    "accept": "*/*",
    "origin": "http://localhost:5173",
    "sec-fetch-site": "same-site",
    "sec-fetch-mode": "cors",
    "sec-fetch-dest": "empty",
    "referer": "http://localhost:5173/",
    "accept-encoding": "gzip, deflate, br, zstd",
    "accept-language": "en-GB,en-US;q=0.9,en;q=0.8",
    "if-none-match": "W/\"3ad-0F+uLvjbBKuqKIrfLbFxmAKUTgw\""
  },
  "query": {},
  "params": {}
}
[2025-04-11T18:48:13.015Z] [DEBUG] Token verified successfully {
  "userId": "67f922e34e81393cc5253968"
}
[2025-04-11T18:48:13.015Z] [DEBUG] Checking authentication headers {
  "url": "/api/jobs",
  "headers": "Authorization header present"
}
[2025-04-11T18:48:13.015Z] [DEBUG] Token extracted from header {
  "url": "/api/jobs"
}
[2025-04-11T18:48:13.059Z] [DEBUG] User attached to request {
  "userId": "67f922e34e81393cc5253968",
  "route": "/api/jobs"
}
[2025-04-11T18:48:13.103Z] [INFO] GET /api/jobs 304 - 88ms {
  "method": "GET",
  "url": "/api/jobs",
  "status": 304,
  "duration": 88,
  "ip": "::1",
  "userAgent": "Mozilla/5.0 (Macintosh; Intel Mac OS X 10_15_7) AppleWebKit/537.36 (KHTML, like Gecko) Chrome/134.0.0.0 Safari/537.36",
  "userId": "67f922e34e81393cc5253968"
}
[2025-04-11T18:49:33.713Z] [DEBUG] Checking authentication headers {
  "url": "/api/jobs",
  "headers": "Authorization header present"
}
[2025-04-11T18:49:33.712Z] [DEBUG] [testing] Incoming request: POST /api/jobs {
  "headers": {
    "host": "localhost:3000",
    "connection": "keep-alive",
    "content-length": "230",
    "sec-ch-ua-platform": "\"macOS\"",
    "authorization": "Bearer eyJhbGciOiJIUzI1NiIsInR5cCI6IkpXVCJ9.eyJ1c2VySWQiOiI2N2Y5MjJlMzRlODEzOTNjYzUyNTM5NjgiLCJpYXQiOjE3NDQzOTcyOTIsImV4cCI6MTc0Njk4OTI5Mn0.HlmLMBAMhEnACXVcWXnSAUnkwJWQtnSc-tL93oy1Q6E",
    "user-agent": "Mozilla/5.0 (Macintosh; Intel Mac OS X 10_15_7) AppleWebKit/537.36 (KHTML, like Gecko) Chrome/134.0.0.0 Safari/537.36",
    "sec-ch-ua": "\"Chromium\";v=\"134\", \"Not:A-Brand\";v=\"24\", \"Google Chrome\";v=\"134\"",
    "content-type": "application/json",
    "sec-ch-ua-mobile": "?0",
    "accept": "*/*",
    "origin": "http://localhost:5173",
    "sec-fetch-site": "same-site",
    "sec-fetch-mode": "cors",
    "sec-fetch-dest": "empty",
    "referer": "http://localhost:5173/",
    "accept-encoding": "gzip, deflate, br, zstd",
    "accept-language": "en-GB,en-US;q=0.9,en;q=0.8"
  },
  "body": {
    "position": "SDE",
    "company": "microsoft",
    "jobLocation": "Remote",
    "status": "pending",
    "jobType": "full-time",
    "dateOfApplication": "2026-02-12",
    "link": "https://www.google.com/about/careers/applications/jobs/results#!t=jo&jid=127025001&"
  },
  "query": {},
  "params": {}
}
[2025-04-11T18:49:33.713Z] [DEBUG] Token extracted from header {
  "url": "/api/jobs"
}
[2025-04-11T18:49:33.712Z] [DEBUG] [testing] Request body {
  "url": "/api/jobs",
  "method": "POST",
  "body": {
    "position": "SDE",
    "company": "microsoft",
    "jobLocation": "Remote",
    "status": "pending",
    "jobType": "full-time",
    "dateOfApplication": "2026-02-12",
    "link": "https://www.google.com/about/careers/applications/jobs/results#!t=jo&jid=127025001&"
  }
}
[2025-04-11T18:49:33.716Z] [DEBUG] Token verified successfully {
  "userId": "67f922e34e81393cc5253968"
}
[2025-04-11T18:49:33.771Z] [DEBUG] User attached to request {
  "userId": "67f922e34e81393cc5253968",
  "route": "/api/jobs"
}
[2025-04-11T18:49:33.832Z] [INFO] POST /api/jobs 201 - 121ms {
  "method": "POST",
  "url": "/api/jobs",
  "status": 201,
  "duration": 121,
  "ip": "::1",
  "userAgent": "Mozilla/5.0 (Macintosh; Intel Mac OS X 10_15_7) AppleWebKit/537.36 (KHTML, like Gecko) Chrome/134.0.0.0 Safari/537.36",
  "userId": "67f922e34e81393cc5253968"
}
[2025-04-11T18:49:33.855Z] [DEBUG] [testing] Incoming request: GET /api/jobs {
  "headers": {
    "host": "localhost:3000",
    "connection": "keep-alive",
    "sec-ch-ua-platform": "\"macOS\"",
    "authorization": "Bearer eyJhbGciOiJIUzI1NiIsInR5cCI6IkpXVCJ9.eyJ1c2VySWQiOiI2N2Y5MjJlMzRlODEzOTNjYzUyNTM5NjgiLCJpYXQiOjE3NDQzOTcyOTIsImV4cCI6MTc0Njk4OTI5Mn0.HlmLMBAMhEnACXVcWXnSAUnkwJWQtnSc-tL93oy1Q6E",
    "user-agent": "Mozilla/5.0 (Macintosh; Intel Mac OS X 10_15_7) AppleWebKit/537.36 (KHTML, like Gecko) Chrome/134.0.0.0 Safari/537.36",
    "sec-ch-ua": "\"Chromium\";v=\"134\", \"Not:A-Brand\";v=\"24\", \"Google Chrome\";v=\"134\"",
    "content-type": "application/json",
    "sec-ch-ua-mobile": "?0",
    "accept": "*/*",
    "origin": "http://localhost:5173",
    "sec-fetch-site": "same-site",
    "sec-fetch-mode": "cors",
    "sec-fetch-dest": "empty",
    "referer": "http://localhost:5173/",
    "accept-encoding": "gzip, deflate, br, zstd",
    "accept-language": "en-GB,en-US;q=0.9,en;q=0.8"
  },
  "query": {},
  "params": {}
}
[2025-04-11T18:49:33.855Z] [DEBUG] Checking authentication headers {
  "url": "/api/jobs",
  "headers": "Authorization header present"
}
[2025-04-11T18:49:33.855Z] [DEBUG] Token extracted from header {
  "url": "/api/jobs"
}
[2025-04-11T18:49:33.856Z] [DEBUG] Token verified successfully {
  "userId": "67f922e34e81393cc5253968"
}
[2025-04-11T18:49:33.900Z] [DEBUG] User attached to request {
  "userId": "67f922e34e81393cc5253968",
  "route": "/api/jobs"
}
[2025-04-11T18:49:33.945Z] [INFO] GET /api/jobs 200 - 90ms {
  "method": "GET",
  "url": "/api/jobs",
  "status": 200,
  "duration": 90,
  "ip": "::1",
  "userAgent": "Mozilla/5.0 (Macintosh; Intel Mac OS X 10_15_7) AppleWebKit/537.36 (KHTML, like Gecko) Chrome/134.0.0.0 Safari/537.36",
  "userId": "67f922e34e81393cc5253968"
}
[2025-04-11T18:49:33.947Z] [DEBUG] [testing] Incoming request: GET /api/jobs {
  "headers": {
    "host": "localhost:3000",
    "connection": "keep-alive",
    "sec-ch-ua-platform": "\"macOS\"",
    "authorization": "Bearer eyJhbGciOiJIUzI1NiIsInR5cCI6IkpXVCJ9.eyJ1c2VySWQiOiI2N2Y5MjJlMzRlODEzOTNjYzUyNTM5NjgiLCJpYXQiOjE3NDQzOTcyOTIsImV4cCI6MTc0Njk4OTI5Mn0.HlmLMBAMhEnACXVcWXnSAUnkwJWQtnSc-tL93oy1Q6E",
    "user-agent": "Mozilla/5.0 (Macintosh; Intel Mac OS X 10_15_7) AppleWebKit/537.36 (KHTML, like Gecko) Chrome/134.0.0.0 Safari/537.36",
    "sec-ch-ua": "\"Chromium\";v=\"134\", \"Not:A-Brand\";v=\"24\", \"Google Chrome\";v=\"134\"",
    "content-type": "application/json",
    "sec-ch-ua-mobile": "?0",
    "accept": "*/*",
    "origin": "http://localhost:5173",
    "sec-fetch-site": "same-site",
    "sec-fetch-mode": "cors",
    "sec-fetch-dest": "empty",
    "referer": "http://localhost:5173/",
    "accept-encoding": "gzip, deflate, br, zstd",
    "accept-language": "en-GB,en-US;q=0.9,en;q=0.8",
    "if-none-match": "W/\"540-6llgH4sXRPTyX0ckixi2PmP/tNo\""
  },
  "query": {},
  "params": {}
}
[2025-04-11T18:49:33.947Z] [DEBUG] Checking authentication headers {
  "url": "/api/jobs",
  "headers": "Authorization header present"
}
[2025-04-11T18:49:33.947Z] [DEBUG] Token extracted from header {
  "url": "/api/jobs"
}
[2025-04-11T18:49:33.949Z] [DEBUG] Token verified successfully {
  "userId": "67f922e34e81393cc5253968"
}
[2025-04-11T18:49:33.993Z] [DEBUG] User attached to request {
  "userId": "67f922e34e81393cc5253968",
  "route": "/api/jobs"
}
[2025-04-11T18:49:34.039Z] [INFO] GET /api/jobs 304 - 93ms {
  "method": "GET",
  "url": "/api/jobs",
  "status": 304,
  "duration": 93,
  "ip": "::1",
  "userAgent": "Mozilla/5.0 (Macintosh; Intel Mac OS X 10_15_7) AppleWebKit/537.36 (KHTML, like Gecko) Chrome/134.0.0.0 Safari/537.36",
  "userId": "67f922e34e81393cc5253968"
}
[2025-04-11T18:56:08.014Z] [DEBUG] [testing] Request body {
  "url": "/api/jobs",
  "method": "POST",
  "body": {
    "position": "backend Engineer",
    "company": "zomato",
    "jobLocation": "sydney",
    "status": "interview",
    "jobType": "full-time",
    "dateOfApplication": "2025-06-06",
    "link": "https://www.zomato.com/careers"
  }
}
[2025-04-11T18:56:08.014Z] [DEBUG] Checking authentication headers {
  "url": "/api/jobs",
  "headers": "Authorization header present"
}
[2025-04-11T18:56:08.014Z] [DEBUG] [testing] Incoming request: POST /api/jobs {
  "headers": {
    "host": "localhost:3000",
    "connection": "keep-alive",
    "content-length": "189",
    "sec-ch-ua-platform": "\"macOS\"",
    "authorization": "Bearer eyJhbGciOiJIUzI1NiIsInR5cCI6IkpXVCJ9.eyJ1c2VySWQiOiI2N2Y5MjJlMzRlODEzOTNjYzUyNTM5NjgiLCJpYXQiOjE3NDQzOTcyOTIsImV4cCI6MTc0Njk4OTI5Mn0.HlmLMBAMhEnACXVcWXnSAUnkwJWQtnSc-tL93oy1Q6E",
    "user-agent": "Mozilla/5.0 (Macintosh; Intel Mac OS X 10_15_7) AppleWebKit/537.36 (KHTML, like Gecko) Chrome/134.0.0.0 Safari/537.36",
    "sec-ch-ua": "\"Chromium\";v=\"134\", \"Not:A-Brand\";v=\"24\", \"Google Chrome\";v=\"134\"",
    "content-type": "application/json",
    "sec-ch-ua-mobile": "?0",
    "accept": "*/*",
    "origin": "http://localhost:5173",
    "sec-fetch-site": "same-site",
    "sec-fetch-mode": "cors",
    "sec-fetch-dest": "empty",
    "referer": "http://localhost:5173/",
    "accept-encoding": "gzip, deflate, br, zstd",
    "accept-language": "en-GB,en-US;q=0.9,en;q=0.8"
  },
  "body": {
    "position": "backend Engineer",
    "company": "zomato",
    "jobLocation": "sydney",
    "status": "interview",
    "jobType": "full-time",
    "dateOfApplication": "2025-06-06",
    "link": "https://www.zomato.com/careers"
  },
  "query": {},
  "params": {}
}
[2025-04-11T18:56:08.014Z] [DEBUG] Token extracted from header {
  "url": "/api/jobs"
}
[2025-04-11T18:56:08.022Z] [DEBUG] Token verified successfully {
  "userId": "67f922e34e81393cc5253968"
}
[2025-04-11T18:56:08.070Z] [DEBUG] User attached to request {
  "userId": "67f922e34e81393cc5253968",
  "route": "/api/jobs"
}
[2025-04-11T18:56:08.131Z] [INFO] POST /api/jobs 201 - 119ms {
  "method": "POST",
  "url": "/api/jobs",
  "status": 201,
  "duration": 119,
  "ip": "::1",
  "userAgent": "Mozilla/5.0 (Macintosh; Intel Mac OS X 10_15_7) AppleWebKit/537.36 (KHTML, like Gecko) Chrome/134.0.0.0 Safari/537.36",
  "userId": "67f922e34e81393cc5253968"
}
[2025-04-11T18:56:08.150Z] [DEBUG] [testing] Incoming request: GET /api/jobs {
  "headers": {
    "host": "localhost:3000",
    "connection": "keep-alive",
    "sec-ch-ua-platform": "\"macOS\"",
    "authorization": "Bearer eyJhbGciOiJIUzI1NiIsInR5cCI6IkpXVCJ9.eyJ1c2VySWQiOiI2N2Y5MjJlMzRlODEzOTNjYzUyNTM5NjgiLCJpYXQiOjE3NDQzOTcyOTIsImV4cCI6MTc0Njk4OTI5Mn0.HlmLMBAMhEnACXVcWXnSAUnkwJWQtnSc-tL93oy1Q6E",
    "user-agent": "Mozilla/5.0 (Macintosh; Intel Mac OS X 10_15_7) AppleWebKit/537.36 (KHTML, like Gecko) Chrome/134.0.0.0 Safari/537.36",
    "sec-ch-ua": "\"Chromium\";v=\"134\", \"Not:A-Brand\";v=\"24\", \"Google Chrome\";v=\"134\"",
    "content-type": "application/json",
    "sec-ch-ua-mobile": "?0",
    "accept": "*/*",
    "origin": "http://localhost:5173",
    "sec-fetch-site": "same-site",
    "sec-fetch-mode": "cors",
    "sec-fetch-dest": "empty",
    "referer": "http://localhost:5173/",
    "accept-encoding": "gzip, deflate, br, zstd",
    "accept-language": "en-GB,en-US;q=0.9,en;q=0.8"
  },
  "query": {},
  "params": {}
}
[2025-04-11T18:56:08.151Z] [DEBUG] Checking authentication headers {
  "url": "/api/jobs",
  "headers": "Authorization header present"
}
[2025-04-11T18:56:08.151Z] [DEBUG] Token extracted from header {
  "url": "/api/jobs"
}
[2025-04-11T18:56:08.152Z] [DEBUG] Token verified successfully {
  "userId": "67f922e34e81393cc5253968"
}
[2025-04-11T18:56:08.198Z] [DEBUG] User attached to request {
  "userId": "67f922e34e81393cc5253968",
  "route": "/api/jobs"
}
[2025-04-11T18:56:08.246Z] [INFO] GET /api/jobs 200 - 95ms {
  "method": "GET",
  "url": "/api/jobs",
  "status": 200,
  "duration": 95,
  "ip": "::1",
  "userAgent": "Mozilla/5.0 (Macintosh; Intel Mac OS X 10_15_7) AppleWebKit/537.36 (KHTML, like Gecko) Chrome/134.0.0.0 Safari/537.36",
  "userId": "67f922e34e81393cc5253968"
}
[2025-04-11T18:56:08.247Z] [DEBUG] [testing] Incoming request: GET /api/jobs {
  "headers": {
    "host": "localhost:3000",
    "connection": "keep-alive",
    "sec-ch-ua-platform": "\"macOS\"",
    "authorization": "Bearer eyJhbGciOiJIUzI1NiIsInR5cCI6IkpXVCJ9.eyJ1c2VySWQiOiI2N2Y5MjJlMzRlODEzOTNjYzUyNTM5NjgiLCJpYXQiOjE3NDQzOTcyOTIsImV4cCI6MTc0Njk4OTI5Mn0.HlmLMBAMhEnACXVcWXnSAUnkwJWQtnSc-tL93oy1Q6E",
    "user-agent": "Mozilla/5.0 (Macintosh; Intel Mac OS X 10_15_7) AppleWebKit/537.36 (KHTML, like Gecko) Chrome/134.0.0.0 Safari/537.36",
    "sec-ch-ua": "\"Chromium\";v=\"134\", \"Not:A-Brand\";v=\"24\", \"Google Chrome\";v=\"134\"",
    "content-type": "application/json",
    "sec-ch-ua-mobile": "?0",
    "accept": "*/*",
    "origin": "http://localhost:5173",
    "sec-fetch-site": "same-site",
    "sec-fetch-mode": "cors",
    "sec-fetch-dest": "empty",
    "referer": "http://localhost:5173/",
    "accept-encoding": "gzip, deflate, br, zstd",
    "accept-language": "en-GB,en-US;q=0.9,en;q=0.8",
    "if-none-match": "W/\"6aa-VYCROFIyFe5IhGVG/SGNVcHRml8\""
  },
  "query": {},
  "params": {}
}
[2025-04-11T18:56:08.248Z] [DEBUG] Token verified successfully {
  "userId": "67f922e34e81393cc5253968"
}
[2025-04-11T18:56:08.247Z] [DEBUG] Token extracted from header {
  "url": "/api/jobs"
}
[2025-04-11T18:56:08.247Z] [DEBUG] Checking authentication headers {
  "url": "/api/jobs",
  "headers": "Authorization header present"
}
[2025-04-11T18:56:08.294Z] [DEBUG] User attached to request {
  "userId": "67f922e34e81393cc5253968",
  "route": "/api/jobs"
}
[2025-04-11T18:56:08.342Z] [INFO] GET /api/jobs 304 - 95ms {
  "method": "GET",
  "url": "/api/jobs",
  "status": 304,
  "duration": 95,
  "ip": "::1",
  "userAgent": "Mozilla/5.0 (Macintosh; Intel Mac OS X 10_15_7) AppleWebKit/537.36 (KHTML, like Gecko) Chrome/134.0.0.0 Safari/537.36",
  "userId": "67f922e34e81393cc5253968"
}
[2025-04-11T18:56:30.071Z] [DEBUG] [testing] Incoming request: DELETE /api/jobs/67f9603375e0453dec95ef8b {
  "headers": {
    "host": "localhost:3000",
    "connection": "keep-alive",
    "sec-ch-ua-platform": "\"macOS\"",
    "authorization": "Bearer eyJhbGciOiJIUzI1NiIsInR5cCI6IkpXVCJ9.eyJ1c2VySWQiOiI2N2Y5MjJlMzRlODEzOTNjYzUyNTM5NjgiLCJpYXQiOjE3NDQzOTcyOTIsImV4cCI6MTc0Njk4OTI5Mn0.HlmLMBAMhEnACXVcWXnSAUnkwJWQtnSc-tL93oy1Q6E",
    "user-agent": "Mozilla/5.0 (Macintosh; Intel Mac OS X 10_15_7) AppleWebKit/537.36 (KHTML, like Gecko) Chrome/134.0.0.0 Safari/537.36",
    "sec-ch-ua": "\"Chromium\";v=\"134\", \"Not:A-Brand\";v=\"24\", \"Google Chrome\";v=\"134\"",
    "content-type": "application/json",
    "sec-ch-ua-mobile": "?0",
    "accept": "*/*",
    "origin": "http://localhost:5173",
    "sec-fetch-site": "same-site",
    "sec-fetch-mode": "cors",
    "sec-fetch-dest": "empty",
    "referer": "http://localhost:5173/",
    "accept-encoding": "gzip, deflate, br, zstd",
    "accept-language": "en-GB,en-US;q=0.9,en;q=0.8"
  },
  "query": {},
  "params": {}
}
[2025-04-11T18:56:30.072Z] [DEBUG] Token verified successfully {
  "userId": "67f922e34e81393cc5253968"
}
[2025-04-11T18:56:30.071Z] [DEBUG] Checking authentication headers {
  "url": "/api/jobs/67f9603375e0453dec95ef8b",
  "headers": "Authorization header present"
}
[2025-04-11T18:56:30.071Z] [DEBUG] Token extracted from header {
  "url": "/api/jobs/67f9603375e0453dec95ef8b"
}
[2025-04-11T18:56:30.071Z] [DEBUG] [testing] Request body {
  "url": "/api/jobs/67f9603375e0453dec95ef8b",
  "method": "DELETE"
}
[2025-04-11T18:56:30.117Z] [DEBUG] User attached to request {
  "userId": "67f922e34e81393cc5253968",
  "route": "/api/jobs/67f9603375e0453dec95ef8b"
}
[2025-04-11T18:56:30.210Z] [INFO] DELETE /api/jobs/67f9603375e0453dec95ef8b 200 - 139ms {
  "method": "DELETE",
  "url": "/api/jobs/67f9603375e0453dec95ef8b",
  "status": 200,
  "duration": 139,
  "ip": "::1",
  "userAgent": "Mozilla/5.0 (Macintosh; Intel Mac OS X 10_15_7) AppleWebKit/537.36 (KHTML, like Gecko) Chrome/134.0.0.0 Safari/537.36",
  "userId": "67f922e34e81393cc5253968"
}
[2025-04-11T18:56:33.375Z] [DEBUG] [testing] Request body {
  "url": "/api/jobs/67f9643d75e0453dec95ef9e",
  "method": "DELETE"
}
[2025-04-11T18:56:33.377Z] [DEBUG] Token verified successfully {
  "userId": "67f922e34e81393cc5253968"
}
[2025-04-11T18:56:33.375Z] [DEBUG] Checking authentication headers {
  "url": "/api/jobs/67f9643d75e0453dec95ef9e",
  "headers": "Authorization header present"
}
[2025-04-11T18:56:33.375Z] [DEBUG] Token extracted from header {
  "url": "/api/jobs/67f9643d75e0453dec95ef9e"
}
[2025-04-11T18:56:33.375Z] [DEBUG] [testing] Incoming request: DELETE /api/jobs/67f9643d75e0453dec95ef9e {
  "headers": {
    "host": "localhost:3000",
    "connection": "keep-alive",
    "sec-ch-ua-platform": "\"macOS\"",
    "authorization": "Bearer eyJhbGciOiJIUzI1NiIsInR5cCI6IkpXVCJ9.eyJ1c2VySWQiOiI2N2Y5MjJlMzRlODEzOTNjYzUyNTM5NjgiLCJpYXQiOjE3NDQzOTcyOTIsImV4cCI6MTc0Njk4OTI5Mn0.HlmLMBAMhEnACXVcWXnSAUnkwJWQtnSc-tL93oy1Q6E",
    "user-agent": "Mozilla/5.0 (Macintosh; Intel Mac OS X 10_15_7) AppleWebKit/537.36 (KHTML, like Gecko) Chrome/134.0.0.0 Safari/537.36",
    "sec-ch-ua": "\"Chromium\";v=\"134\", \"Not:A-Brand\";v=\"24\", \"Google Chrome\";v=\"134\"",
    "content-type": "application/json",
    "sec-ch-ua-mobile": "?0",
    "accept": "*/*",
    "origin": "http://localhost:5173",
    "sec-fetch-site": "same-site",
    "sec-fetch-mode": "cors",
    "sec-fetch-dest": "empty",
    "referer": "http://localhost:5173/",
    "accept-encoding": "gzip, deflate, br, zstd",
    "accept-language": "en-GB,en-US;q=0.9,en;q=0.8"
  },
  "query": {},
  "params": {}
}
[2025-04-11T18:56:33.430Z] [DEBUG] User attached to request {
  "userId": "67f922e34e81393cc5253968",
  "route": "/api/jobs/67f9643d75e0453dec95ef9e"
}
[2025-04-11T18:56:33.522Z] [INFO] DELETE /api/jobs/67f9643d75e0453dec95ef9e 200 - 147ms {
  "method": "DELETE",
  "url": "/api/jobs/67f9643d75e0453dec95ef9e",
  "status": 200,
  "duration": 147,
  "ip": "::1",
  "userAgent": "Mozilla/5.0 (Macintosh; Intel Mac OS X 10_15_7) AppleWebKit/537.36 (KHTML, like Gecko) Chrome/134.0.0.0 Safari/537.36",
  "userId": "67f922e34e81393cc5253968"
}
[2025-04-11T18:56:36.207Z] [DEBUG] [testing] Request body {
  "url": "/api/jobs/67f965c875e0453dec95efa5",
  "method": "DELETE"
}
[2025-04-11T18:56:36.209Z] [DEBUG] Token verified successfully {
  "userId": "67f922e34e81393cc5253968"
}
[2025-04-11T18:56:36.208Z] [DEBUG] Checking authentication headers {
  "url": "/api/jobs/67f965c875e0453dec95efa5",
  "headers": "Authorization header present"
}
[2025-04-11T18:56:36.208Z] [DEBUG] Token extracted from header {
  "url": "/api/jobs/67f965c875e0453dec95efa5"
}
[2025-04-11T18:56:36.207Z] [DEBUG] [testing] Incoming request: DELETE /api/jobs/67f965c875e0453dec95efa5 {
  "headers": {
    "host": "localhost:3000",
    "connection": "keep-alive",
    "sec-ch-ua-platform": "\"macOS\"",
    "authorization": "Bearer eyJhbGciOiJIUzI1NiIsInR5cCI6IkpXVCJ9.eyJ1c2VySWQiOiI2N2Y5MjJlMzRlODEzOTNjYzUyNTM5NjgiLCJpYXQiOjE3NDQzOTcyOTIsImV4cCI6MTc0Njk4OTI5Mn0.HlmLMBAMhEnACXVcWXnSAUnkwJWQtnSc-tL93oy1Q6E",
    "user-agent": "Mozilla/5.0 (Macintosh; Intel Mac OS X 10_15_7) AppleWebKit/537.36 (KHTML, like Gecko) Chrome/134.0.0.0 Safari/537.36",
    "sec-ch-ua": "\"Chromium\";v=\"134\", \"Not:A-Brand\";v=\"24\", \"Google Chrome\";v=\"134\"",
    "content-type": "application/json",
    "sec-ch-ua-mobile": "?0",
    "accept": "*/*",
    "origin": "http://localhost:5173",
    "sec-fetch-site": "same-site",
    "sec-fetch-mode": "cors",
    "sec-fetch-dest": "empty",
    "referer": "http://localhost:5173/",
    "accept-encoding": "gzip, deflate, br, zstd",
    "accept-language": "en-GB,en-US;q=0.9,en;q=0.8"
  },
  "query": {},
  "params": {}
}
[2025-04-11T18:56:36.256Z] [DEBUG] User attached to request {
  "userId": "67f922e34e81393cc5253968",
  "route": "/api/jobs/67f965c875e0453dec95efa5"
}
[2025-04-11T18:56:36.349Z] [INFO] DELETE /api/jobs/67f965c875e0453dec95efa5 200 - 142ms {
  "method": "DELETE",
  "url": "/api/jobs/67f965c875e0453dec95efa5",
  "status": 200,
  "duration": 142,
  "ip": "::1",
  "userAgent": "Mozilla/5.0 (Macintosh; Intel Mac OS X 10_15_7) AppleWebKit/537.36 (KHTML, like Gecko) Chrome/134.0.0.0 Safari/537.36",
  "userId": "67f922e34e81393cc5253968"
}
[2025-04-11T18:56:40.491Z] [DEBUG] [testing] Incoming request: DELETE /api/jobs/67f95b6675e0453dec95ef56 {
  "headers": {
    "host": "localhost:3000",
    "connection": "keep-alive",
    "sec-ch-ua-platform": "\"macOS\"",
    "authorization": "Bearer eyJhbGciOiJIUzI1NiIsInR5cCI6IkpXVCJ9.eyJ1c2VySWQiOiI2N2Y5MjJlMzRlODEzOTNjYzUyNTM5NjgiLCJpYXQiOjE3NDQzOTcyOTIsImV4cCI6MTc0Njk4OTI5Mn0.HlmLMBAMhEnACXVcWXnSAUnkwJWQtnSc-tL93oy1Q6E",
    "user-agent": "Mozilla/5.0 (Macintosh; Intel Mac OS X 10_15_7) AppleWebKit/537.36 (KHTML, like Gecko) Chrome/134.0.0.0 Safari/537.36",
    "sec-ch-ua": "\"Chromium\";v=\"134\", \"Not:A-Brand\";v=\"24\", \"Google Chrome\";v=\"134\"",
    "content-type": "application/json",
    "sec-ch-ua-mobile": "?0",
    "accept": "*/*",
    "origin": "http://localhost:5173",
    "sec-fetch-site": "same-site",
    "sec-fetch-mode": "cors",
    "sec-fetch-dest": "empty",
    "referer": "http://localhost:5173/",
    "accept-encoding": "gzip, deflate, br, zstd",
    "accept-language": "en-GB,en-US;q=0.9,en;q=0.8"
  },
  "query": {},
  "params": {}
}
[2025-04-11T18:56:40.493Z] [DEBUG] Token verified successfully {
  "userId": "67f922e34e81393cc5253968"
}
[2025-04-11T18:56:40.491Z] [DEBUG] [testing] Request body {
  "url": "/api/jobs/67f95b6675e0453dec95ef56",
  "method": "DELETE"
}
[2025-04-11T18:56:40.492Z] [DEBUG] Token extracted from header {
  "url": "/api/jobs/67f95b6675e0453dec95ef56"
}
[2025-04-11T18:56:40.492Z] [DEBUG] Checking authentication headers {
  "url": "/api/jobs/67f95b6675e0453dec95ef56",
  "headers": "Authorization header present"
}
[2025-04-11T18:56:40.547Z] [DEBUG] User attached to request {
  "userId": "67f922e34e81393cc5253968",
  "route": "/api/jobs/67f95b6675e0453dec95ef56"
}
[2025-04-11T18:56:40.644Z] [INFO] DELETE /api/jobs/67f95b6675e0453dec95ef56 200 - 151ms {
  "method": "DELETE",
  "url": "/api/jobs/67f95b6675e0453dec95ef56",
  "status": 200,
  "duration": 151,
  "ip": "::1",
  "userAgent": "Mozilla/5.0 (Macintosh; Intel Mac OS X 10_15_7) AppleWebKit/537.36 (KHTML, like Gecko) Chrome/134.0.0.0 Safari/537.36",
  "userId": "67f922e34e81393cc5253968"
}
[2025-04-11T19:02:38.168Z] [DEBUG] [testing] Request body {
  "url": "/api/auth/login",
  "method": "POST",
  "body": {
    "email": "bailwalsiddharth@gmail.com",
    "password": "siddharth1382"
  }
}
[2025-04-11T19:02:38.168Z] [DEBUG] [testing] Incoming request: POST /api/auth/login {
  "headers": {
    "host": "localhost:3000",
    "connection": "keep-alive",
    "content-length": "65",
    "sec-ch-ua-platform": "\"macOS\"",
    "user-agent": "Mozilla/5.0 (Macintosh; Intel Mac OS X 10_15_7) AppleWebKit/537.36 (KHTML, like Gecko) Chrome/134.0.0.0 Safari/537.36",
    "sec-ch-ua": "\"Chromium\";v=\"134\", \"Not:A-Brand\";v=\"24\", \"Google Chrome\";v=\"134\"",
    "content-type": "application/json",
    "sec-ch-ua-mobile": "?0",
    "accept": "*/*",
    "origin": "http://localhost:5173",
    "sec-fetch-site": "same-site",
    "sec-fetch-mode": "cors",
    "sec-fetch-dest": "empty",
    "referer": "http://localhost:5173/",
    "accept-encoding": "gzip, deflate, br, zstd",
    "accept-language": "en-GB,en-US;q=0.9,en;q=0.8"
  },
  "body": {
    "email": "bailwalsiddharth@gmail.com",
    "password": "siddharth1382"
  },
  "query": {},
  "params": {}
}
[2025-04-11T19:02:38.168Z] [DEBUG] Login request received {
  "body": {
    "email": "bailwalsiddharth@gmail.com",
    "password": "[REDACTED]"
  }
}
[2025-04-11T19:02:38.309Z] [INFO] User logged in successfully {
  "userId": "67f922e34e81393cc5253968"
}
[2025-04-11T19:02:38.310Z] [INFO] POST /api/auth/login 200 - 143ms {
  "method": "POST",
  "url": "/api/auth/login",
  "status": 200,
  "duration": 143,
  "ip": "::1",
  "userAgent": "Mozilla/5.0 (Macintosh; Intel Mac OS X 10_15_7) AppleWebKit/537.36 (KHTML, like Gecko) Chrome/134.0.0.0 Safari/537.36"
}
[2025-04-11T19:02:38.324Z] [DEBUG] [testing] Incoming request: GET /api/jobs {
  "headers": {
    "host": "localhost:3000",
    "connection": "keep-alive",
    "sec-ch-ua-platform": "\"macOS\"",
    "authorization": "Bearer eyJhbGciOiJIUzI1NiIsInR5cCI6IkpXVCJ9.eyJ1c2VySWQiOiI2N2Y5MjJlMzRlODEzOTNjYzUyNTM5NjgiLCJpYXQiOjE3NDQzOTgxNTgsImV4cCI6MTc0Njk5MDE1OH0.O_D7N2lDowcrSkYIJEM9d8hv017vkayw4_UBSxxfMN0",
    "user-agent": "Mozilla/5.0 (Macintosh; Intel Mac OS X 10_15_7) AppleWebKit/537.36 (KHTML, like Gecko) Chrome/134.0.0.0 Safari/537.36",
    "sec-ch-ua": "\"Chromium\";v=\"134\", \"Not:A-Brand\";v=\"24\", \"Google Chrome\";v=\"134\"",
    "content-type": "application/json",
    "sec-ch-ua-mobile": "?0",
    "accept": "*/*",
    "origin": "http://localhost:5173",
    "sec-fetch-site": "same-site",
    "sec-fetch-mode": "cors",
    "sec-fetch-dest": "empty",
    "referer": "http://localhost:5173/",
    "accept-encoding": "gzip, deflate, br, zstd",
    "accept-language": "en-GB,en-US;q=0.9,en;q=0.8",
    "if-none-match": "W/\"6aa-VYCROFIyFe5IhGVG/SGNVcHRml8\""
  },
  "query": {},
  "params": {}
}
[2025-04-11T19:02:38.324Z] [DEBUG] Checking authentication headers {
  "url": "/api/jobs",
  "headers": "Authorization header present"
}
[2025-04-11T19:02:38.324Z] [DEBUG] Token extracted from header {
  "url": "/api/jobs"
}
[2025-04-11T19:02:38.325Z] [DEBUG] Token verified successfully {
  "userId": "67f922e34e81393cc5253968"
}
[2025-04-11T19:02:38.369Z] [DEBUG] User attached to request {
  "userId": "67f922e34e81393cc5253968",
  "route": "/api/jobs"
}
[2025-04-11T19:02:38.413Z] [INFO] GET /api/jobs 200 - 89ms {
  "method": "GET",
  "url": "/api/jobs",
  "status": 200,
  "duration": 89,
  "ip": "::1",
  "userAgent": "Mozilla/5.0 (Macintosh; Intel Mac OS X 10_15_7) AppleWebKit/537.36 (KHTML, like Gecko) Chrome/134.0.0.0 Safari/537.36",
  "userId": "67f922e34e81393cc5253968"
}
[2025-04-11T19:02:38.414Z] [DEBUG] [testing] Incoming request: GET /api/jobs {
  "headers": {
    "host": "localhost:3000",
    "connection": "keep-alive",
    "sec-ch-ua-platform": "\"macOS\"",
    "authorization": "Bearer eyJhbGciOiJIUzI1NiIsInR5cCI6IkpXVCJ9.eyJ1c2VySWQiOiI2N2Y5MjJlMzRlODEzOTNjYzUyNTM5NjgiLCJpYXQiOjE3NDQzOTgxNTgsImV4cCI6MTc0Njk5MDE1OH0.O_D7N2lDowcrSkYIJEM9d8hv017vkayw4_UBSxxfMN0",
    "user-agent": "Mozilla/5.0 (Macintosh; Intel Mac OS X 10_15_7) AppleWebKit/537.36 (KHTML, like Gecko) Chrome/134.0.0.0 Safari/537.36",
    "sec-ch-ua": "\"Chromium\";v=\"134\", \"Not:A-Brand\";v=\"24\", \"Google Chrome\";v=\"134\"",
    "content-type": "application/json",
    "sec-ch-ua-mobile": "?0",
    "accept": "*/*",
    "origin": "http://localhost:5173",
    "sec-fetch-site": "same-site",
    "sec-fetch-mode": "cors",
    "sec-fetch-dest": "empty",
    "referer": "http://localhost:5173/",
    "accept-encoding": "gzip, deflate, br, zstd",
    "accept-language": "en-GB,en-US;q=0.9,en;q=0.8",
    "if-none-match": "W/\"2-l9Fw4VUO7kr8CvBlt4zaMCqXZ0w\""
  },
  "query": {},
  "params": {}
}
[2025-04-11T19:02:38.414Z] [DEBUG] Checking authentication headers {
  "url": "/api/jobs",
  "headers": "Authorization header present"
}
[2025-04-11T19:02:38.414Z] [DEBUG] Token extracted from header {
  "url": "/api/jobs"
}
[2025-04-11T19:02:38.415Z] [DEBUG] Token verified successfully {
  "userId": "67f922e34e81393cc5253968"
}
[2025-04-11T19:02:38.460Z] [DEBUG] User attached to request {
  "userId": "67f922e34e81393cc5253968",
  "route": "/api/jobs"
}
[2025-04-11T19:02:38.504Z] [INFO] GET /api/jobs 304 - 90ms {
  "method": "GET",
  "url": "/api/jobs",
  "status": 304,
  "duration": 90,
  "ip": "::1",
  "userAgent": "Mozilla/5.0 (Macintosh; Intel Mac OS X 10_15_7) AppleWebKit/537.36 (KHTML, like Gecko) Chrome/134.0.0.0 Safari/537.36",
  "userId": "67f922e34e81393cc5253968"
}
[2025-04-11T19:05:49.615Z] [DEBUG] [testing] Incoming request: GET /api/jobs {
  "headers": {
    "host": "localhost:3000",
    "connection": "keep-alive",
    "sec-ch-ua-platform": "\"macOS\"",
    "authorization": "Bearer abc123",
    "user-agent": "Mozilla/5.0 (Macintosh; Intel Mac OS X 10_15_7) AppleWebKit/537.36 (KHTML, like Gecko) Chrome/134.0.0.0 Safari/537.36",
    "sec-ch-ua": "\"Chromium\";v=\"134\", \"Not:A-Brand\";v=\"24\", \"Google Chrome\";v=\"134\"",
    "content-type": "application/json",
    "sec-ch-ua-mobile": "?0",
    "accept": "*/*",
    "origin": "http://localhost:5173",
    "sec-fetch-site": "same-site",
    "sec-fetch-mode": "cors",
    "sec-fetch-dest": "empty",
    "referer": "http://localhost:5173/",
    "accept-encoding": "gzip, deflate, br, zstd",
    "accept-language": "en-GB,en-US;q=0.9,en;q=0.8"
  },
  "query": {},
  "params": {}
}
[2025-04-11T19:05:49.615Z] [DEBUG] Token extracted from header {
  "url": "/api/jobs"
}
[2025-04-11T19:05:49.615Z] [DEBUG] Checking authentication headers {
  "url": "/api/jobs",
  "headers": "Authorization header present"
}
[2025-04-11T19:05:49.633Z] [DEBUG] [testing] Incoming request: GET /api/jobs {
  "headers": {
    "host": "localhost:3000",
    "connection": "keep-alive",
    "sec-ch-ua-platform": "\"macOS\"",
    "authorization": "Bearer abc123",
    "user-agent": "Mozilla/5.0 (Macintosh; Intel Mac OS X 10_15_7) AppleWebKit/537.36 (KHTML, like Gecko) Chrome/134.0.0.0 Safari/537.36",
    "sec-ch-ua": "\"Chromium\";v=\"134\", \"Not:A-Brand\";v=\"24\", \"Google Chrome\";v=\"134\"",
    "content-type": "application/json",
    "sec-ch-ua-mobile": "?0",
    "accept": "*/*",
    "origin": "http://localhost:5173",
    "sec-fetch-site": "same-site",
    "sec-fetch-mode": "cors",
    "sec-fetch-dest": "empty",
    "referer": "http://localhost:5173/",
    "accept-encoding": "gzip, deflate, br, zstd",
    "accept-language": "en-GB,en-US;q=0.9,en;q=0.8"
  },
  "query": {},
  "params": {}
}
[2025-04-11T19:05:49.633Z] [DEBUG] Checking authentication headers {
  "url": "/api/jobs",
  "headers": "Authorization header present"
}
[2025-04-11T19:05:49.633Z] [DEBUG] Token extracted from header {
  "url": "/api/jobs"
}
[2025-04-11T19:09:05.526Z] [DEBUG] [testing] Incoming request: GET /api/jobs {
  "headers": {
    "host": "localhost:3000",
    "connection": "keep-alive",
    "sec-ch-ua-platform": "\"macOS\"",
    "authorization": "Bearer eyJhbGciOiJIUzI1NiIsInR5cCI6IkpXVCJ9.eyJ1c2VySWQiOiI2N2Y5MjJlMzRlODEzOTNjYzUyNTM5NjgiLCJpYXQiOjE3NDQzOTgxNTgsImV4cCI6MTc0Njk5MDE1OH0.O_D7N2lDowcrSkYIJEM9d8hv017vkayw4_UBSxxfMN0",
    "user-agent": "Mozilla/5.0 (Macintosh; Intel Mac OS X 10_15_7) AppleWebKit/537.36 (KHTML, like Gecko) Chrome/134.0.0.0 Safari/537.36",
    "sec-ch-ua": "\"Chromium\";v=\"134\", \"Not:A-Brand\";v=\"24\", \"Google Chrome\";v=\"134\"",
    "content-type": "application/json",
    "sec-ch-ua-mobile": "?0",
    "accept": "*/*",
    "origin": "http://localhost:5173",
    "sec-fetch-site": "same-site",
    "sec-fetch-mode": "cors",
    "sec-fetch-dest": "empty",
    "referer": "http://localhost:5173/",
    "accept-encoding": "gzip, deflate, br, zstd",
    "accept-language": "en-GB,en-US;q=0.9,en;q=0.8",
    "if-none-match": "W/\"2-l9Fw4VUO7kr8CvBlt4zaMCqXZ0w\""
  },
  "query": {},
  "params": {}
}
[2025-04-11T19:09:05.526Z] [DEBUG] Token extracted from header {
  "url": "/api/jobs"
}
[2025-04-11T19:09:05.526Z] [DEBUG] Checking authentication headers {
  "url": "/api/jobs",
  "headers": "Authorization header present"
}
[2025-04-11T19:09:05.534Z] [DEBUG] Token verified successfully {
  "userId": "67f922e34e81393cc5253968"
}
[2025-04-11T19:09:05.585Z] [DEBUG] User attached to request {
  "userId": "67f922e34e81393cc5253968",
  "route": "/api/jobs"
}
[2025-04-11T19:09:05.633Z] [INFO] GET /api/jobs 304 - 108ms {
  "method": "GET",
  "url": "/api/jobs",
  "status": 304,
  "duration": 108,
  "ip": "::1",
  "userAgent": "Mozilla/5.0 (Macintosh; Intel Mac OS X 10_15_7) AppleWebKit/537.36 (KHTML, like Gecko) Chrome/134.0.0.0 Safari/537.36",
  "userId": "67f922e34e81393cc5253968"
}
[2025-04-11T19:09:05.634Z] [DEBUG] [testing] Incoming request: GET /api/jobs {
  "headers": {
    "host": "localhost:3000",
    "connection": "keep-alive",
    "sec-ch-ua-platform": "\"macOS\"",
    "authorization": "Bearer eyJhbGciOiJIUzI1NiIsInR5cCI6IkpXVCJ9.eyJ1c2VySWQiOiI2N2Y5MjJlMzRlODEzOTNjYzUyNTM5NjgiLCJpYXQiOjE3NDQzOTgxNTgsImV4cCI6MTc0Njk5MDE1OH0.O_D7N2lDowcrSkYIJEM9d8hv017vkayw4_UBSxxfMN0",
    "user-agent": "Mozilla/5.0 (Macintosh; Intel Mac OS X 10_15_7) AppleWebKit/537.36 (KHTML, like Gecko) Chrome/134.0.0.0 Safari/537.36",
    "sec-ch-ua": "\"Chromium\";v=\"134\", \"Not:A-Brand\";v=\"24\", \"Google Chrome\";v=\"134\"",
    "content-type": "application/json",
    "sec-ch-ua-mobile": "?0",
    "accept": "*/*",
    "origin": "http://localhost:5173",
    "sec-fetch-site": "same-site",
    "sec-fetch-mode": "cors",
    "sec-fetch-dest": "empty",
    "referer": "http://localhost:5173/",
    "accept-encoding": "gzip, deflate, br, zstd",
    "accept-language": "en-GB,en-US;q=0.9,en;q=0.8",
    "if-none-match": "W/\"2-l9Fw4VUO7kr8CvBlt4zaMCqXZ0w\""
  },
  "query": {},
  "params": {}
}
[2025-04-11T19:09:05.635Z] [DEBUG] Token verified successfully {
  "userId": "67f922e34e81393cc5253968"
}
[2025-04-11T19:09:05.634Z] [DEBUG] Token extracted from header {
  "url": "/api/jobs"
}
[2025-04-11T19:09:05.634Z] [DEBUG] Checking authentication headers {
  "url": "/api/jobs",
  "headers": "Authorization header present"
}
[2025-04-11T19:09:05.681Z] [DEBUG] User attached to request {
  "userId": "67f922e34e81393cc5253968",
  "route": "/api/jobs"
}
[2025-04-11T19:09:05.729Z] [INFO] GET /api/jobs 304 - 95ms {
  "method": "GET",
  "url": "/api/jobs",
  "status": 304,
  "duration": 95,
  "ip": "::1",
  "userAgent": "Mozilla/5.0 (Macintosh; Intel Mac OS X 10_15_7) AppleWebKit/537.36 (KHTML, like Gecko) Chrome/134.0.0.0 Safari/537.36",
  "userId": "67f922e34e81393cc5253968"
}
[2025-04-11T19:09:50.199Z] [DEBUG] [testing] Incoming request: GET /api/jobs {
  "headers": {
    "host": "localhost:3000",
    "connection": "keep-alive",
    "sec-ch-ua-platform": "\"macOS\"",
    "authorization": "Bearer eyJhbGciOiJIUzI1NiIsInR5cCI6IkpXVCJ9.eyJ1c2VySWQiOiI2N2Y5MjJlMzRlODEzOTNjYzUyNTM5NjgiLCJpYXQiOjE3NDQzOTgxNTgsImV4cCI6MTc0Njk5MDE1OH0.O_D7N2lDowcrSkYIJEM9d8hv017vkayw4_UBSxxfMN0",
    "user-agent": "Mozilla/5.0 (Macintosh; Intel Mac OS X 10_15_7) AppleWebKit/537.36 (KHTML, like Gecko) Chrome/134.0.0.0 Safari/537.36",
    "sec-ch-ua": "\"Chromium\";v=\"134\", \"Not:A-Brand\";v=\"24\", \"Google Chrome\";v=\"134\"",
    "content-type": "application/json",
    "sec-ch-ua-mobile": "?0",
    "accept": "*/*",
    "origin": "http://localhost:5173",
    "sec-fetch-site": "same-site",
    "sec-fetch-mode": "cors",
    "sec-fetch-dest": "empty",
    "referer": "http://localhost:5173/",
    "accept-encoding": "gzip, deflate, br, zstd",
    "accept-language": "en-GB,en-US;q=0.9,en;q=0.8",
    "if-none-match": "W/\"2-l9Fw4VUO7kr8CvBlt4zaMCqXZ0w\""
  },
  "query": {},
  "params": {}
}
[2025-04-11T19:09:50.200Z] [DEBUG] Checking authentication headers {
  "url": "/api/jobs",
  "headers": "Authorization header present"
}
[2025-04-11T19:09:50.200Z] [DEBUG] Token extracted from header {
  "url": "/api/jobs"
}
[2025-04-11T19:09:50.202Z] [DEBUG] Token verified successfully {
  "userId": "67f922e34e81393cc5253968"
}
[2025-04-11T19:09:50.255Z] [DEBUG] User attached to request {
  "userId": "67f922e34e81393cc5253968",
  "route": "/api/jobs"
}
[2025-04-11T19:09:50.301Z] [INFO] GET /api/jobs 304 - 102ms {
  "method": "GET",
  "url": "/api/jobs",
  "status": 304,
  "duration": 102,
  "ip": "::1",
  "userAgent": "Mozilla/5.0 (Macintosh; Intel Mac OS X 10_15_7) AppleWebKit/537.36 (KHTML, like Gecko) Chrome/134.0.0.0 Safari/537.36",
  "userId": "67f922e34e81393cc5253968"
}
[2025-04-11T19:09:50.303Z] [DEBUG] [testing] Incoming request: GET /api/jobs {
  "headers": {
    "host": "localhost:3000",
    "connection": "keep-alive",
    "sec-ch-ua-platform": "\"macOS\"",
    "authorization": "Bearer eyJhbGciOiJIUzI1NiIsInR5cCI6IkpXVCJ9.eyJ1c2VySWQiOiI2N2Y5MjJlMzRlODEzOTNjYzUyNTM5NjgiLCJpYXQiOjE3NDQzOTgxNTgsImV4cCI6MTc0Njk5MDE1OH0.O_D7N2lDowcrSkYIJEM9d8hv017vkayw4_UBSxxfMN0",
    "user-agent": "Mozilla/5.0 (Macintosh; Intel Mac OS X 10_15_7) AppleWebKit/537.36 (KHTML, like Gecko) Chrome/134.0.0.0 Safari/537.36",
    "sec-ch-ua": "\"Chromium\";v=\"134\", \"Not:A-Brand\";v=\"24\", \"Google Chrome\";v=\"134\"",
    "content-type": "application/json",
    "sec-ch-ua-mobile": "?0",
    "accept": "*/*",
    "origin": "http://localhost:5173",
    "sec-fetch-site": "same-site",
    "sec-fetch-mode": "cors",
    "sec-fetch-dest": "empty",
    "referer": "http://localhost:5173/",
    "accept-encoding": "gzip, deflate, br, zstd",
    "accept-language": "en-GB,en-US;q=0.9,en;q=0.8",
    "if-none-match": "W/\"2-l9Fw4VUO7kr8CvBlt4zaMCqXZ0w\""
  },
  "query": {},
  "params": {}
}
[2025-04-11T19:09:50.303Z] [DEBUG] Checking authentication headers {
  "url": "/api/jobs",
  "headers": "Authorization header present"
}
[2025-04-11T19:09:50.304Z] [DEBUG] Token verified successfully {
  "userId": "67f922e34e81393cc5253968"
}
[2025-04-11T19:09:50.303Z] [DEBUG] Token extracted from header {
  "url": "/api/jobs"
}
[2025-04-11T19:09:50.349Z] [DEBUG] User attached to request {
  "userId": "67f922e34e81393cc5253968",
  "route": "/api/jobs"
}
[2025-04-11T19:09:50.395Z] [INFO] GET /api/jobs 304 - 93ms {
  "method": "GET",
  "url": "/api/jobs",
  "status": 304,
  "duration": 93,
  "ip": "::1",
  "userAgent": "Mozilla/5.0 (Macintosh; Intel Mac OS X 10_15_7) AppleWebKit/537.36 (KHTML, like Gecko) Chrome/134.0.0.0 Safari/537.36",
  "userId": "67f922e34e81393cc5253968"
}
[2025-04-11T19:11:36.175Z] [DEBUG] [testing] Incoming request: GET /api/jobs {
  "headers": {
    "host": "localhost:3000",
    "connection": "keep-alive",
    "sec-ch-ua-platform": "\"macOS\"",
    "authorization": "Bearer eyJhbGciOiJIUzI1NiIsInR5cCI6IkpXVCJ9.eyJ1c2VySWQiOiI2N2Y5MjJlMzRlODEzOTNjYzUyNTM5NjgiLCJpYXQiOjE3NDQzOTgxNTgsImV4cCI6MTc0Njk5MDE1OH0.O_D7N2lDowcrSkYIJEM9d8hv017vkayw4_UBSxxfMN0",
    "user-agent": "Mozilla/5.0 (Macintosh; Intel Mac OS X 10_15_7) AppleWebKit/537.36 (KHTML, like Gecko) Chrome/134.0.0.0 Safari/537.36",
    "sec-ch-ua": "\"Chromium\";v=\"134\", \"Not:A-Brand\";v=\"24\", \"Google Chrome\";v=\"134\"",
    "content-type": "application/json",
    "sec-ch-ua-mobile": "?0",
    "accept": "*/*",
    "origin": "http://localhost:5173",
    "sec-fetch-site": "same-site",
    "sec-fetch-mode": "cors",
    "sec-fetch-dest": "empty",
    "referer": "http://localhost:5173/",
    "accept-encoding": "gzip, deflate, br, zstd",
    "accept-language": "en-GB,en-US;q=0.9,en;q=0.8",
    "if-none-match": "W/\"2-l9Fw4VUO7kr8CvBlt4zaMCqXZ0w\""
  },
  "query": {},
  "params": {}
}
[2025-04-11T19:11:36.175Z] [DEBUG] Checking authentication headers {
  "url": "/api/jobs",
  "headers": "Authorization header present"
}
[2025-04-11T19:11:36.175Z] [DEBUG] Token extracted from header {
  "url": "/api/jobs"
}
[2025-04-11T19:11:36.177Z] [DEBUG] Token verified successfully {
  "userId": "67f922e34e81393cc5253968"
}
[2025-04-11T19:11:36.233Z] [DEBUG] User attached to request {
  "userId": "67f922e34e81393cc5253968",
  "route": "/api/jobs"
}
[2025-04-11T19:11:36.277Z] [INFO] GET /api/jobs 304 - 103ms {
  "method": "GET",
  "url": "/api/jobs",
  "status": 304,
  "duration": 103,
  "ip": "::1",
  "userAgent": "Mozilla/5.0 (Macintosh; Intel Mac OS X 10_15_7) AppleWebKit/537.36 (KHTML, like Gecko) Chrome/134.0.0.0 Safari/537.36",
  "userId": "67f922e34e81393cc5253968"
}
[2025-04-11T19:11:45.697Z] [DEBUG] [testing] Incoming request: GET /api/jobs {
  "headers": {
    "host": "localhost:3000",
    "connection": "keep-alive",
    "sec-ch-ua-platform": "\"macOS\"",
    "authorization": "Bearer eyJhbGciOiJIUzI1NiIsInR5cCI6IkpXVCJ9.eyJ1c2VySWQiOiI2N2Y5MjJlMzRlODEzOTNjYzUyNTM5NjgiLCJpYXQiOjE3NDQzOTgxNTgsImV4cCI6MTc0Njk5MDE1OH0.O_D7N2lDowcrSkYIJEM9d8hv017vkayw4_UBSxxfMN0",
    "user-agent": "Mozilla/5.0 (Macintosh; Intel Mac OS X 10_15_7) AppleWebKit/537.36 (KHTML, like Gecko) Chrome/134.0.0.0 Safari/537.36",
    "sec-ch-ua": "\"Chromium\";v=\"134\", \"Not:A-Brand\";v=\"24\", \"Google Chrome\";v=\"134\"",
    "content-type": "application/json",
    "sec-ch-ua-mobile": "?0",
    "accept": "*/*",
    "origin": "http://localhost:5173",
    "sec-fetch-site": "same-site",
    "sec-fetch-mode": "cors",
    "sec-fetch-dest": "empty",
    "referer": "http://localhost:5173/",
    "accept-encoding": "gzip, deflate, br, zstd",
    "accept-language": "en-GB,en-US;q=0.9,en;q=0.8",
    "if-none-match": "W/\"2-l9Fw4VUO7kr8CvBlt4zaMCqXZ0w\""
  },
  "query": {},
  "params": {}
}
[2025-04-11T19:11:45.697Z] [DEBUG] Checking authentication headers {
  "url": "/api/jobs",
  "headers": "Authorization header present"
}
[2025-04-11T19:11:45.697Z] [DEBUG] Token extracted from header {
  "url": "/api/jobs"
}
[2025-04-11T19:11:45.699Z] [DEBUG] Token verified successfully {
  "userId": "67f922e34e81393cc5253968"
}
[2025-04-11T19:11:45.744Z] [DEBUG] User attached to request {
  "userId": "67f922e34e81393cc5253968",
  "route": "/api/jobs"
}
[2025-04-11T19:11:45.790Z] [INFO] GET /api/jobs 304 - 92ms {
  "method": "GET",
  "url": "/api/jobs",
  "status": 304,
  "duration": 92,
  "ip": "::1",
  "userAgent": "Mozilla/5.0 (Macintosh; Intel Mac OS X 10_15_7) AppleWebKit/537.36 (KHTML, like Gecko) Chrome/134.0.0.0 Safari/537.36",
  "userId": "67f922e34e81393cc5253968"
}
[2025-04-11T19:11:45.791Z] [DEBUG] [testing] Incoming request: GET /api/jobs {
  "headers": {
    "host": "localhost:3000",
    "connection": "keep-alive",
    "sec-ch-ua-platform": "\"macOS\"",
    "authorization": "Bearer eyJhbGciOiJIUzI1NiIsInR5cCI6IkpXVCJ9.eyJ1c2VySWQiOiI2N2Y5MjJlMzRlODEzOTNjYzUyNTM5NjgiLCJpYXQiOjE3NDQzOTgxNTgsImV4cCI6MTc0Njk5MDE1OH0.O_D7N2lDowcrSkYIJEM9d8hv017vkayw4_UBSxxfMN0",
    "user-agent": "Mozilla/5.0 (Macintosh; Intel Mac OS X 10_15_7) AppleWebKit/537.36 (KHTML, like Gecko) Chrome/134.0.0.0 Safari/537.36",
    "sec-ch-ua": "\"Chromium\";v=\"134\", \"Not:A-Brand\";v=\"24\", \"Google Chrome\";v=\"134\"",
    "content-type": "application/json",
    "sec-ch-ua-mobile": "?0",
    "accept": "*/*",
    "origin": "http://localhost:5173",
    "sec-fetch-site": "same-site",
    "sec-fetch-mode": "cors",
    "sec-fetch-dest": "empty",
    "referer": "http://localhost:5173/",
    "accept-encoding": "gzip, deflate, br, zstd",
    "accept-language": "en-GB,en-US;q=0.9,en;q=0.8",
    "if-none-match": "W/\"2-l9Fw4VUO7kr8CvBlt4zaMCqXZ0w\""
  },
  "query": {},
  "params": {}
}
[2025-04-11T19:11:45.791Z] [DEBUG] Checking authentication headers {
  "url": "/api/jobs",
  "headers": "Authorization header present"
}
[2025-04-11T19:11:45.793Z] [DEBUG] Token verified successfully {
  "userId": "67f922e34e81393cc5253968"
}
[2025-04-11T19:11:45.791Z] [DEBUG] Token extracted from header {
  "url": "/api/jobs"
}
[2025-04-11T19:11:45.838Z] [DEBUG] User attached to request {
  "userId": "67f922e34e81393cc5253968",
  "route": "/api/jobs"
}
[2025-04-11T19:11:45.884Z] [INFO] GET /api/jobs 304 - 94ms {
  "method": "GET",
  "url": "/api/jobs",
  "status": 304,
  "duration": 94,
  "ip": "::1",
  "userAgent": "Mozilla/5.0 (Macintosh; Intel Mac OS X 10_15_7) AppleWebKit/537.36 (KHTML, like Gecko) Chrome/134.0.0.0 Safari/537.36",
  "userId": "67f922e34e81393cc5253968"
}
[2025-04-11T19:11:49.254Z] [DEBUG] [testing] Incoming request: GET /api/jobs {
  "headers": {
    "host": "localhost:3000",
    "connection": "keep-alive",
    "sec-ch-ua-platform": "\"macOS\"",
    "authorization": "Bearer eyJhbGciOiJIUzI1NiIsInR5cCI6IkpXVCJ9.eyJ1c2VySWQiOiI2N2Y5MjJlMzRlODEzOTNjYzUyNTM5NjgiLCJpYXQiOjE3NDQzOTgxNTgsImV4cCI6MTc0Njk5MDE1OH0.O_D7N2lDowcrSkYIJEM9d8hv017vkayw4_UBSxxfMN0",
    "user-agent": "Mozilla/5.0 (Macintosh; Intel Mac OS X 10_15_7) AppleWebKit/537.36 (KHTML, like Gecko) Chrome/134.0.0.0 Safari/537.36",
    "sec-ch-ua": "\"Chromium\";v=\"134\", \"Not:A-Brand\";v=\"24\", \"Google Chrome\";v=\"134\"",
    "content-type": "application/json",
    "sec-ch-ua-mobile": "?0",
    "accept": "*/*",
    "origin": "http://localhost:5173",
    "sec-fetch-site": "same-site",
    "sec-fetch-mode": "cors",
    "sec-fetch-dest": "empty",
    "referer": "http://localhost:5173/",
    "accept-encoding": "gzip, deflate, br, zstd",
    "accept-language": "en-GB,en-US;q=0.9,en;q=0.8",
    "if-none-match": "W/\"2-l9Fw4VUO7kr8CvBlt4zaMCqXZ0w\""
  },
  "query": {},
  "params": {}
}
[2025-04-11T19:11:49.254Z] [DEBUG] Checking authentication headers {
  "url": "/api/jobs",
  "headers": "Authorization header present"
}
[2025-04-11T19:11:49.254Z] [DEBUG] Token extracted from header {
  "url": "/api/jobs"
}
[2025-04-11T19:11:49.256Z] [DEBUG] Token verified successfully {
  "userId": "67f922e34e81393cc5253968"
}
[2025-04-11T19:11:49.302Z] [DEBUG] User attached to request {
  "userId": "67f922e34e81393cc5253968",
  "route": "/api/jobs"
}
[2025-04-11T19:11:49.348Z] [INFO] GET /api/jobs 304 - 94ms {
  "method": "GET",
  "url": "/api/jobs",
  "status": 304,
  "duration": 94,
  "ip": "::1",
  "userAgent": "Mozilla/5.0 (Macintosh; Intel Mac OS X 10_15_7) AppleWebKit/537.36 (KHTML, like Gecko) Chrome/134.0.0.0 Safari/537.36",
  "userId": "67f922e34e81393cc5253968"
}
[2025-04-11T19:11:49.350Z] [DEBUG] [testing] Incoming request: GET /api/jobs {
  "headers": {
    "host": "localhost:3000",
    "connection": "keep-alive",
    "sec-ch-ua-platform": "\"macOS\"",
    "authorization": "Bearer eyJhbGciOiJIUzI1NiIsInR5cCI6IkpXVCJ9.eyJ1c2VySWQiOiI2N2Y5MjJlMzRlODEzOTNjYzUyNTM5NjgiLCJpYXQiOjE3NDQzOTgxNTgsImV4cCI6MTc0Njk5MDE1OH0.O_D7N2lDowcrSkYIJEM9d8hv017vkayw4_UBSxxfMN0",
    "user-agent": "Mozilla/5.0 (Macintosh; Intel Mac OS X 10_15_7) AppleWebKit/537.36 (KHTML, like Gecko) Chrome/134.0.0.0 Safari/537.36",
    "sec-ch-ua": "\"Chromium\";v=\"134\", \"Not:A-Brand\";v=\"24\", \"Google Chrome\";v=\"134\"",
    "content-type": "application/json",
    "sec-ch-ua-mobile": "?0",
    "accept": "*/*",
    "origin": "http://localhost:5173",
    "sec-fetch-site": "same-site",
    "sec-fetch-mode": "cors",
    "sec-fetch-dest": "empty",
    "referer": "http://localhost:5173/",
    "accept-encoding": "gzip, deflate, br, zstd",
    "accept-language": "en-GB,en-US;q=0.9,en;q=0.8",
    "if-none-match": "W/\"2-l9Fw4VUO7kr8CvBlt4zaMCqXZ0w\""
  },
  "query": {},
  "params": {}
}
[2025-04-11T19:11:49.350Z] [DEBUG] Checking authentication headers {
  "url": "/api/jobs",
  "headers": "Authorization header present"
}
[2025-04-11T19:11:49.350Z] [DEBUG] Token extracted from header {
  "url": "/api/jobs"
}
[2025-04-11T19:11:49.351Z] [DEBUG] Token verified successfully {
  "userId": "67f922e34e81393cc5253968"
}
[2025-04-11T19:11:49.396Z] [DEBUG] User attached to request {
  "userId": "67f922e34e81393cc5253968",
  "route": "/api/jobs"
}
[2025-04-11T19:11:49.443Z] [INFO] GET /api/jobs 304 - 94ms {
  "method": "GET",
  "url": "/api/jobs",
  "status": 304,
  "duration": 94,
  "ip": "::1",
  "userAgent": "Mozilla/5.0 (Macintosh; Intel Mac OS X 10_15_7) AppleWebKit/537.36 (KHTML, like Gecko) Chrome/134.0.0.0 Safari/537.36",
  "userId": "67f922e34e81393cc5253968"
}
[2025-04-11T19:23:33.088Z] [DEBUG] [testing] Incoming request: POST /api/auth/login {
  "headers": {
    "host": "localhost:3000",
    "connection": "keep-alive",
    "content-length": "65",
    "sec-ch-ua-platform": "\"macOS\"",
    "user-agent": "Mozilla/5.0 (Macintosh; Intel Mac OS X 10_15_7) AppleWebKit/537.36 (KHTML, like Gecko) Chrome/134.0.0.0 Safari/537.36",
    "sec-ch-ua": "\"Chromium\";v=\"134\", \"Not:A-Brand\";v=\"24\", \"Google Chrome\";v=\"134\"",
    "content-type": "application/json",
    "sec-ch-ua-mobile": "?0",
    "accept": "*/*",
    "origin": "http://localhost:5173",
    "sec-fetch-site": "same-site",
    "sec-fetch-mode": "cors",
    "sec-fetch-dest": "empty",
    "referer": "http://localhost:5173/",
    "accept-encoding": "gzip, deflate, br, zstd",
    "accept-language": "en-GB,en-US;q=0.9,en;q=0.8"
  },
  "body": {
    "email": "bailwalsiddharth@gmail.com",
    "password": "siddharth1382"
  },
  "query": {},
  "params": {}
}
[2025-04-11T19:23:33.089Z] [DEBUG] Login request received {
  "body": {
    "email": "bailwalsiddharth@gmail.com",
    "password": "[REDACTED]"
  }
}
[2025-04-11T19:23:33.088Z] [DEBUG] [testing] Request body {
  "url": "/api/auth/login",
  "method": "POST",
  "body": {
    "email": "bailwalsiddharth@gmail.com",
    "password": "siddharth1382"
  }
}
[2025-04-11T19:23:33.252Z] [INFO] User logged in successfully {
  "userId": "67f922e34e81393cc5253968"
}
[2025-04-11T19:23:33.253Z] [INFO] POST /api/auth/login 200 - 168ms {
  "method": "POST",
  "url": "/api/auth/login",
  "status": 200,
  "duration": 168,
  "ip": "::1",
  "userAgent": "Mozilla/5.0 (Macintosh; Intel Mac OS X 10_15_7) AppleWebKit/537.36 (KHTML, like Gecko) Chrome/134.0.0.0 Safari/537.36"
}
[2025-04-11T19:23:33.270Z] [DEBUG] [testing] Incoming request: GET /api/jobs {
  "headers": {
    "host": "localhost:3000",
    "connection": "keep-alive",
    "sec-ch-ua-platform": "\"macOS\"",
    "authorization": "Bearer eyJhbGciOiJIUzI1NiIsInR5cCI6IkpXVCJ9.eyJ1c2VySWQiOiI2N2Y5MjJlMzRlODEzOTNjYzUyNTM5NjgiLCJpYXQiOjE3NDQzOTk0MTMsImV4cCI6MTc0Njk5MTQxM30.vIkBlprE_MLJvgzKuStAf-WhoGtQUGRNXngUaWVn5pA",
    "user-agent": "Mozilla/5.0 (Macintosh; Intel Mac OS X 10_15_7) AppleWebKit/537.36 (KHTML, like Gecko) Chrome/134.0.0.0 Safari/537.36",
    "sec-ch-ua": "\"Chromium\";v=\"134\", \"Not:A-Brand\";v=\"24\", \"Google Chrome\";v=\"134\"",
    "content-type": "application/json",
    "sec-ch-ua-mobile": "?0",
    "accept": "*/*",
    "origin": "http://localhost:5173",
    "sec-fetch-site": "same-site",
    "sec-fetch-mode": "cors",
    "sec-fetch-dest": "empty",
    "referer": "http://localhost:5173/",
    "accept-encoding": "gzip, deflate, br, zstd",
    "accept-language": "en-GB,en-US;q=0.9,en;q=0.8",
    "if-none-match": "W/\"2-l9Fw4VUO7kr8CvBlt4zaMCqXZ0w\""
  },
  "query": {},
  "params": {}
}
[2025-04-11T19:23:33.271Z] [DEBUG] Token extracted from header {
  "url": "/api/jobs"
}
[2025-04-11T19:23:33.271Z] [DEBUG] Checking authentication headers {
  "url": "/api/jobs",
  "headers": "Authorization header present"
}
[2025-04-11T19:23:33.280Z] [DEBUG] Token verified successfully {
  "userId": "67f922e34e81393cc5253968"
}
[2025-04-11T19:23:33.326Z] [DEBUG] User attached to request {
  "userId": "67f922e34e81393cc5253968",
  "route": "/api/jobs"
}
[2025-04-11T19:23:33.369Z] [INFO] GET /api/jobs 304 - 99ms {
  "method": "GET",
  "url": "/api/jobs",
  "status": 304,
  "duration": 99,
  "ip": "::1",
  "userAgent": "Mozilla/5.0 (Macintosh; Intel Mac OS X 10_15_7) AppleWebKit/537.36 (KHTML, like Gecko) Chrome/134.0.0.0 Safari/537.36",
  "userId": "67f922e34e81393cc5253968"
}
[2025-04-11T19:23:33.370Z] [DEBUG] [testing] Incoming request: GET /api/jobs {
  "headers": {
    "host": "localhost:3000",
    "connection": "keep-alive",
    "sec-ch-ua-platform": "\"macOS\"",
    "authorization": "Bearer eyJhbGciOiJIUzI1NiIsInR5cCI6IkpXVCJ9.eyJ1c2VySWQiOiI2N2Y5MjJlMzRlODEzOTNjYzUyNTM5NjgiLCJpYXQiOjE3NDQzOTk0MTMsImV4cCI6MTc0Njk5MTQxM30.vIkBlprE_MLJvgzKuStAf-WhoGtQUGRNXngUaWVn5pA",
    "user-agent": "Mozilla/5.0 (Macintosh; Intel Mac OS X 10_15_7) AppleWebKit/537.36 (KHTML, like Gecko) Chrome/134.0.0.0 Safari/537.36",
    "sec-ch-ua": "\"Chromium\";v=\"134\", \"Not:A-Brand\";v=\"24\", \"Google Chrome\";v=\"134\"",
    "content-type": "application/json",
    "sec-ch-ua-mobile": "?0",
    "accept": "*/*",
    "origin": "http://localhost:5173",
    "sec-fetch-site": "same-site",
    "sec-fetch-mode": "cors",
    "sec-fetch-dest": "empty",
    "referer": "http://localhost:5173/",
    "accept-encoding": "gzip, deflate, br, zstd",
    "accept-language": "en-GB,en-US;q=0.9,en;q=0.8",
    "if-none-match": "W/\"2-l9Fw4VUO7kr8CvBlt4zaMCqXZ0w\""
  },
  "query": {},
  "params": {}
}
[2025-04-11T19:23:33.370Z] [DEBUG] Checking authentication headers {
  "url": "/api/jobs",
  "headers": "Authorization header present"
}
[2025-04-11T19:23:33.370Z] [DEBUG] Token extracted from header {
  "url": "/api/jobs"
}
[2025-04-11T19:23:33.370Z] [DEBUG] Token verified successfully {
  "userId": "67f922e34e81393cc5253968"
}
[2025-04-11T19:23:33.415Z] [DEBUG] User attached to request {
  "userId": "67f922e34e81393cc5253968",
  "route": "/api/jobs"
}
[2025-04-11T19:23:33.458Z] [INFO] GET /api/jobs 304 - 88ms {
  "method": "GET",
  "url": "/api/jobs",
  "status": 304,
  "duration": 88,
  "ip": "::1",
  "userAgent": "Mozilla/5.0 (Macintosh; Intel Mac OS X 10_15_7) AppleWebKit/537.36 (KHTML, like Gecko) Chrome/134.0.0.0 Safari/537.36",
  "userId": "67f922e34e81393cc5253968"
}
[2025-04-11T19:23:40.775Z] [DEBUG] Checking authentication headers {
  "url": "/api/jobs",
  "headers": "Authorization header present"
}
[2025-04-11T19:23:40.775Z] [DEBUG] [testing] Incoming request: GET /api/jobs {
  "headers": {
    "host": "localhost:3000",
    "connection": "keep-alive",
    "sec-ch-ua-platform": "\"macOS\"",
    "authorization": "Bearer eyJhbGciOiJIUzI1NiIsInR5cCI6IkpXVCJ9.eyJ1c2VySWQiOiI2N2Y5MjJlMzRlODEzOTNjYzUyNTM5NjgiLCJpYXQiOjE3NDQzOTk0MTMsImV4cCI6MTc0Njk5MTQxM30.vIkBlprE_MLJvgzKuStAf-WhoGtQUGRNXngUaWVn5pA",
    "user-agent": "Mozilla/5.0 (Macintosh; Intel Mac OS X 10_15_7) AppleWebKit/537.36 (KHTML, like Gecko) Chrome/134.0.0.0 Safari/537.36",
    "sec-ch-ua": "\"Chromium\";v=\"134\", \"Not:A-Brand\";v=\"24\", \"Google Chrome\";v=\"134\"",
    "content-type": "application/json",
    "sec-ch-ua-mobile": "?0",
    "accept": "*/*",
    "origin": "http://localhost:5173",
    "sec-fetch-site": "same-site",
    "sec-fetch-mode": "cors",
    "sec-fetch-dest": "empty",
    "referer": "http://localhost:5173/",
    "accept-encoding": "gzip, deflate, br, zstd",
    "accept-language": "en-GB,en-US;q=0.9,en;q=0.8",
    "if-none-match": "W/\"2-l9Fw4VUO7kr8CvBlt4zaMCqXZ0w\""
  },
  "query": {},
  "params": {}
}
[2025-04-11T19:23:40.775Z] [DEBUG] Token extracted from header {
  "url": "/api/jobs"
}
[2025-04-11T19:23:40.777Z] [DEBUG] Token verified successfully {
  "userId": "67f922e34e81393cc5253968"
}
[2025-04-11T19:23:40.828Z] [DEBUG] User attached to request {
  "userId": "67f922e34e81393cc5253968",
  "route": "/api/jobs"
}
[2025-04-11T19:23:40.874Z] [INFO] GET /api/jobs 304 - 98ms {
  "method": "GET",
  "url": "/api/jobs",
  "status": 304,
  "duration": 98,
  "ip": "::1",
  "userAgent": "Mozilla/5.0 (Macintosh; Intel Mac OS X 10_15_7) AppleWebKit/537.36 (KHTML, like Gecko) Chrome/134.0.0.0 Safari/537.36",
  "userId": "67f922e34e81393cc5253968"
}
[2025-04-11T19:23:40.875Z] [DEBUG] [testing] Incoming request: GET /api/jobs {
  "headers": {
    "host": "localhost:3000",
    "connection": "keep-alive",
    "sec-ch-ua-platform": "\"macOS\"",
    "authorization": "Bearer eyJhbGciOiJIUzI1NiIsInR5cCI6IkpXVCJ9.eyJ1c2VySWQiOiI2N2Y5MjJlMzRlODEzOTNjYzUyNTM5NjgiLCJpYXQiOjE3NDQzOTk0MTMsImV4cCI6MTc0Njk5MTQxM30.vIkBlprE_MLJvgzKuStAf-WhoGtQUGRNXngUaWVn5pA",
    "user-agent": "Mozilla/5.0 (Macintosh; Intel Mac OS X 10_15_7) AppleWebKit/537.36 (KHTML, like Gecko) Chrome/134.0.0.0 Safari/537.36",
    "sec-ch-ua": "\"Chromium\";v=\"134\", \"Not:A-Brand\";v=\"24\", \"Google Chrome\";v=\"134\"",
    "content-type": "application/json",
    "sec-ch-ua-mobile": "?0",
    "accept": "*/*",
    "origin": "http://localhost:5173",
    "sec-fetch-site": "same-site",
    "sec-fetch-mode": "cors",
    "sec-fetch-dest": "empty",
    "referer": "http://localhost:5173/",
    "accept-encoding": "gzip, deflate, br, zstd",
    "accept-language": "en-GB,en-US;q=0.9,en;q=0.8",
    "if-none-match": "W/\"2-l9Fw4VUO7kr8CvBlt4zaMCqXZ0w\""
  },
  "query": {},
  "params": {}
}
[2025-04-11T19:23:40.875Z] [DEBUG] Checking authentication headers {
  "url": "/api/jobs",
  "headers": "Authorization header present"
}
[2025-04-11T19:23:40.875Z] [DEBUG] Token extracted from header {
  "url": "/api/jobs"
}
[2025-04-11T19:23:40.876Z] [DEBUG] Token verified successfully {
  "userId": "67f922e34e81393cc5253968"
}
[2025-04-11T19:23:40.922Z] [DEBUG] User attached to request {
  "userId": "67f922e34e81393cc5253968",
  "route": "/api/jobs"
}
[2025-04-11T19:23:40.967Z] [INFO] GET /api/jobs 304 - 92ms {
  "method": "GET",
  "url": "/api/jobs",
  "status": 304,
  "duration": 92,
  "ip": "::1",
  "userAgent": "Mozilla/5.0 (Macintosh; Intel Mac OS X 10_15_7) AppleWebKit/537.36 (KHTML, like Gecko) Chrome/134.0.0.0 Safari/537.36",
  "userId": "67f922e34e81393cc5253968"
}
[2025-04-11T19:23:54.276Z] [DEBUG] [testing] Incoming request: GET /api/jobs {
  "headers": {
    "host": "localhost:3000",
    "connection": "keep-alive",
    "sec-ch-ua-platform": "\"macOS\"",
    "authorization": "Bearer eyJhbGciOiJIUzI1NiIsInR5cCI6IkpXVCJ9.eyJ1c2VySWQiOiI2N2Y5MjJlMzRlODEzOTNjYzUyNTM5NjgiLCJpYXQiOjE3NDQzOTk0MTMsImV4cCI6MTc0Njk5MTQxM30.vIkBlprE_MLJvgzKuStAf-WhoGtQUGRNXngUaWVn5pA",
    "user-agent": "Mozilla/5.0 (Macintosh; Intel Mac OS X 10_15_7) AppleWebKit/537.36 (KHTML, like Gecko) Chrome/134.0.0.0 Safari/537.36",
    "sec-ch-ua": "\"Chromium\";v=\"134\", \"Not:A-Brand\";v=\"24\", \"Google Chrome\";v=\"134\"",
    "content-type": "application/json",
    "sec-ch-ua-mobile": "?0",
    "accept": "*/*",
    "origin": "http://localhost:5173",
    "sec-fetch-site": "same-site",
    "sec-fetch-mode": "cors",
    "sec-fetch-dest": "empty",
    "referer": "http://localhost:5173/",
    "accept-encoding": "gzip, deflate, br, zstd",
    "accept-language": "en-GB,en-US;q=0.9,en;q=0.8",
    "if-none-match": "W/\"2-l9Fw4VUO7kr8CvBlt4zaMCqXZ0w\""
  },
  "query": {},
  "params": {}
}
[2025-04-11T19:23:54.277Z] [DEBUG] Checking authentication headers {
  "url": "/api/jobs",
  "headers": "Authorization header present"
}
[2025-04-11T19:23:54.277Z] [DEBUG] Token extracted from header {
  "url": "/api/jobs"
}
[2025-04-11T19:23:54.278Z] [DEBUG] Token verified successfully {
  "userId": "67f922e34e81393cc5253968"
}
[2025-04-11T19:23:54.327Z] [DEBUG] User attached to request {
  "userId": "67f922e34e81393cc5253968",
  "route": "/api/jobs"
}
[2025-04-11T19:23:54.375Z] [INFO] GET /api/jobs 304 - 99ms {
  "method": "GET",
  "url": "/api/jobs",
  "status": 304,
  "duration": 99,
  "ip": "::1",
  "userAgent": "Mozilla/5.0 (Macintosh; Intel Mac OS X 10_15_7) AppleWebKit/537.36 (KHTML, like Gecko) Chrome/134.0.0.0 Safari/537.36",
  "userId": "67f922e34e81393cc5253968"
}
[2025-04-11T19:23:54.377Z] [DEBUG] Token verified successfully {
  "userId": "67f922e34e81393cc5253968"
}
[2025-04-11T19:23:54.376Z] [DEBUG] Checking authentication headers {
  "url": "/api/jobs",
  "headers": "Authorization header present"
}
[2025-04-11T19:23:54.376Z] [DEBUG] Token extracted from header {
  "url": "/api/jobs"
}
[2025-04-11T19:23:54.376Z] [DEBUG] [testing] Incoming request: GET /api/jobs {
  "headers": {
    "host": "localhost:3000",
    "connection": "keep-alive",
    "sec-ch-ua-platform": "\"macOS\"",
    "authorization": "Bearer eyJhbGciOiJIUzI1NiIsInR5cCI6IkpXVCJ9.eyJ1c2VySWQiOiI2N2Y5MjJlMzRlODEzOTNjYzUyNTM5NjgiLCJpYXQiOjE3NDQzOTk0MTMsImV4cCI6MTc0Njk5MTQxM30.vIkBlprE_MLJvgzKuStAf-WhoGtQUGRNXngUaWVn5pA",
    "user-agent": "Mozilla/5.0 (Macintosh; Intel Mac OS X 10_15_7) AppleWebKit/537.36 (KHTML, like Gecko) Chrome/134.0.0.0 Safari/537.36",
    "sec-ch-ua": "\"Chromium\";v=\"134\", \"Not:A-Brand\";v=\"24\", \"Google Chrome\";v=\"134\"",
    "content-type": "application/json",
    "sec-ch-ua-mobile": "?0",
    "accept": "*/*",
    "origin": "http://localhost:5173",
    "sec-fetch-site": "same-site",
    "sec-fetch-mode": "cors",
    "sec-fetch-dest": "empty",
    "referer": "http://localhost:5173/",
    "accept-encoding": "gzip, deflate, br, zstd",
    "accept-language": "en-GB,en-US;q=0.9,en;q=0.8",
    "if-none-match": "W/\"2-l9Fw4VUO7kr8CvBlt4zaMCqXZ0w\""
  },
  "query": {},
  "params": {}
}
[2025-04-11T19:23:54.423Z] [DEBUG] User attached to request {
  "userId": "67f922e34e81393cc5253968",
  "route": "/api/jobs"
}
[2025-04-11T19:23:54.470Z] [INFO] GET /api/jobs 304 - 93ms {
  "method": "GET",
  "url": "/api/jobs",
  "status": 304,
  "duration": 93,
  "ip": "::1",
  "userAgent": "Mozilla/5.0 (Macintosh; Intel Mac OS X 10_15_7) AppleWebKit/537.36 (KHTML, like Gecko) Chrome/134.0.0.0 Safari/537.36",
  "userId": "67f922e34e81393cc5253968"
}
[2025-04-11T19:24:44.373Z] [DEBUG] Token extracted from header {
  "url": "/api/jobs"
}
[2025-04-11T19:24:44.372Z] [DEBUG] [testing] Incoming request: GET /api/jobs {
  "headers": {
    "host": "localhost:3000",
    "connection": "keep-alive",
    "sec-ch-ua-platform": "\"macOS\"",
    "authorization": "Bearer eyJhbGciOiJIUzI1NiIsInR5cCI6IkpXVCJ9.eyJ1c2VySWQiOiI2N2Y5MjJlMzRlODEzOTNjYzUyNTM5NjgiLCJpYXQiOjE3NDQzOTk0MTMsImV4cCI6MTc0Njk5MTQxM30.vIkBlprE_MLJvgzKuStAf-WhoGtQUGRNXngUaWVn5pA",
    "user-agent": "Mozilla/5.0 (Macintosh; Intel Mac OS X 10_15_7) AppleWebKit/537.36 (KHTML, like Gecko) Chrome/134.0.0.0 Safari/537.36",
    "sec-ch-ua": "\"Chromium\";v=\"134\", \"Not:A-Brand\";v=\"24\", \"Google Chrome\";v=\"134\"",
    "content-type": "application/json",
    "sec-ch-ua-mobile": "?0",
    "accept": "*/*",
    "origin": "http://localhost:5173",
    "sec-fetch-site": "same-site",
    "sec-fetch-mode": "cors",
    "sec-fetch-dest": "empty",
    "referer": "http://localhost:5173/",
    "accept-encoding": "gzip, deflate, br, zstd",
    "accept-language": "en-GB,en-US;q=0.9,en;q=0.8",
    "if-none-match": "W/\"2-l9Fw4VUO7kr8CvBlt4zaMCqXZ0w\""
  },
  "query": {},
  "params": {}
}
[2025-04-11T19:24:44.373Z] [DEBUG] Checking authentication headers {
  "url": "/api/jobs",
  "headers": "Authorization header present"
}
[2025-04-11T19:24:44.377Z] [DEBUG] Token verified successfully {
  "userId": "67f922e34e81393cc5253968"
}
[2025-04-11T19:24:44.441Z] [DEBUG] User attached to request {
  "userId": "67f922e34e81393cc5253968",
  "route": "/api/jobs"
}
[2025-04-11T19:24:44.490Z] [INFO] GET /api/jobs 304 - 117ms {
  "method": "GET",
  "url": "/api/jobs",
  "status": 304,
  "duration": 117,
  "ip": "::1",
  "userAgent": "Mozilla/5.0 (Macintosh; Intel Mac OS X 10_15_7) AppleWebKit/537.36 (KHTML, like Gecko) Chrome/134.0.0.0 Safari/537.36",
  "userId": "67f922e34e81393cc5253968"
}
[2025-04-11T19:24:44.491Z] [DEBUG] [testing] Incoming request: GET /api/jobs {
  "headers": {
    "host": "localhost:3000",
    "connection": "keep-alive",
    "sec-ch-ua-platform": "\"macOS\"",
    "authorization": "Bearer eyJhbGciOiJIUzI1NiIsInR5cCI6IkpXVCJ9.eyJ1c2VySWQiOiI2N2Y5MjJlMzRlODEzOTNjYzUyNTM5NjgiLCJpYXQiOjE3NDQzOTk0MTMsImV4cCI6MTc0Njk5MTQxM30.vIkBlprE_MLJvgzKuStAf-WhoGtQUGRNXngUaWVn5pA",
    "user-agent": "Mozilla/5.0 (Macintosh; Intel Mac OS X 10_15_7) AppleWebKit/537.36 (KHTML, like Gecko) Chrome/134.0.0.0 Safari/537.36",
    "sec-ch-ua": "\"Chromium\";v=\"134\", \"Not:A-Brand\";v=\"24\", \"Google Chrome\";v=\"134\"",
    "content-type": "application/json",
    "sec-ch-ua-mobile": "?0",
    "accept": "*/*",
    "origin": "http://localhost:5173",
    "sec-fetch-site": "same-site",
    "sec-fetch-mode": "cors",
    "sec-fetch-dest": "empty",
    "referer": "http://localhost:5173/",
    "accept-encoding": "gzip, deflate, br, zstd",
    "accept-language": "en-GB,en-US;q=0.9,en;q=0.8",
    "if-none-match": "W/\"2-l9Fw4VUO7kr8CvBlt4zaMCqXZ0w\""
  },
  "query": {},
  "params": {}
}
[2025-04-11T19:24:44.491Z] [DEBUG] Checking authentication headers {
  "url": "/api/jobs",
  "headers": "Authorization header present"
}
[2025-04-11T19:24:44.491Z] [DEBUG] Token extracted from header {
  "url": "/api/jobs"
}
[2025-04-11T19:24:44.492Z] [DEBUG] Token verified successfully {
  "userId": "67f922e34e81393cc5253968"
}
[2025-04-11T19:24:44.537Z] [DEBUG] User attached to request {
  "userId": "67f922e34e81393cc5253968",
  "route": "/api/jobs"
}
[2025-04-11T19:24:44.583Z] [INFO] GET /api/jobs 304 - 93ms {
  "method": "GET",
  "url": "/api/jobs",
  "status": 304,
  "duration": 93,
  "ip": "::1",
  "userAgent": "Mozilla/5.0 (Macintosh; Intel Mac OS X 10_15_7) AppleWebKit/537.36 (KHTML, like Gecko) Chrome/134.0.0.0 Safari/537.36",
  "userId": "67f922e34e81393cc5253968"
}
[2025-04-11T19:27:00.404Z] [DEBUG] Login request received {
  "body": {
    "email": "bailwalsiddharth@gmail.com",
    "password": "[REDACTED]"
  }
}
[2025-04-11T19:27:00.404Z] [DEBUG] [testing] Request body {
  "url": "/api/auth/login",
  "method": "POST",
  "body": {
    "email": "bailwalsiddharth@gmail.com",
    "password": "siddharth1382"
  }
}
[2025-04-11T19:27:00.404Z] [DEBUG] [testing] Incoming request: POST /api/auth/login {
  "headers": {
    "host": "localhost:3000",
    "connection": "keep-alive",
    "content-length": "65",
    "sec-ch-ua-platform": "\"macOS\"",
    "user-agent": "Mozilla/5.0 (Macintosh; Intel Mac OS X 10_15_7) AppleWebKit/537.36 (KHTML, like Gecko) Chrome/134.0.0.0 Safari/537.36",
    "sec-ch-ua": "\"Chromium\";v=\"134\", \"Not:A-Brand\";v=\"24\", \"Google Chrome\";v=\"134\"",
    "content-type": "application/json",
    "sec-ch-ua-mobile": "?0",
    "accept": "*/*",
    "origin": "http://localhost:5173",
    "sec-fetch-site": "same-site",
    "sec-fetch-mode": "cors",
    "sec-fetch-dest": "empty",
    "referer": "http://localhost:5173/",
    "accept-encoding": "gzip, deflate, br, zstd",
    "accept-language": "en-GB,en-US;q=0.9,en;q=0.8"
  },
  "body": {
    "email": "bailwalsiddharth@gmail.com",
    "password": "siddharth1382"
  },
  "query": {},
  "params": {}
}
[2025-04-11T19:27:00.558Z] [INFO] User logged in successfully {
  "userId": "67f922e34e81393cc5253968"
}
[2025-04-11T19:27:00.558Z] [INFO] POST /api/auth/login 200 - 155ms {
  "method": "POST",
  "url": "/api/auth/login",
  "status": 200,
  "duration": 155,
  "ip": "::1",
  "userAgent": "Mozilla/5.0 (Macintosh; Intel Mac OS X 10_15_7) AppleWebKit/537.36 (KHTML, like Gecko) Chrome/134.0.0.0 Safari/537.36"
}
[2025-04-11T19:27:00.570Z] [DEBUG] [testing] Incoming request: GET /api/jobs {
  "headers": {
    "host": "localhost:3000",
    "connection": "keep-alive",
    "sec-ch-ua-platform": "\"macOS\"",
    "authorization": "Bearer eyJhbGciOiJIUzI1NiIsInR5cCI6IkpXVCJ9.eyJ1c2VySWQiOiI2N2Y5MjJlMzRlODEzOTNjYzUyNTM5NjgiLCJpYXQiOjE3NDQzOTk2MjAsImV4cCI6MTc0Njk5MTYyMH0.XP80oY-bpNCawu_IQJgnysIGjvoUkJ1gP8xgfvu5fMI",
    "user-agent": "Mozilla/5.0 (Macintosh; Intel Mac OS X 10_15_7) AppleWebKit/537.36 (KHTML, like Gecko) Chrome/134.0.0.0 Safari/537.36",
    "sec-ch-ua": "\"Chromium\";v=\"134\", \"Not:A-Brand\";v=\"24\", \"Google Chrome\";v=\"134\"",
    "content-type": "application/json",
    "sec-ch-ua-mobile": "?0",
    "accept": "*/*",
    "origin": "http://localhost:5173",
    "sec-fetch-site": "same-site",
    "sec-fetch-mode": "cors",
    "sec-fetch-dest": "empty",
    "referer": "http://localhost:5173/",
    "accept-encoding": "gzip, deflate, br, zstd",
    "accept-language": "en-GB,en-US;q=0.9,en;q=0.8",
    "if-none-match": "W/\"2-l9Fw4VUO7kr8CvBlt4zaMCqXZ0w\""
  },
  "query": {},
  "params": {}
}
[2025-04-11T19:27:00.571Z] [DEBUG] Token verified successfully {
  "userId": "67f922e34e81393cc5253968"
}
[2025-04-11T19:27:00.570Z] [DEBUG] Checking authentication headers {
  "url": "/api/jobs",
  "headers": "Authorization header present"
}
[2025-04-11T19:27:00.570Z] [DEBUG] Token extracted from header {
  "url": "/api/jobs"
}
[2025-04-11T19:27:00.614Z] [DEBUG] User attached to request {
  "userId": "67f922e34e81393cc5253968",
  "route": "/api/jobs"
}
[2025-04-11T19:27:00.658Z] [INFO] GET /api/jobs 304 - 88ms {
  "method": "GET",
  "url": "/api/jobs",
  "status": 304,
  "duration": 88,
  "ip": "::1",
  "userAgent": "Mozilla/5.0 (Macintosh; Intel Mac OS X 10_15_7) AppleWebKit/537.36 (KHTML, like Gecko) Chrome/134.0.0.0 Safari/537.36",
  "userId": "67f922e34e81393cc5253968"
}
[2025-04-11T19:27:00.659Z] [DEBUG] [testing] Incoming request: GET /api/jobs {
  "headers": {
    "host": "localhost:3000",
    "connection": "keep-alive",
    "sec-ch-ua-platform": "\"macOS\"",
    "authorization": "Bearer eyJhbGciOiJIUzI1NiIsInR5cCI6IkpXVCJ9.eyJ1c2VySWQiOiI2N2Y5MjJlMzRlODEzOTNjYzUyNTM5NjgiLCJpYXQiOjE3NDQzOTk2MjAsImV4cCI6MTc0Njk5MTYyMH0.XP80oY-bpNCawu_IQJgnysIGjvoUkJ1gP8xgfvu5fMI",
    "user-agent": "Mozilla/5.0 (Macintosh; Intel Mac OS X 10_15_7) AppleWebKit/537.36 (KHTML, like Gecko) Chrome/134.0.0.0 Safari/537.36",
    "sec-ch-ua": "\"Chromium\";v=\"134\", \"Not:A-Brand\";v=\"24\", \"Google Chrome\";v=\"134\"",
    "content-type": "application/json",
    "sec-ch-ua-mobile": "?0",
    "accept": "*/*",
    "origin": "http://localhost:5173",
    "sec-fetch-site": "same-site",
    "sec-fetch-mode": "cors",
    "sec-fetch-dest": "empty",
    "referer": "http://localhost:5173/",
    "accept-encoding": "gzip, deflate, br, zstd",
    "accept-language": "en-GB,en-US;q=0.9,en;q=0.8",
    "if-none-match": "W/\"2-l9Fw4VUO7kr8CvBlt4zaMCqXZ0w\""
  },
  "query": {},
  "params": {}
}
[2025-04-11T19:27:00.659Z] [DEBUG] Checking authentication headers {
  "url": "/api/jobs",
  "headers": "Authorization header present"
}
[2025-04-11T19:27:00.659Z] [DEBUG] Token extracted from header {
  "url": "/api/jobs"
}
[2025-04-11T19:27:00.659Z] [DEBUG] Token verified successfully {
  "userId": "67f922e34e81393cc5253968"
}
[2025-04-11T19:27:00.704Z] [DEBUG] User attached to request {
  "userId": "67f922e34e81393cc5253968",
  "route": "/api/jobs"
}
[2025-04-11T19:27:00.747Z] [INFO] GET /api/jobs 304 - 88ms {
  "method": "GET",
  "url": "/api/jobs",
  "status": 304,
  "duration": 88,
  "ip": "::1",
  "userAgent": "Mozilla/5.0 (Macintosh; Intel Mac OS X 10_15_7) AppleWebKit/537.36 (KHTML, like Gecko) Chrome/134.0.0.0 Safari/537.36",
  "userId": "67f922e34e81393cc5253968"
}
[2025-04-11T19:27:06.040Z] [DEBUG] [testing] Incoming request: GET /api/jobs {
  "headers": {
    "host": "localhost:3000",
    "connection": "keep-alive",
    "sec-ch-ua-platform": "\"macOS\"",
    "authorization": "Bearer eyJhbGciOiJIUzI1NiIsInR5cCI6IkpXVCJ9.eyJ1c2VySWQiOiI2N2Y5MjJlMzRlODEzOTNjYzUyNTM5NjgiLCJpYXQiOjE3NDQzOTk2MjAsImV4cCI6MTc0Njk5MTYyMH0.XP80oY-bpNCawu_IQJgnysIGjvoUkJ1gP8xgfvu5fMI",
    "user-agent": "Mozilla/5.0 (Macintosh; Intel Mac OS X 10_15_7) AppleWebKit/537.36 (KHTML, like Gecko) Chrome/134.0.0.0 Safari/537.36",
    "sec-ch-ua": "\"Chromium\";v=\"134\", \"Not:A-Brand\";v=\"24\", \"Google Chrome\";v=\"134\"",
    "content-type": "application/json",
    "sec-ch-ua-mobile": "?0",
    "accept": "*/*",
    "origin": "http://localhost:5173",
    "sec-fetch-site": "same-site",
    "sec-fetch-mode": "cors",
    "sec-fetch-dest": "empty",
    "referer": "http://localhost:5173/",
    "accept-encoding": "gzip, deflate, br, zstd",
    "accept-language": "en-GB,en-US;q=0.9,en;q=0.8",
    "if-none-match": "W/\"2-l9Fw4VUO7kr8CvBlt4zaMCqXZ0w\""
  },
  "query": {},
  "params": {}
}
[2025-04-11T19:27:06.041Z] [DEBUG] Checking authentication headers {
  "url": "/api/jobs",
  "headers": "Authorization header present"
}
[2025-04-11T19:27:06.041Z] [DEBUG] Token extracted from header {
  "url": "/api/jobs"
}
[2025-04-11T19:27:06.042Z] [DEBUG] Token verified successfully {
  "userId": "67f922e34e81393cc5253968"
}
[2025-04-11T19:27:06.091Z] [DEBUG] User attached to request {
  "userId": "67f922e34e81393cc5253968",
  "route": "/api/jobs"
}
[2025-04-11T19:27:06.138Z] [INFO] GET /api/jobs 304 - 98ms {
  "method": "GET",
  "url": "/api/jobs",
  "status": 304,
  "duration": 98,
  "ip": "::1",
  "userAgent": "Mozilla/5.0 (Macintosh; Intel Mac OS X 10_15_7) AppleWebKit/537.36 (KHTML, like Gecko) Chrome/134.0.0.0 Safari/537.36",
  "userId": "67f922e34e81393cc5253968"
}
[2025-04-11T19:27:06.142Z] [DEBUG] Token verified successfully {
  "userId": "67f922e34e81393cc5253968"
}
[2025-04-11T19:27:06.141Z] [DEBUG] [testing] Incoming request: GET /api/jobs {
  "headers": {
    "host": "localhost:3000",
    "connection": "keep-alive",
    "sec-ch-ua-platform": "\"macOS\"",
    "authorization": "Bearer eyJhbGciOiJIUzI1NiIsInR5cCI6IkpXVCJ9.eyJ1c2VySWQiOiI2N2Y5MjJlMzRlODEzOTNjYzUyNTM5NjgiLCJpYXQiOjE3NDQzOTk2MjAsImV4cCI6MTc0Njk5MTYyMH0.XP80oY-bpNCawu_IQJgnysIGjvoUkJ1gP8xgfvu5fMI",
    "user-agent": "Mozilla/5.0 (Macintosh; Intel Mac OS X 10_15_7) AppleWebKit/537.36 (KHTML, like Gecko) Chrome/134.0.0.0 Safari/537.36",
    "sec-ch-ua": "\"Chromium\";v=\"134\", \"Not:A-Brand\";v=\"24\", \"Google Chrome\";v=\"134\"",
    "content-type": "application/json",
    "sec-ch-ua-mobile": "?0",
    "accept": "*/*",
    "origin": "http://localhost:5173",
    "sec-fetch-site": "same-site",
    "sec-fetch-mode": "cors",
    "sec-fetch-dest": "empty",
    "referer": "http://localhost:5173/",
    "accept-encoding": "gzip, deflate, br, zstd",
    "accept-language": "en-GB,en-US;q=0.9,en;q=0.8",
    "if-none-match": "W/\"2-l9Fw4VUO7kr8CvBlt4zaMCqXZ0w\""
  },
  "query": {},
  "params": {}
}
[2025-04-11T19:27:06.141Z] [DEBUG] Token extracted from header {
  "url": "/api/jobs"
}
[2025-04-11T19:27:06.141Z] [DEBUG] Checking authentication headers {
  "url": "/api/jobs",
  "headers": "Authorization header present"
}
[2025-04-11T19:27:06.188Z] [DEBUG] User attached to request {
  "userId": "67f922e34e81393cc5253968",
  "route": "/api/jobs"
}
[2025-04-11T19:27:06.234Z] [INFO] GET /api/jobs 304 - 93ms {
  "method": "GET",
  "url": "/api/jobs",
  "status": 304,
  "duration": 93,
  "ip": "::1",
  "userAgent": "Mozilla/5.0 (Macintosh; Intel Mac OS X 10_15_7) AppleWebKit/537.36 (KHTML, like Gecko) Chrome/134.0.0.0 Safari/537.36",
  "userId": "67f922e34e81393cc5253968"
}
[2025-04-11T19:27:15.406Z] [DEBUG] [testing] Incoming request: GET /api/jobs {
  "headers": {
    "host": "localhost:3000",
    "connection": "keep-alive",
    "sec-ch-ua-platform": "\"macOS\"",
    "authorization": "Bearer eyJhbGciOiJIUzI1NiIsInR5cCI6IkpXVCJ9.eyJ1c2VySWQiOiI2N2Y5MjJlMzRlODEzOTNjYzUyNTM5NjgiLCJpYXQiOjE3NDQzOTk2MjAsImV4cCI6MTc0Njk5MTYyMH0.XP80oY-bpNCawu_IQJgnysIGjvoUkJ1gP8xgfvu5fMI",
    "user-agent": "Mozilla/5.0 (Macintosh; Intel Mac OS X 10_15_7) AppleWebKit/537.36 (KHTML, like Gecko) Chrome/134.0.0.0 Safari/537.36",
    "sec-ch-ua": "\"Chromium\";v=\"134\", \"Not:A-Brand\";v=\"24\", \"Google Chrome\";v=\"134\"",
    "content-type": "application/json",
    "sec-ch-ua-mobile": "?0",
    "accept": "*/*",
    "origin": "http://localhost:5173",
    "sec-fetch-site": "same-site",
    "sec-fetch-mode": "cors",
    "sec-fetch-dest": "empty",
    "referer": "http://localhost:5173/",
    "accept-encoding": "gzip, deflate, br, zstd",
    "accept-language": "en-GB,en-US;q=0.9,en;q=0.8",
    "if-none-match": "W/\"2-l9Fw4VUO7kr8CvBlt4zaMCqXZ0w\""
  },
  "query": {},
  "params": {}
}
[2025-04-11T19:27:15.406Z] [DEBUG] Checking authentication headers {
  "url": "/api/jobs",
  "headers": "Authorization header present"
}
[2025-04-11T19:27:15.406Z] [DEBUG] Token extracted from header {
  "url": "/api/jobs"
}
[2025-04-11T19:27:15.408Z] [DEBUG] Token verified successfully {
  "userId": "67f922e34e81393cc5253968"
}
[2025-04-11T19:27:15.461Z] [DEBUG] User attached to request {
  "userId": "67f922e34e81393cc5253968",
  "route": "/api/jobs"
}
[2025-04-11T19:27:15.508Z] [INFO] GET /api/jobs 304 - 102ms {
  "method": "GET",
  "url": "/api/jobs",
  "status": 304,
  "duration": 102,
  "ip": "::1",
  "userAgent": "Mozilla/5.0 (Macintosh; Intel Mac OS X 10_15_7) AppleWebKit/537.36 (KHTML, like Gecko) Chrome/134.0.0.0 Safari/537.36",
  "userId": "67f922e34e81393cc5253968"
}
[2025-04-11T19:27:15.509Z] [DEBUG] [testing] Incoming request: GET /api/jobs {
  "headers": {
    "host": "localhost:3000",
    "connection": "keep-alive",
    "sec-ch-ua-platform": "\"macOS\"",
    "authorization": "Bearer eyJhbGciOiJIUzI1NiIsInR5cCI6IkpXVCJ9.eyJ1c2VySWQiOiI2N2Y5MjJlMzRlODEzOTNjYzUyNTM5NjgiLCJpYXQiOjE3NDQzOTk2MjAsImV4cCI6MTc0Njk5MTYyMH0.XP80oY-bpNCawu_IQJgnysIGjvoUkJ1gP8xgfvu5fMI",
    "user-agent": "Mozilla/5.0 (Macintosh; Intel Mac OS X 10_15_7) AppleWebKit/537.36 (KHTML, like Gecko) Chrome/134.0.0.0 Safari/537.36",
    "sec-ch-ua": "\"Chromium\";v=\"134\", \"Not:A-Brand\";v=\"24\", \"Google Chrome\";v=\"134\"",
    "content-type": "application/json",
    "sec-ch-ua-mobile": "?0",
    "accept": "*/*",
    "origin": "http://localhost:5173",
    "sec-fetch-site": "same-site",
    "sec-fetch-mode": "cors",
    "sec-fetch-dest": "empty",
    "referer": "http://localhost:5173/",
    "accept-encoding": "gzip, deflate, br, zstd",
    "accept-language": "en-GB,en-US;q=0.9,en;q=0.8",
    "if-none-match": "W/\"2-l9Fw4VUO7kr8CvBlt4zaMCqXZ0w\""
  },
  "query": {},
  "params": {}
}
[2025-04-11T19:27:15.509Z] [DEBUG] Checking authentication headers {
  "url": "/api/jobs",
  "headers": "Authorization header present"
}
[2025-04-11T19:27:15.509Z] [DEBUG] Token extracted from header {
  "url": "/api/jobs"
}
[2025-04-11T19:27:15.511Z] [DEBUG] Token verified successfully {
  "userId": "67f922e34e81393cc5253968"
}
[2025-04-11T19:27:15.557Z] [DEBUG] User attached to request {
  "userId": "67f922e34e81393cc5253968",
  "route": "/api/jobs"
}
[2025-04-11T19:27:15.603Z] [INFO] GET /api/jobs 304 - 93ms {
  "method": "GET",
  "url": "/api/jobs",
  "status": 304,
  "duration": 93,
  "ip": "::1",
  "userAgent": "Mozilla/5.0 (Macintosh; Intel Mac OS X 10_15_7) AppleWebKit/537.36 (KHTML, like Gecko) Chrome/134.0.0.0 Safari/537.36",
  "userId": "67f922e34e81393cc5253968"
}
[2025-04-11T19:30:03.864Z] [DEBUG] Token extracted from header {
  "url": "/api/jobs"
}
[2025-04-11T19:30:03.864Z] [DEBUG] Checking authentication headers {
  "url": "/api/jobs",
  "headers": "Authorization header present"
}
[2025-04-11T19:30:03.863Z] [DEBUG] [testing] Incoming request: GET /api/jobs {
  "headers": {
    "host": "localhost:3000",
    "connection": "keep-alive",
    "sec-ch-ua-platform": "\"macOS\"",
    "authorization": "Bearer eyJhbGciOiJIUzI1NiIsInR5cCI6IkpXVCJ9.eyJ1c2VySWQiOiI2N2Y5MjJlMzRlODEzOTNjYzUyNTM5NjgiLCJpYXQiOjE3NDQzOTk2MjAsImV4cCI6MTc0Njk5MTYyMH0.XP80oY-bpNCawu_IQJgnysIGjvoUkJ1gP8xgfvu5fMI",
    "user-agent": "Mozilla/5.0 (Macintosh; Intel Mac OS X 10_15_7) AppleWebKit/537.36 (KHTML, like Gecko) Chrome/134.0.0.0 Safari/537.36",
    "sec-ch-ua": "\"Chromium\";v=\"134\", \"Not:A-Brand\";v=\"24\", \"Google Chrome\";v=\"134\"",
    "content-type": "application/json",
    "sec-ch-ua-mobile": "?0",
    "accept": "*/*",
    "origin": "http://localhost:5173",
    "sec-fetch-site": "same-site",
    "sec-fetch-mode": "cors",
    "sec-fetch-dest": "empty",
    "referer": "http://localhost:5173/",
    "accept-encoding": "gzip, deflate, br, zstd",
    "accept-language": "en-GB,en-US;q=0.9,en;q=0.8",
    "if-none-match": "W/\"2-l9Fw4VUO7kr8CvBlt4zaMCqXZ0w\""
  },
  "query": {},
  "params": {}
}
[2025-04-11T19:30:03.866Z] [DEBUG] Token verified successfully {
  "userId": "67f922e34e81393cc5253968"
}
[2025-04-11T19:30:03.913Z] [DEBUG] User attached to request {
  "userId": "67f922e34e81393cc5253968",
  "route": "/api/jobs"
}
[2025-04-11T19:30:03.959Z] [INFO] GET /api/jobs 304 - 95ms {
  "method": "GET",
  "url": "/api/jobs",
  "status": 304,
  "duration": 95,
  "ip": "::1",
  "userAgent": "Mozilla/5.0 (Macintosh; Intel Mac OS X 10_15_7) AppleWebKit/537.36 (KHTML, like Gecko) Chrome/134.0.0.0 Safari/537.36",
  "userId": "67f922e34e81393cc5253968"
}
[2025-04-11T19:30:03.960Z] [DEBUG] [testing] Incoming request: GET /api/jobs {
  "headers": {
    "host": "localhost:3000",
    "connection": "keep-alive",
    "sec-ch-ua-platform": "\"macOS\"",
    "authorization": "Bearer eyJhbGciOiJIUzI1NiIsInR5cCI6IkpXVCJ9.eyJ1c2VySWQiOiI2N2Y5MjJlMzRlODEzOTNjYzUyNTM5NjgiLCJpYXQiOjE3NDQzOTk2MjAsImV4cCI6MTc0Njk5MTYyMH0.XP80oY-bpNCawu_IQJgnysIGjvoUkJ1gP8xgfvu5fMI",
    "user-agent": "Mozilla/5.0 (Macintosh; Intel Mac OS X 10_15_7) AppleWebKit/537.36 (KHTML, like Gecko) Chrome/134.0.0.0 Safari/537.36",
    "sec-ch-ua": "\"Chromium\";v=\"134\", \"Not:A-Brand\";v=\"24\", \"Google Chrome\";v=\"134\"",
    "content-type": "application/json",
    "sec-ch-ua-mobile": "?0",
    "accept": "*/*",
    "origin": "http://localhost:5173",
    "sec-fetch-site": "same-site",
    "sec-fetch-mode": "cors",
    "sec-fetch-dest": "empty",
    "referer": "http://localhost:5173/",
    "accept-encoding": "gzip, deflate, br, zstd",
    "accept-language": "en-GB,en-US;q=0.9,en;q=0.8",
    "if-none-match": "W/\"2-l9Fw4VUO7kr8CvBlt4zaMCqXZ0w\""
  },
  "query": {},
  "params": {}
}
[2025-04-11T19:30:03.960Z] [DEBUG] Checking authentication headers {
  "url": "/api/jobs",
  "headers": "Authorization header present"
}
[2025-04-11T19:30:03.960Z] [DEBUG] Token extracted from header {
  "url": "/api/jobs"
}
[2025-04-11T19:30:03.962Z] [DEBUG] Token verified successfully {
  "userId": "67f922e34e81393cc5253968"
}
[2025-04-11T19:30:04.007Z] [DEBUG] User attached to request {
  "userId": "67f922e34e81393cc5253968",
  "route": "/api/jobs"
}
[2025-04-11T19:30:04.052Z] [INFO] GET /api/jobs 304 - 92ms {
  "method": "GET",
  "url": "/api/jobs",
  "status": 304,
  "duration": 92,
  "ip": "::1",
  "userAgent": "Mozilla/5.0 (Macintosh; Intel Mac OS X 10_15_7) AppleWebKit/537.36 (KHTML, like Gecko) Chrome/134.0.0.0 Safari/537.36",
  "userId": "67f922e34e81393cc5253968"
}
[2025-04-11T19:30:24.241Z] [DEBUG] [testing] Request body {
  "url": "/api/jobs",
  "method": "POST",
  "body": {
    "position": "SDE",
    "company": "swiggy",
    "jobLocation": "Remote",
    "status": "pending",
    "jobType": "full-time",
    "dateOfApplication": "2025-12-12",
    "link": "https://www.zomato.com/careers"
  }
}
[2025-04-11T19:30:24.240Z] [DEBUG] [testing] Incoming request: POST /api/jobs {
  "headers": {
    "host": "localhost:3000",
    "connection": "keep-alive",
    "content-length": "174",
    "sec-ch-ua-platform": "\"macOS\"",
    "authorization": "Bearer eyJhbGciOiJIUzI1NiIsInR5cCI6IkpXVCJ9.eyJ1c2VySWQiOiI2N2Y5MjJlMzRlODEzOTNjYzUyNTM5NjgiLCJpYXQiOjE3NDQzOTk2MjAsImV4cCI6MTc0Njk5MTYyMH0.XP80oY-bpNCawu_IQJgnysIGjvoUkJ1gP8xgfvu5fMI",
    "user-agent": "Mozilla/5.0 (Macintosh; Intel Mac OS X 10_15_7) AppleWebKit/537.36 (KHTML, like Gecko) Chrome/134.0.0.0 Safari/537.36",
    "sec-ch-ua": "\"Chromium\";v=\"134\", \"Not:A-Brand\";v=\"24\", \"Google Chrome\";v=\"134\"",
    "content-type": "application/json",
    "sec-ch-ua-mobile": "?0",
    "accept": "*/*",
    "origin": "http://localhost:5173",
    "sec-fetch-site": "same-site",
    "sec-fetch-mode": "cors",
    "sec-fetch-dest": "empty",
    "referer": "http://localhost:5173/",
    "accept-encoding": "gzip, deflate, br, zstd",
    "accept-language": "en-GB,en-US;q=0.9,en;q=0.8"
  },
  "body": {
    "position": "SDE",
    "company": "swiggy",
    "jobLocation": "Remote",
    "status": "pending",
    "jobType": "full-time",
    "dateOfApplication": "2025-12-12",
    "link": "https://www.zomato.com/careers"
  },
  "query": {},
  "params": {}
}
[2025-04-11T19:30:24.241Z] [DEBUG] Checking authentication headers {
  "url": "/api/jobs",
  "headers": "Authorization header present"
}
[2025-04-11T19:30:24.241Z] [DEBUG] Token extracted from header {
  "url": "/api/jobs"
}
[2025-04-11T19:30:24.243Z] [DEBUG] Token verified successfully {
  "userId": "67f922e34e81393cc5253968"
}
[2025-04-11T19:30:24.290Z] [DEBUG] User attached to request {
  "userId": "67f922e34e81393cc5253968",
  "route": "/api/jobs"
}
[2025-04-11T19:30:24.353Z] [INFO] POST /api/jobs 201 - 114ms {
  "method": "POST",
  "url": "/api/jobs",
  "status": 201,
  "duration": 114,
  "ip": "::1",
  "userAgent": "Mozilla/5.0 (Macintosh; Intel Mac OS X 10_15_7) AppleWebKit/537.36 (KHTML, like Gecko) Chrome/134.0.0.0 Safari/537.36",
  "userId": "67f922e34e81393cc5253968"
}
[2025-04-11T19:30:24.371Z] [DEBUG] [testing] Incoming request: GET /api/jobs {
  "headers": {
    "host": "localhost:3000",
    "connection": "keep-alive",
    "sec-ch-ua-platform": "\"macOS\"",
    "authorization": "Bearer eyJhbGciOiJIUzI1NiIsInR5cCI6IkpXVCJ9.eyJ1c2VySWQiOiI2N2Y5MjJlMzRlODEzOTNjYzUyNTM5NjgiLCJpYXQiOjE3NDQzOTk2MjAsImV4cCI6MTc0Njk5MTYyMH0.XP80oY-bpNCawu_IQJgnysIGjvoUkJ1gP8xgfvu5fMI",
    "user-agent": "Mozilla/5.0 (Macintosh; Intel Mac OS X 10_15_7) AppleWebKit/537.36 (KHTML, like Gecko) Chrome/134.0.0.0 Safari/537.36",
    "sec-ch-ua": "\"Chromium\";v=\"134\", \"Not:A-Brand\";v=\"24\", \"Google Chrome\";v=\"134\"",
    "content-type": "application/json",
    "sec-ch-ua-mobile": "?0",
    "accept": "*/*",
    "origin": "http://localhost:5173",
    "sec-fetch-site": "same-site",
    "sec-fetch-mode": "cors",
    "sec-fetch-dest": "empty",
    "referer": "http://localhost:5173/",
    "accept-encoding": "gzip, deflate, br, zstd",
    "accept-language": "en-GB,en-US;q=0.9,en;q=0.8"
  },
  "query": {},
  "params": {}
}
[2025-04-11T19:30:24.371Z] [DEBUG] Checking authentication headers {
  "url": "/api/jobs",
  "headers": "Authorization header present"
}
[2025-04-11T19:30:24.371Z] [DEBUG] Token extracted from header {
  "url": "/api/jobs"
}
[2025-04-11T19:30:24.372Z] [DEBUG] Token verified successfully {
  "userId": "67f922e34e81393cc5253968"
}
[2025-04-11T19:30:24.417Z] [DEBUG] User attached to request {
  "userId": "67f922e34e81393cc5253968",
  "route": "/api/jobs"
}
[2025-04-11T19:30:24.464Z] [INFO] GET /api/jobs 200 - 94ms {
  "method": "GET",
  "url": "/api/jobs",
  "status": 200,
  "duration": 94,
  "ip": "::1",
  "userAgent": "Mozilla/5.0 (Macintosh; Intel Mac OS X 10_15_7) AppleWebKit/537.36 (KHTML, like Gecko) Chrome/134.0.0.0 Safari/537.36",
  "userId": "67f922e34e81393cc5253968"
}
[2025-04-11T19:30:24.466Z] [DEBUG] [testing] Incoming request: GET /api/jobs {
  "headers": {
    "host": "localhost:3000",
    "connection": "keep-alive",
    "sec-ch-ua-platform": "\"macOS\"",
    "authorization": "Bearer eyJhbGciOiJIUzI1NiIsInR5cCI6IkpXVCJ9.eyJ1c2VySWQiOiI2N2Y5MjJlMzRlODEzOTNjYzUyNTM5NjgiLCJpYXQiOjE3NDQzOTk2MjAsImV4cCI6MTc0Njk5MTYyMH0.XP80oY-bpNCawu_IQJgnysIGjvoUkJ1gP8xgfvu5fMI",
    "user-agent": "Mozilla/5.0 (Macintosh; Intel Mac OS X 10_15_7) AppleWebKit/537.36 (KHTML, like Gecko) Chrome/134.0.0.0 Safari/537.36",
    "sec-ch-ua": "\"Chromium\";v=\"134\", \"Not:A-Brand\";v=\"24\", \"Google Chrome\";v=\"134\"",
    "content-type": "application/json",
    "sec-ch-ua-mobile": "?0",
    "accept": "*/*",
    "origin": "http://localhost:5173",
    "sec-fetch-site": "same-site",
    "sec-fetch-mode": "cors",
    "sec-fetch-dest": "empty",
    "referer": "http://localhost:5173/",
    "accept-encoding": "gzip, deflate, br, zstd",
    "accept-language": "en-GB,en-US;q=0.9,en;q=0.8",
    "if-none-match": "W/\"15c-/HCVUwe8V1oK9iSJDMtFLabPBis\""
  },
  "query": {},
  "params": {}
}
[2025-04-11T19:30:24.467Z] [DEBUG] Checking authentication headers {
  "url": "/api/jobs",
  "headers": "Authorization header present"
}
[2025-04-11T19:30:24.469Z] [DEBUG] Token verified successfully {
  "userId": "67f922e34e81393cc5253968"
}
[2025-04-11T19:30:24.467Z] [DEBUG] Token extracted from header {
  "url": "/api/jobs"
}
[2025-04-11T19:30:24.514Z] [DEBUG] User attached to request {
  "userId": "67f922e34e81393cc5253968",
  "route": "/api/jobs"
}
[2025-04-11T19:30:24.560Z] [INFO] GET /api/jobs 304 - 94ms {
  "method": "GET",
  "url": "/api/jobs",
  "status": 304,
  "duration": 94,
  "ip": "::1",
  "userAgent": "Mozilla/5.0 (Macintosh; Intel Mac OS X 10_15_7) AppleWebKit/537.36 (KHTML, like Gecko) Chrome/134.0.0.0 Safari/537.36",
  "userId": "67f922e34e81393cc5253968"
}
[2025-04-11T19:39:24.451Z] [DEBUG] [testing] Incoming request: GET /api/jobs {
  "headers": {
    "host": "localhost:3000",
    "connection": "keep-alive",
    "sec-ch-ua-platform": "\"macOS\"",
    "authorization": "Bearer eyJhbGciOiJIUzI1NiIsInR5cCI6IkpXVCJ9.eyJ1c2VySWQiOiI2N2Y5MjJlMzRlODEzOTNjYzUyNTM5NjgiLCJpYXQiOjE3NDQzOTk2MjAsImV4cCI6MTc0Njk5MTYyMH0.XP80oY-bpNCawu_IQJgnysIGjvoUkJ1gP8xgfvu5fMI",
    "user-agent": "Mozilla/5.0 (Macintosh; Intel Mac OS X 10_15_7) AppleWebKit/537.36 (KHTML, like Gecko) Chrome/134.0.0.0 Safari/537.36",
    "sec-ch-ua": "\"Chromium\";v=\"134\", \"Not:A-Brand\";v=\"24\", \"Google Chrome\";v=\"134\"",
    "content-type": "application/json",
    "sec-ch-ua-mobile": "?0",
    "accept": "*/*",
    "origin": "http://localhost:5173",
    "sec-fetch-site": "same-site",
    "sec-fetch-mode": "cors",
    "sec-fetch-dest": "empty",
    "referer": "http://localhost:5173/",
    "accept-encoding": "gzip, deflate, br, zstd",
    "accept-language": "en-GB,en-US;q=0.9,en;q=0.8",
    "if-none-match": "W/\"15c-/HCVUwe8V1oK9iSJDMtFLabPBis\""
  },
  "query": {},
  "params": {}
}
[2025-04-11T19:39:24.451Z] [DEBUG] Checking authentication headers {
  "url": "/api/jobs",
  "headers": "Authorization header present"
}
[2025-04-11T19:39:24.451Z] [DEBUG] Token extracted from header {
  "url": "/api/jobs"
}
[2025-04-11T19:39:24.457Z] [DEBUG] Token verified successfully {
  "userId": "67f922e34e81393cc5253968"
}
[2025-04-11T19:39:24.507Z] [DEBUG] User attached to request {
  "userId": "67f922e34e81393cc5253968",
  "route": "/api/jobs"
}
[2025-04-11T19:39:24.553Z] [INFO] GET /api/jobs 304 - 104ms {
  "method": "GET",
  "url": "/api/jobs",
  "status": 304,
  "duration": 104,
  "ip": "::1",
  "userAgent": "Mozilla/5.0 (Macintosh; Intel Mac OS X 10_15_7) AppleWebKit/537.36 (KHTML, like Gecko) Chrome/134.0.0.0 Safari/537.36",
  "userId": "67f922e34e81393cc5253968"
}
[2025-04-11T19:39:24.553Z] [DEBUG] [testing] Incoming request: GET /api/jobs {
  "headers": {
    "host": "localhost:3000",
    "connection": "keep-alive",
    "sec-ch-ua-platform": "\"macOS\"",
    "authorization": "Bearer eyJhbGciOiJIUzI1NiIsInR5cCI6IkpXVCJ9.eyJ1c2VySWQiOiI2N2Y5MjJlMzRlODEzOTNjYzUyNTM5NjgiLCJpYXQiOjE3NDQzOTk2MjAsImV4cCI6MTc0Njk5MTYyMH0.XP80oY-bpNCawu_IQJgnysIGjvoUkJ1gP8xgfvu5fMI",
    "user-agent": "Mozilla/5.0 (Macintosh; Intel Mac OS X 10_15_7) AppleWebKit/537.36 (KHTML, like Gecko) Chrome/134.0.0.0 Safari/537.36",
    "sec-ch-ua": "\"Chromium\";v=\"134\", \"Not:A-Brand\";v=\"24\", \"Google Chrome\";v=\"134\"",
    "content-type": "application/json",
    "sec-ch-ua-mobile": "?0",
    "accept": "*/*",
    "origin": "http://localhost:5173",
    "sec-fetch-site": "same-site",
    "sec-fetch-mode": "cors",
    "sec-fetch-dest": "empty",
    "referer": "http://localhost:5173/",
    "accept-encoding": "gzip, deflate, br, zstd",
    "accept-language": "en-GB,en-US;q=0.9,en;q=0.8",
    "if-none-match": "W/\"15c-/HCVUwe8V1oK9iSJDMtFLabPBis\""
  },
  "query": {},
  "params": {}
}
[2025-04-11T19:39:24.553Z] [DEBUG] Checking authentication headers {
  "url": "/api/jobs",
  "headers": "Authorization header present"
}
[2025-04-11T19:39:24.554Z] [DEBUG] Token extracted from header {
  "url": "/api/jobs"
}
[2025-04-11T19:39:24.554Z] [DEBUG] Token verified successfully {
  "userId": "67f922e34e81393cc5253968"
}
[2025-04-11T19:39:24.598Z] [DEBUG] User attached to request {
  "userId": "67f922e34e81393cc5253968",
  "route": "/api/jobs"
}
[2025-04-11T19:39:24.652Z] [INFO] GET /api/jobs 304 - 98ms {
  "method": "GET",
  "url": "/api/jobs",
  "status": 304,
  "duration": 98,
  "ip": "::1",
  "userAgent": "Mozilla/5.0 (Macintosh; Intel Mac OS X 10_15_7) AppleWebKit/537.36 (KHTML, like Gecko) Chrome/134.0.0.0 Safari/537.36",
  "userId": "67f922e34e81393cc5253968"
}
[2025-04-11T19:39:32.736Z] [DEBUG] [testing] Incoming request: GET /api/jobs {
  "headers": {
    "host": "localhost:3000",
    "connection": "keep-alive",
    "sec-ch-ua-platform": "\"macOS\"",
    "authorization": "Bearer eyJhbGciOiJIUzI1NiIsInR5cCI6IkpXVCJ9.eyJ1c2VySWQiOiI2N2Y5MjJlMzRlODEzOTNjYzUyNTM5NjgiLCJpYXQiOjE3NDQzOTk2MjAsImV4cCI6MTc0Njk5MTYyMH0.XP80oY-bpNCawu_IQJgnysIGjvoUkJ1gP8xgfvu5fMI",
    "user-agent": "Mozilla/5.0 (Macintosh; Intel Mac OS X 10_15_7) AppleWebKit/537.36 (KHTML, like Gecko) Chrome/134.0.0.0 Safari/537.36",
    "sec-ch-ua": "\"Chromium\";v=\"134\", \"Not:A-Brand\";v=\"24\", \"Google Chrome\";v=\"134\"",
    "content-type": "application/json",
    "sec-ch-ua-mobile": "?0",
    "accept": "*/*",
    "origin": "http://localhost:5173",
    "sec-fetch-site": "same-site",
    "sec-fetch-mode": "cors",
    "sec-fetch-dest": "empty",
    "referer": "http://localhost:5173/",
    "accept-encoding": "gzip, deflate, br, zstd",
    "accept-language": "en-GB,en-US;q=0.9,en;q=0.8",
    "if-none-match": "W/\"15c-/HCVUwe8V1oK9iSJDMtFLabPBis\""
  },
  "query": {},
  "params": {}
}
[2025-04-11T19:39:32.736Z] [DEBUG] Checking authentication headers {
  "url": "/api/jobs",
  "headers": "Authorization header present"
}
[2025-04-11T19:39:32.736Z] [DEBUG] Token extracted from header {
  "url": "/api/jobs"
}
[2025-04-11T19:39:32.738Z] [DEBUG] Token verified successfully {
  "userId": "67f922e34e81393cc5253968"
}
[2025-04-11T19:39:32.784Z] [DEBUG] User attached to request {
  "userId": "67f922e34e81393cc5253968",
  "route": "/api/jobs"
}
[2025-04-11T19:39:32.829Z] [INFO] GET /api/jobs 304 - 94ms {
  "method": "GET",
  "url": "/api/jobs",
  "status": 304,
  "duration": 94,
  "ip": "::1",
  "userAgent": "Mozilla/5.0 (Macintosh; Intel Mac OS X 10_15_7) AppleWebKit/537.36 (KHTML, like Gecko) Chrome/134.0.0.0 Safari/537.36",
  "userId": "67f922e34e81393cc5253968"
}
[2025-04-11T19:39:32.830Z] [DEBUG] [testing] Incoming request: GET /api/jobs {
  "headers": {
    "host": "localhost:3000",
    "connection": "keep-alive",
    "sec-ch-ua-platform": "\"macOS\"",
    "authorization": "Bearer eyJhbGciOiJIUzI1NiIsInR5cCI6IkpXVCJ9.eyJ1c2VySWQiOiI2N2Y5MjJlMzRlODEzOTNjYzUyNTM5NjgiLCJpYXQiOjE3NDQzOTk2MjAsImV4cCI6MTc0Njk5MTYyMH0.XP80oY-bpNCawu_IQJgnysIGjvoUkJ1gP8xgfvu5fMI",
    "user-agent": "Mozilla/5.0 (Macintosh; Intel Mac OS X 10_15_7) AppleWebKit/537.36 (KHTML, like Gecko) Chrome/134.0.0.0 Safari/537.36",
    "sec-ch-ua": "\"Chromium\";v=\"134\", \"Not:A-Brand\";v=\"24\", \"Google Chrome\";v=\"134\"",
    "content-type": "application/json",
    "sec-ch-ua-mobile": "?0",
    "accept": "*/*",
    "origin": "http://localhost:5173",
    "sec-fetch-site": "same-site",
    "sec-fetch-mode": "cors",
    "sec-fetch-dest": "empty",
    "referer": "http://localhost:5173/",
    "accept-encoding": "gzip, deflate, br, zstd",
    "accept-language": "en-GB,en-US;q=0.9,en;q=0.8",
    "if-none-match": "W/\"15c-/HCVUwe8V1oK9iSJDMtFLabPBis\""
  },
  "query": {},
  "params": {}
}
[2025-04-11T19:39:32.830Z] [DEBUG] Checking authentication headers {
  "url": "/api/jobs",
  "headers": "Authorization header present"
}
[2025-04-11T19:39:32.830Z] [DEBUG] Token extracted from header {
  "url": "/api/jobs"
}
[2025-04-11T19:39:32.831Z] [DEBUG] Token verified successfully {
  "userId": "67f922e34e81393cc5253968"
}
[2025-04-11T19:39:32.877Z] [DEBUG] User attached to request {
  "userId": "67f922e34e81393cc5253968",
  "route": "/api/jobs"
}
[2025-04-11T19:39:32.924Z] [INFO] GET /api/jobs 304 - 94ms {
  "method": "GET",
  "url": "/api/jobs",
  "status": 304,
  "duration": 94,
  "ip": "::1",
  "userAgent": "Mozilla/5.0 (Macintosh; Intel Mac OS X 10_15_7) AppleWebKit/537.36 (KHTML, like Gecko) Chrome/134.0.0.0 Safari/537.36",
  "userId": "67f922e34e81393cc5253968"
}
[2025-04-11T19:39:51.571Z] [DEBUG] Token extracted from header {
  "url": "/api/jobs"
}
[2025-04-11T19:39:51.571Z] [DEBUG] Checking authentication headers {
  "url": "/api/jobs",
  "headers": "Authorization header present"
}
[2025-04-11T19:39:51.571Z] [DEBUG] [testing] Incoming request: GET /api/jobs {
  "headers": {
    "host": "localhost:3000",
    "connection": "keep-alive",
    "sec-ch-ua-platform": "\"macOS\"",
    "authorization": "Bearer eyJhbGciOiJIUzI1NiIsInR5cCI6IkpXVCJ9.eyJ1c2VySWQiOiI2N2Y5MjJlMzRlODEzOTNjYzUyNTM5NjgiLCJpYXQiOjE3NDQzOTk2MjAsImV4cCI6MTc0Njk5MTYyMH0.XP80oY-bpNCawu_IQJgnysIGjvoUkJ1gP8xgfvu5fMI",
    "user-agent": "Mozilla/5.0 (Macintosh; Intel Mac OS X 10_15_7) AppleWebKit/537.36 (KHTML, like Gecko) Chrome/134.0.0.0 Safari/537.36",
    "sec-ch-ua": "\"Chromium\";v=\"134\", \"Not:A-Brand\";v=\"24\", \"Google Chrome\";v=\"134\"",
    "content-type": "application/json",
    "sec-ch-ua-mobile": "?0",
    "accept": "*/*",
    "origin": "http://localhost:5173",
    "sec-fetch-site": "same-site",
    "sec-fetch-mode": "cors",
    "sec-fetch-dest": "empty",
    "referer": "http://localhost:5173/",
    "accept-encoding": "gzip, deflate, br, zstd",
    "accept-language": "en-GB,en-US;q=0.9,en;q=0.8",
    "if-none-match": "W/\"15c-/HCVUwe8V1oK9iSJDMtFLabPBis\""
  },
  "query": {},
  "params": {}
}
[2025-04-11T19:39:51.573Z] [DEBUG] Token verified successfully {
  "userId": "67f922e34e81393cc5253968"
}
[2025-04-11T19:39:51.628Z] [DEBUG] User attached to request {
  "userId": "67f922e34e81393cc5253968",
  "route": "/api/jobs"
}
[2025-04-11T19:39:51.674Z] [INFO] GET /api/jobs 304 - 104ms {
  "method": "GET",
  "url": "/api/jobs",
  "status": 304,
  "duration": 104,
  "ip": "::1",
  "userAgent": "Mozilla/5.0 (Macintosh; Intel Mac OS X 10_15_7) AppleWebKit/537.36 (KHTML, like Gecko) Chrome/134.0.0.0 Safari/537.36",
  "userId": "67f922e34e81393cc5253968"
}
[2025-04-11T19:39:51.675Z] [DEBUG] [testing] Incoming request: GET /api/jobs {
  "headers": {
    "host": "localhost:3000",
    "connection": "keep-alive",
    "sec-ch-ua-platform": "\"macOS\"",
    "authorization": "Bearer eyJhbGciOiJIUzI1NiIsInR5cCI6IkpXVCJ9.eyJ1c2VySWQiOiI2N2Y5MjJlMzRlODEzOTNjYzUyNTM5NjgiLCJpYXQiOjE3NDQzOTk2MjAsImV4cCI6MTc0Njk5MTYyMH0.XP80oY-bpNCawu_IQJgnysIGjvoUkJ1gP8xgfvu5fMI",
    "user-agent": "Mozilla/5.0 (Macintosh; Intel Mac OS X 10_15_7) AppleWebKit/537.36 (KHTML, like Gecko) Chrome/134.0.0.0 Safari/537.36",
    "sec-ch-ua": "\"Chromium\";v=\"134\", \"Not:A-Brand\";v=\"24\", \"Google Chrome\";v=\"134\"",
    "content-type": "application/json",
    "sec-ch-ua-mobile": "?0",
    "accept": "*/*",
    "origin": "http://localhost:5173",
    "sec-fetch-site": "same-site",
    "sec-fetch-mode": "cors",
    "sec-fetch-dest": "empty",
    "referer": "http://localhost:5173/",
    "accept-encoding": "gzip, deflate, br, zstd",
    "accept-language": "en-GB,en-US;q=0.9,en;q=0.8",
    "if-none-match": "W/\"15c-/HCVUwe8V1oK9iSJDMtFLabPBis\""
  },
  "query": {},
  "params": {}
}
[2025-04-11T19:39:51.675Z] [DEBUG] Checking authentication headers {
  "url": "/api/jobs",
  "headers": "Authorization header present"
}
[2025-04-11T19:39:51.676Z] [DEBUG] Token extracted from header {
  "url": "/api/jobs"
}
[2025-04-11T19:39:51.677Z] [DEBUG] Token verified successfully {
  "userId": "67f922e34e81393cc5253968"
}
[2025-04-11T19:39:51.728Z] [DEBUG] User attached to request {
  "userId": "67f922e34e81393cc5253968",
  "route": "/api/jobs"
}
[2025-04-11T19:39:51.772Z] [INFO] GET /api/jobs 304 - 97ms {
  "method": "GET",
  "url": "/api/jobs",
  "status": 304,
  "duration": 97,
  "ip": "::1",
  "userAgent": "Mozilla/5.0 (Macintosh; Intel Mac OS X 10_15_7) AppleWebKit/537.36 (KHTML, like Gecko) Chrome/134.0.0.0 Safari/537.36",
  "userId": "67f922e34e81393cc5253968"
}
[2025-04-11T21:03:08.195Z] [INFO] Server running on port 3000 {
  "port": "3000",
  "env": "development",
  "mongoUri": "Connected",
  "jwtSecret": "Set"
}
[2025-04-11T21:03:08.934Z] [INFO] MongoDB Connected {
  "uri": "cluster0.prvcdri.mongodb.net/job-tracker?retryWrites=true&w=majority&appName=Cluster0"
}
[2025-04-11T21:03:52.124Z] [DEBUG] [testing] Incoming request: POST /api/auth/login {
  "headers": {
    "host": "localhost:3000",
    "connection": "keep-alive",
    "content-length": "65",
    "sec-ch-ua-platform": "\"macOS\"",
    "user-agent": "Mozilla/5.0 (Macintosh; Intel Mac OS X 10_15_7) AppleWebKit/537.36 (KHTML, like Gecko) Chrome/134.0.0.0 Safari/537.36",
    "sec-ch-ua": "\"Chromium\";v=\"134\", \"Not:A-Brand\";v=\"24\", \"Google Chrome\";v=\"134\"",
    "content-type": "application/json",
    "sec-ch-ua-mobile": "?0",
    "accept": "*/*",
    "origin": "http://localhost:5173",
    "sec-fetch-site": "same-site",
    "sec-fetch-mode": "cors",
    "sec-fetch-dest": "empty",
    "referer": "http://localhost:5173/",
    "accept-encoding": "gzip, deflate, br, zstd",
    "accept-language": "en-US,en;q=0.9,hi;q=0.8"
  },
  "body": {
    "email": "bailwalsiddharth@gmail.com",
    "password": "siddharth1382"
  },
  "query": {},
  "params": {}
}
[2025-04-11T21:03:52.124Z] [DEBUG] [testing] Request body {
  "url": "/api/auth/login",
  "method": "POST",
  "body": {
    "email": "bailwalsiddharth@gmail.com",
    "password": "siddharth1382"
  }
}
[2025-04-11T21:03:52.124Z] [DEBUG] Login request received {
  "body": {
    "email": "bailwalsiddharth@gmail.com",
    "password": "[REDACTED]"
  }
}
[2025-04-11T21:03:52.270Z] [INFO] User logged in successfully {
  "userId": "67f922e34e81393cc5253968"
}
[2025-04-11T21:03:52.271Z] [INFO] POST /api/auth/login 200 - 159ms {
  "method": "POST",
  "url": "/api/auth/login",
  "status": 200,
  "duration": 159,
  "ip": "::1",
  "userAgent": "Mozilla/5.0 (Macintosh; Intel Mac OS X 10_15_7) AppleWebKit/537.36 (KHTML, like Gecko) Chrome/134.0.0.0 Safari/537.36"
}
[2025-04-11T21:03:52.320Z] [DEBUG] [testing] Incoming request: GET /api/jobs {
  "headers": {
    "host": "localhost:3000",
    "connection": "keep-alive",
    "sec-ch-ua-platform": "\"macOS\"",
    "authorization": "Bearer eyJhbGciOiJIUzI1NiIsInR5cCI6IkpXVCJ9.eyJ1c2VySWQiOiI2N2Y5MjJlMzRlODEzOTNjYzUyNTM5NjgiLCJpYXQiOjE3NDQ0MDU0MzIsImV4cCI6MTc0Njk5NzQzMn0.IY--GjRYU7pEeHwDAnzDQTPc_SHG2g_iyGUP5Lol2_4",
    "user-agent": "Mozilla/5.0 (Macintosh; Intel Mac OS X 10_15_7) AppleWebKit/537.36 (KHTML, like Gecko) Chrome/134.0.0.0 Safari/537.36",
    "sec-ch-ua": "\"Chromium\";v=\"134\", \"Not:A-Brand\";v=\"24\", \"Google Chrome\";v=\"134\"",
    "content-type": "application/json",
    "sec-ch-ua-mobile": "?0",
    "accept": "*/*",
    "origin": "http://localhost:5173",
    "sec-fetch-site": "same-site",
    "sec-fetch-mode": "cors",
    "sec-fetch-dest": "empty",
    "referer": "http://localhost:5173/",
    "accept-encoding": "gzip, deflate, br, zstd",
    "accept-language": "en-US,en;q=0.9,hi;q=0.8",
    "if-none-match": "W/\"10a-XM14C2059kPjBZBBRu3NyF2vbg8\""
  },
  "query": {},
  "params": {}
}
[2025-04-11T21:03:52.321Z] [DEBUG] Checking authentication headers {
  "url": "/api/jobs",
  "headers": "Authorization header present"
}
[2025-04-11T21:03:52.321Z] [DEBUG] Token extracted from header {
  "url": "/api/jobs"
}
[2025-04-11T21:03:52.325Z] [DEBUG] Token verified successfully {
  "userId": "67f922e34e81393cc5253968"
}
[2025-04-11T21:03:52.370Z] [DEBUG] User attached to request {
  "userId": "67f922e34e81393cc5253968",
  "route": "/api/jobs"
}
[2025-04-11T21:03:52.413Z] [INFO] GET /api/jobs 200 - 93ms {
  "method": "GET",
  "url": "/api/jobs",
  "status": 200,
  "duration": 93,
  "ip": "::1",
  "userAgent": "Mozilla/5.0 (Macintosh; Intel Mac OS X 10_15_7) AppleWebKit/537.36 (KHTML, like Gecko) Chrome/134.0.0.0 Safari/537.36",
  "userId": "67f922e34e81393cc5253968"
}
[2025-04-11T21:03:52.415Z] [DEBUG] Token verified successfully {
  "userId": "67f922e34e81393cc5253968"
}
[2025-04-11T21:03:52.414Z] [DEBUG] [testing] Incoming request: GET /api/jobs {
  "headers": {
    "host": "localhost:3000",
    "connection": "keep-alive",
    "sec-ch-ua-platform": "\"macOS\"",
    "authorization": "Bearer eyJhbGciOiJIUzI1NiIsInR5cCI6IkpXVCJ9.eyJ1c2VySWQiOiI2N2Y5MjJlMzRlODEzOTNjYzUyNTM5NjgiLCJpYXQiOjE3NDQ0MDU0MzIsImV4cCI6MTc0Njk5NzQzMn0.IY--GjRYU7pEeHwDAnzDQTPc_SHG2g_iyGUP5Lol2_4",
    "user-agent": "Mozilla/5.0 (Macintosh; Intel Mac OS X 10_15_7) AppleWebKit/537.36 (KHTML, like Gecko) Chrome/134.0.0.0 Safari/537.36",
    "sec-ch-ua": "\"Chromium\";v=\"134\", \"Not:A-Brand\";v=\"24\", \"Google Chrome\";v=\"134\"",
    "content-type": "application/json",
    "sec-ch-ua-mobile": "?0",
    "accept": "*/*",
    "origin": "http://localhost:5173",
    "sec-fetch-site": "same-site",
    "sec-fetch-mode": "cors",
    "sec-fetch-dest": "empty",
    "referer": "http://localhost:5173/",
    "accept-encoding": "gzip, deflate, br, zstd",
    "accept-language": "en-US,en;q=0.9,hi;q=0.8",
    "if-none-match": "W/\"15c-/HCVUwe8V1oK9iSJDMtFLabPBis\""
  },
  "query": {},
  "params": {}
}
[2025-04-11T21:03:52.414Z] [DEBUG] Token extracted from header {
  "url": "/api/jobs"
}
[2025-04-11T21:03:52.414Z] [DEBUG] Checking authentication headers {
  "url": "/api/jobs",
  "headers": "Authorization header present"
}
[2025-04-11T21:03:52.455Z] [DEBUG] User attached to request {
  "userId": "67f922e34e81393cc5253968",
  "route": "/api/jobs"
}
[2025-04-11T21:03:52.496Z] [INFO] GET /api/jobs 304 - 82ms {
  "method": "GET",
  "url": "/api/jobs",
  "status": 304,
  "duration": 82,
  "ip": "::1",
  "userAgent": "Mozilla/5.0 (Macintosh; Intel Mac OS X 10_15_7) AppleWebKit/537.36 (KHTML, like Gecko) Chrome/134.0.0.0 Safari/537.36",
  "userId": "67f922e34e81393cc5253968"
}
[2025-04-11T21:03:57.491Z] [DEBUG] [testing] Incoming request: DELETE /api/jobs/67f96dd075e0453dec95eff1 {
  "headers": {
    "host": "localhost:3000",
    "connection": "keep-alive",
    "sec-ch-ua-platform": "\"macOS\"",
    "authorization": "Bearer eyJhbGciOiJIUzI1NiIsInR5cCI6IkpXVCJ9.eyJ1c2VySWQiOiI2N2Y5MjJlMzRlODEzOTNjYzUyNTM5NjgiLCJpYXQiOjE3NDQ0MDU0MzIsImV4cCI6MTc0Njk5NzQzMn0.IY--GjRYU7pEeHwDAnzDQTPc_SHG2g_iyGUP5Lol2_4",
    "user-agent": "Mozilla/5.0 (Macintosh; Intel Mac OS X 10_15_7) AppleWebKit/537.36 (KHTML, like Gecko) Chrome/134.0.0.0 Safari/537.36",
    "sec-ch-ua": "\"Chromium\";v=\"134\", \"Not:A-Brand\";v=\"24\", \"Google Chrome\";v=\"134\"",
    "content-type": "application/json",
    "sec-ch-ua-mobile": "?0",
    "accept": "*/*",
    "origin": "http://localhost:5173",
    "sec-fetch-site": "same-site",
    "sec-fetch-mode": "cors",
    "sec-fetch-dest": "empty",
    "referer": "http://localhost:5173/",
    "accept-encoding": "gzip, deflate, br, zstd",
    "accept-language": "en-US,en;q=0.9,hi;q=0.8"
  },
  "query": {},
  "params": {}
}
[2025-04-11T21:03:57.491Z] [DEBUG] [testing] Request body {
  "url": "/api/jobs/67f96dd075e0453dec95eff1",
  "method": "DELETE"
}
[2025-04-11T21:03:57.492Z] [DEBUG] Checking authentication headers {
  "url": "/api/jobs/67f96dd075e0453dec95eff1",
  "headers": "Authorization header present"
}
[2025-04-11T21:03:57.492Z] [DEBUG] Token extracted from header {
  "url": "/api/jobs/67f96dd075e0453dec95eff1"
}
[2025-04-11T21:03:57.493Z] [DEBUG] Token verified successfully {
  "userId": "67f922e34e81393cc5253968"
}
[2025-04-11T21:03:57.536Z] [DEBUG] User attached to request {
  "userId": "67f922e34e81393cc5253968",
  "route": "/api/jobs/67f96dd075e0453dec95eff1"
}
[2025-04-11T21:03:57.626Z] [INFO] DELETE /api/jobs/67f96dd075e0453dec95eff1 200 - 135ms {
  "method": "DELETE",
  "url": "/api/jobs/67f96dd075e0453dec95eff1",
  "status": 200,
  "duration": 135,
  "ip": "::1",
  "userAgent": "Mozilla/5.0 (Macintosh; Intel Mac OS X 10_15_7) AppleWebKit/537.36 (KHTML, like Gecko) Chrome/134.0.0.0 Safari/537.36",
  "userId": "67f922e34e81393cc5253968"
}
[2025-04-11T21:04:03.285Z] [DEBUG] [testing] Incoming request: GET /api/jobs {
  "headers": {
    "host": "localhost:3000",
    "connection": "keep-alive",
    "sec-ch-ua-platform": "\"macOS\"",
    "authorization": "Bearer eyJhbGciOiJIUzI1NiIsInR5cCI6IkpXVCJ9.eyJ1c2VySWQiOiI2N2Y5MjJlMzRlODEzOTNjYzUyNTM5NjgiLCJpYXQiOjE3NDQ0MDU0MzIsImV4cCI6MTc0Njk5NzQzMn0.IY--GjRYU7pEeHwDAnzDQTPc_SHG2g_iyGUP5Lol2_4",
    "user-agent": "Mozilla/5.0 (Macintosh; Intel Mac OS X 10_15_7) AppleWebKit/537.36 (KHTML, like Gecko) Chrome/134.0.0.0 Safari/537.36",
    "sec-ch-ua": "\"Chromium\";v=\"134\", \"Not:A-Brand\";v=\"24\", \"Google Chrome\";v=\"134\"",
    "content-type": "application/json",
    "sec-ch-ua-mobile": "?0",
    "accept": "*/*",
    "origin": "http://localhost:5173",
    "sec-fetch-site": "same-site",
    "sec-fetch-mode": "cors",
    "sec-fetch-dest": "empty",
    "referer": "http://localhost:5173/",
    "accept-encoding": "gzip, deflate, br, zstd",
    "accept-language": "en-US,en;q=0.9,hi;q=0.8",
    "if-none-match": "W/\"15c-/HCVUwe8V1oK9iSJDMtFLabPBis\""
  },
  "query": {},
  "params": {}
}
[2025-04-11T21:04:03.285Z] [DEBUG] Checking authentication headers {
  "url": "/api/jobs",
  "headers": "Authorization header present"
}
[2025-04-11T21:04:03.285Z] [DEBUG] Token extracted from header {
  "url": "/api/jobs"
}
[2025-04-11T21:04:03.286Z] [DEBUG] Token verified successfully {
  "userId": "67f922e34e81393cc5253968"
}
[2025-04-11T21:04:03.327Z] [DEBUG] User attached to request {
  "userId": "67f922e34e81393cc5253968",
  "route": "/api/jobs"
}
[2025-04-11T21:04:03.370Z] [INFO] GET /api/jobs 200 - 86ms {
  "method": "GET",
  "url": "/api/jobs",
  "status": 200,
  "duration": 86,
  "ip": "::1",
  "userAgent": "Mozilla/5.0 (Macintosh; Intel Mac OS X 10_15_7) AppleWebKit/537.36 (KHTML, like Gecko) Chrome/134.0.0.0 Safari/537.36",
  "userId": "67f922e34e81393cc5253968"
}
[2025-04-11T21:04:03.371Z] [DEBUG] [testing] Incoming request: GET /api/jobs {
  "headers": {
    "host": "localhost:3000",
    "connection": "keep-alive",
    "sec-ch-ua-platform": "\"macOS\"",
    "authorization": "Bearer eyJhbGciOiJIUzI1NiIsInR5cCI6IkpXVCJ9.eyJ1c2VySWQiOiI2N2Y5MjJlMzRlODEzOTNjYzUyNTM5NjgiLCJpYXQiOjE3NDQ0MDU0MzIsImV4cCI6MTc0Njk5NzQzMn0.IY--GjRYU7pEeHwDAnzDQTPc_SHG2g_iyGUP5Lol2_4",
    "user-agent": "Mozilla/5.0 (Macintosh; Intel Mac OS X 10_15_7) AppleWebKit/537.36 (KHTML, like Gecko) Chrome/134.0.0.0 Safari/537.36",
    "sec-ch-ua": "\"Chromium\";v=\"134\", \"Not:A-Brand\";v=\"24\", \"Google Chrome\";v=\"134\"",
    "content-type": "application/json",
    "sec-ch-ua-mobile": "?0",
    "accept": "*/*",
    "origin": "http://localhost:5173",
    "sec-fetch-site": "same-site",
    "sec-fetch-mode": "cors",
    "sec-fetch-dest": "empty",
    "referer": "http://localhost:5173/",
    "accept-encoding": "gzip, deflate, br, zstd",
    "accept-language": "en-US,en;q=0.9,hi;q=0.8",
    "if-none-match": "W/\"2-l9Fw4VUO7kr8CvBlt4zaMCqXZ0w\""
  },
  "query": {},
  "params": {}
}
[2025-04-11T21:04:03.371Z] [DEBUG] Checking authentication headers {
  "url": "/api/jobs",
  "headers": "Authorization header present"
}
[2025-04-11T21:04:03.371Z] [DEBUG] Token extracted from header {
  "url": "/api/jobs"
}
[2025-04-11T21:04:03.373Z] [DEBUG] Token verified successfully {
  "userId": "67f922e34e81393cc5253968"
}
[2025-04-11T21:04:03.415Z] [DEBUG] User attached to request {
  "userId": "67f922e34e81393cc5253968",
  "route": "/api/jobs"
}
[2025-04-11T21:04:03.459Z] [INFO] GET /api/jobs 304 - 89ms {
  "method": "GET",
  "url": "/api/jobs",
  "status": 304,
  "duration": 89,
  "ip": "::1",
  "userAgent": "Mozilla/5.0 (Macintosh; Intel Mac OS X 10_15_7) AppleWebKit/537.36 (KHTML, like Gecko) Chrome/134.0.0.0 Safari/537.36",
  "userId": "67f922e34e81393cc5253968"
}
